T_in,C_A0,tau,V,T,C_A,C_B,C_C,success,residual_norm
319.6445208790289,1.7706244486240992,3.9853535052002216,1.1772967107811114,317.5542469918259,1.7703378409669157,0.0002866059114626028,1.7457210549334877e-09,True,4.7515383441743935e-17
323.2181164530422,1.2196097510593453,4.945597150745025,1.8733890582015702,319.88888103830516,1.2193165706191487,0.0002931777510759358,2.6891206455961348e-09,True,2.0083699843490413e-17
355.59743772734646,0.8318198456248418,3.0340730049394184,0.6876976027572484,352.7268870838326,0.8306275310127041,0.0011922368407130018,7.777142459676153e-08,True,1.8542909856062555e-17
338.34712269759837,1.9448708953546918,4.653891464502932,0.5900022948308399,335.93960837046103,1.9434573029817648,0.0014135494656253975,4.290730174850574e-08,True,2.251658015820949e-17
347.1889083042597,1.6359744730975583,6.52043092207002,1.1058394181405706,345.0887220627613,1.6328903679241138,0.0030838502856878024,2.548877565008893e-07,True,2.9554577329426396e-17
322.8048382451983,1.393858189612748,4.802573254939012,0.29381947127114055,319.7357434565726,1.3935365952223284,0.0003215915618658272,2.828553774848808e-09,True,8.408547535838447e-18
319.98443233005855,1.9035221445168593,5.391333197490682,1.143921527552238,317.2929935108869,1.9031137105293099,0.0004084306948177089,3.292731830201211e-09,True,2.385694678368277e-17
303.2769142101586,1.7581267804187029,5.913138094610231,0.10787111867391777,302.9580501585553,1.7579978191884016,0.00012896090541550354,3.248857577047684e-10,True,1.3646630814452945e-18
351.35348349283726,1.4942518161175862,6.1913261104718105,0.6264268436165953,351.63233967342603,1.490177857204089,0.004073455517692096,5.033958050829594e-07,True,1.481016550243124e-17
352.0974015698933,1.8346097180295098,2.921932726627373,1.0928146209034564,355.69854399077104,1.83156272947163,0.003046754918687803,2.3363919181281572e-07,True,9.187474613363112e-17
326.67125696162253,1.2340669287215769,5.695749337244995,0.2727469616831017,322.46143197212507,1.2336517624792285,0.0004151608320608823,5.410287435098813e-09,True,1.481505202251174e-17
302.2433548039721,1.8072780942570013,5.456531304052425,0.4736125867324454,302.13170454000846,1.807164099671028,0.00011399434036429113,2.456087183463932e-10,True,2.9590044763456824e-17
344.4063500899205,1.7079440990065562,1.6920002294938121,0.5030452145246619,343.8507491049852,1.707172929675644,0.0007711541823274061,1.5148584803301842e-08,True,5.4590361990357355e-17
346.98426151244996,0.9361340596573633,1.365737086553434,0.5480425261298357,345.57681986190875,0.935751833343648,0.00038221946474598464,6.848969415213527e-09,True,6.544299490263493e-17
330.1708216844892,1.8785725035216188,3.5096505075046807,0.5803255554522017,327.88901473881214,1.8779907584386557,0.0005817378860115026,7.196951593041726e-09,True,1.507160913951191e-17
339.1866319407642,1.737411561517543,4.4660869097337965,1.1987027507426797,336.4110551310027,1.7361595341166727,0.0012519896275218633,3.7773348449136635e-08,True,2.2924586249656326e-17
353.07938364330863,1.053025313044307,6.381963538317951,0.21808445638157897,347.74968487932665,1.0507152503837434,0.0023098374467082267,2.2521385558118493e-07,True,2.5067997227411385e-17
357.4029319385346,1.909106424205654,1.2623542431457773,1.8119671004701858,360.56092301649846,1.907262685524592,0.0018436546325968498,8.40484652841117e-08,True,1.8175163488963187e-16
330.7341281248447,1.7117352333941094,6.2211074196191465,1.3819904661640807,326.4290394241917,1.7108908283063557,0.0008443885799153927,1.650783802064671e-08,True,3.512347729096105e-17
333.64671372919344,1.7350374452554238,1.297964949038335,1.4161914676020602,332.7586286696094,1.7347557261886748,0.00028171718989680066,1.876852356904074e-09,True,1.146146055433666e-16
302.6595457585373,1.2111639808556898,4.570694101623509,1.3483997798003369,302.4040733315596,1.211098479019238,6.550171523050015e-05,1.21221359424194e-10,True,3.298930252667133e-17
306.8567745644193,0.9001995820899586,6.624619219743217,0.9393973917561995,305.55006809645874,0.9001075049335145,9.207682747651247e-05,3.2896750042823464e-10,True,1.530413260163366e-17
327.13107687448854,1.0202475915095615,3.3442462197771303,1.7590903163144727,324.3381762764187,1.0200156856755327,0.00023190377019892015,2.063829983044872e-09,True,4.368715977423614e-17
313.9127637477889,1.0639649400322737,5.942204985244699,1.5248747665180427,311.4519511540512,1.0638064212010283,0.00015851797491786473,8.563275248918975e-10,True,4.21110526167744e-18
319.82182838618587,1.8005201171464758,1.5468353250963511,1.730920035354724,318.9664809558364,1.8003939585786217,0.0001261582324530428,3.354010614793682e-10,True,4.9255386474199776e-17
323.84442498192067,1.0153132439243364,2.918876596244641,1.4479730429848008,321.6236308720904,1.0151488841608494,0.00016435873801651666,1.025470545960247e-09,True,2.1116621295521015e-17
303.3380721807569,1.4048389590413826,2.1788605592754164,1.8074684638128833,303.16867809980033,1.404800299807383,3.8659197413067125e-05,3.658661285206947e-11,True,4.615341323478158e-17
327.3248296094033,1.9773122148176197,1.6814197674005622,1.2312922492535434,326.2883737146087,1.9770511966707793,0.0002610167828992313,1.3639410003232085e-09,True,5.4550795048769864e-17
321.32831804062175,1.6645400613593782,2.69228888919715,0.7679797251885891,319.73255730760627,1.6643247980514388,0.00021526224682674548,1.0611123338874545e-09,True,8.514032043447473e-17
338.97916771652274,1.2426024036723022,6.491675346969168,1.4064560592772373,333.1021078615748,1.2415692515376724,0.0010331168007801646,3.53338496944364e-08,True,3.8980101581808504e-18
359.1779319406455,0.819364942171129,0.6995735175786578,0.6649486719230552,358.749505383338,0.8189716987859652,0.00039323455542218617,8.829741669602045e-09,True,1.247799811938358e-16
314.648378777206,1.206661252078186,3.0910227112712962,1.5352351774838306,313.21582456513596,1.2065535280412083,0.00010772368449098253,3.524868453210126e-10,True,2.3706565713647052e-17
328.28082881573516,1.1782070786252228,2.710543161931874,0.8897462255000503,326.02021723571914,1.1779612656287295,0.00024581096931897974,2.0271741575385897e-09,True,5.795061716770345e-17
340.31026683338325,0.8518037172022582,3.605155433862562,0.7145783767659556,336.24474582103306,0.8513138045460884,0.0004899008715997527,1.1784570040873158e-08,True,1.418296292048971e-17
345.71053021197883,1.3214932097347631,6.896671077506644,0.9850115629383935,340.14978122453783,1.3195960097305728,0.001897083631076259,1.1637311408260313e-07,True,7.916198513145224e-17
326.6312217707939,0.8655913551680479,3.3829342701895144,0.9860674954983042,323.738807526542,0.8654010125801554,0.00019034095476083446,1.633131699102932e-09,True,3.651400344290273e-17
332.79719501822,1.1989783855425844,1.5697285606471614,1.6069630439395242,331.36730659598624,1.1987650658575308,0.00021331813955731844,1.5454960709477713e-09,True,1.1059827060519024e-16
350.0143753243232,1.3741362309461231,7.350682513464283,0.5604003791302535,346.008078011845,1.3710358485339955,0.003100074211814511,3.0820031320598803e-07,True,1.4812208699423015e-17
343.1178451810809,1.942433595261945,2.826924465022763,0.05452568183848549,342.5498619993728,1.9410898050981762,0.0013437499774450515,4.018632380895909e-08,True,4.540181382827053e-17
304.74890295061215,0.8390516310864551,5.945425525642168,1.9955746365431581,303.94558366098374,0.8389843376039401,6.729329595271056e-05,1.8656223891486267e-10,True,7.867295423000433e-18
345.73365722214356,0.8508188402419722,3.4692727054046495,1.1364652128659993,341.7306047368482,0.8501350308984781,0.0006837856835788288,2.365991518345684e-08,True,2.840847595359876e-17
318.37488069818863,1.1028255825719806,2.5070884804560447,1.552770808097395,316.8734706968787,1.102719063373893,0.00010651881253784633,3.855496893372517e-10,True,1.6949623371348827e-17
313.9512980587999,0.8912030497743777,2.9327708068343625,0.07551340478735298,312.5679917589198,0.8911313668374459,7.16827264445666e-05,2.1048733228027063e-10,True,2.4431178240527053e-17
344.02218415018245,1.890442621344121,6.528702854099034,1.21459464611631,342.3019999322415,1.8874743593440888,0.0029680606202743976,2.0137975784574393e-07,True,8.076119451017597e-18
307.9045597513578,1.9577353354947329,0.9190658556778157,1.72693859666576,307.70791360330935,1.9577020912362229,3.3244238519273135e-05,1.999060500570329e-11,True,1.7460173223143019e-16
334.405064207773,1.1146950157936308,1.1801579671236655,1.5311933691262465,333.266648447381,1.1145244472790647,0.00017056744072325135,1.07384284446843e-09,True,3.0053064328439666e-17
326.2575448413518,1.76166755493115,5.719616789208438,1.6215834755996976,322.6464108645347,1.7610640824768882,0.0006034644379821999,8.016279606186238e-09,True,8.880796228001948e-18
339.4080123441696,1.9112501751836648,1.2570089133357136,0.05239828961261494,338.86867448106227,1.9107911390845875,0.00045903142530869,4.67376877906096e-09,True,1.609763605188727e-16
326.3644519032352,1.3580112694295756,4.931248147034495,0.22995646662334168,322.80910451869096,1.3576052474852536,0.00040601723273385964,4.711588266008524e-09,True,1.8325818466597977e-17
350.03972127424584,1.3043081375880006,4.544670444455534,0.3056595218621516,347.6069589701161,1.3022879818940905,0.002020016826806904,1.3886710304147933e-07,True,6.890465608394991e-17
321.19756334990745,0.8245974680273518,7.965764343910893,0.2569722742040064,316.28993547602255,0.8243557180125253,0.00024174736764358962,2.647182944155711e-09,True,3.534239332741052e-18
317.9960044869668,1.6864783501895269,3.8332114821759604,0.4999696603974549,316.08800674761784,1.6862441163114226,0.00023423266466075237,1.2134434334366553e-09,True,3.0277139470431714e-17
327.93737884496886,1.5607504984785399,1.8201810936224838,0.16349157417401378,326.5969201036126,1.560522363352285,0.00022813380391729346,1.3223377469639644e-09,True,4.647143029127261e-17
322.3939810261644,1.4754045663818594,6.590842839468091,1.4923788448829194,318.4876368717959,1.4749801152773119,0.0004244464835795072,4.620967936893202e-09,True,5.207201211052523e-18
326.84732049776636,1.5875576410384997,7.16214915100734,1.8638775756924444,322.1316197963132,1.586902565175093,0.0006550654120844679,1.0451322342952388e-08,True,1.0913066747107564e-17
309.1006753617571,1.7561615829787063,5.2976674419459995,0.5129271654048516,307.8674967142125,1.755987422667637,0.0001741596987823449,6.122868522208052e-10,True,4.230424274209254e-18
302.2106523679689,1.5044860946202991,7.644955408040057,0.7850790564021024,301.998858003465,1.5043546473254947,0.00013144690284124462,3.9196326043846337e-10,True,1.5077762089518563e-17
327.34341142770234,1.5600812731646698,3.6044183981450844,0.9050549997661107,324.77806088542866,1.5596863997154156,0.0003948695261827242,3.923071591094562e-09,True,1.674643198390185e-17
354.867879683586,0.8600529044184897,1.3284922321066532,1.8833818284799722,353.74158476777677,0.8594772470947547,0.0005756397170586415,1.7606676383585007e-08,True,3.179278447490431e-17
347.91251631913184,1.7454296471654507,1.58837017243605,1.567186131089361,347.9685588562191,1.7444615052407964,0.0009681180710862038,2.3853568059019506e-08,True,4.3403864059030233e-17
329.0509220623585,1.4351008641748195,6.334408344092505,0.6189150907178418,324.38941234296243,1.434480765441955,0.0006200882372451871,1.0495619619869751e-08,True,3.2414740870725595e-17
333.4636686247315,1.2947578887680584,3.217333602857612,0.9297136181185583,330.67496365184115,1.2943085718949165,0.0004493105467729435,6.326368825428419e-09,True,3.6626249902164503e-17
312.2170765351161,1.5612701343238173,4.68922416331519,0.31055648324356877,310.6148389678017,1.5610985721573882,0.00017156148645235144,6.799768026397926e-10,True,1.0526916439138277e-17
334.0576901987267,1.8263915407934654,1.8973615114770894,1.0892364830438919,332.8384495113173,1.8259556253126135,0.0004359112097768625,4.271074981741408e-09,True,7.164520731146016e-17
318.95364017806094,1.800198189505191,6.040312487644413,0.5180967644425656,316.0426472634322,1.7998056261242135,0.0003925601885969988,3.1923805509439064e-09,True,1.0154023102459292e-17
344.39913049875975,0.9935274006361614,6.641908137822239,1.923787898075709,337.4097798521442,0.9923872928052669,0.0011400527439995869,5.5086894841226194e-08,True,8.169099802383116e-18
307.40857534696516,1.1902334950297189,4.189876864700181,1.4843071508100012,306.495304583163,1.1901501710057485,8.332381898667206e-05,2.0498353180721475e-10,True,6.052022239608247e-17
311.34952494102566,1.5711593312388386,4.025416353615528,1.6574162247867976,310.0542736195416,1.5710177130489542,0.00014161773108962644,4.587947675865315e-10,True,1.9543548766578896e-17
304.5415031626196,1.2987603547433682,7.605391062621005,0.924313275456447,303.7422287584338,1.2986293870970724,0.0001309671903650197,4.5593065804134145e-10,True,9.14232462595373e-18
305.72040858638826,1.0068791896478906,1.2705513061480715,0.09053238587060289,305.4807468529402,1.006859549894545,1.9639739972016326e-05,1.3373775432654042e-11,True,1.9240418575546938e-16
333.62442007290844,1.4247461791166347,6.526159829910131,1.076015755134376,328.4125564775982,1.4238942200065272,0.0008519386926731171,2.041743445201685e-08,True,1.437574774166277e-17
318.4028485571175,1.0746148802537627,1.571537276259749,1.4028842838736961,317.42714417731435,1.074546954647983,6.792544435508286e-05,1.6142446123648495e-10,True,4.730839226351484e-17
340.21467073365,1.7699440926356185,4.698805306814941,1.5135290219104132,337.5301559737664,1.7684948136981855,0.001449228954714329,4.998271856089522e-08,True,1.6261342339241706e-17
301.93534860118945,0.855852995275954,1.5840840188754344,0.8915371278831318,301.8589109660417,0.8558376849784203,1.5310288195392207e-05,9.338308474690115e-12,True,5.4692179350449456e-17
312.46167303960925,0.94540763582868,6.981679096987489,0.9674519673866104,309.90682145719904,0.9452616103401383,0.00014602467857897456,8.099626158208916e-10,True,1.6025357030812444e-17
303.40302879022454,1.360538965063776,1.7129890204301323,1.1728537305205575,303.26029026527704,1.360509299772763,2.9665268754930408e-05,2.225801124795739e-11,True,3.6178793077886236e-17
318.76734164741464,1.281884737754327,3.3756627670942243,1.7476684370144682,316.8327798261296,1.2817185615203175,0.00016617542690775328,8.071016200477904e-10,True,3.8833455181120936e-17
325.34610403742363,1.3688557123726697,3.674669742906746,1.6486006531686477,322.7132802981375,1.3685528984496638,0.0003028113246837062,2.598322077622471e-09,True,3.3537660009573105e-17
350.2772518413992,0.9992164479016364,6.325497789559787,0.050914106697096874,343.95088505556316,0.9975206922936483,0.001695630192191979,1.2541579636447623e-07,True,2.6268651748174415e-17
322.5843475179074,1.8292819540644067,1.3001349323429565,1.7307353008200046,321.79997695993075,1.8291482721718755,0.0001336815156501265,3.7688137726121434e-10,True,1.8532632481321272e-16
320.92819848209285,1.2551619803209744,1.3609595857499397,1.5923386606523395,320.01565561144673,1.2550781269341291,8.385317297345282e-05,2.1387181686182123e-10,True,2.8677319381101365e-17
322.06870098777057,1.5797710277943864,2.4238350371175468,0.22061028934591648,320.55093535835545,1.5795752491100128,0.00019577775511746124,9.292563084498282e-10,True,7.671559974767778e-17
314.08472153219986,1.0368803021133952,3.6987696169610613,1.5036602642630104,312.4134566329011,1.0367764141981095,0.00010388753564965093,3.796360318280865e-10,True,1.0758467713211826e-17
343.5413752752862,0.8259521065645996,1.7547072410852498,1.882292989142258,341.48087521037144,0.8256217915647345,0.00033030932239180123,5.677473325667178e-09,True,1.2384760975785555e-17
337.4468427342992,1.8334325566796839,6.1530641964596455,1.0570636995813494,333.5766520644166,1.8319385942611004,0.0014939122169916933,5.020159178635142e-08,True,3.069651243900516e-18
336.6333272448334,1.9708406533810554,4.285593669632323,0.4547741522884084,334.2833315444451,1.9696650560805602,0.0011755682781215764,2.9022373679700427e-08,True,3.996073626505763e-17
320.8927161596446,1.1798742240079183,6.692105970878438,0.5322039408078476,316.94109503854406,1.1795684746355555,0.00030574640158154067,2.9707812451262844e-09,True,1.1528208447443162e-17
330.8212774507325,1.3718248383851206,1.4115417004430566,1.3456257042893598,329.6512959444184,1.3716307210060301,0.00019411627111681564,1.1079736547213333e-09,True,9.64095119795563e-18
348.7689401386949,1.5116255440052646,7.238049246265226,1.629188409783319,345.83002651476573,1.5083058542759729,0.0033193688294619363,3.2089982966693806e-07,True,2.211633333449599e-17
334.83247281053036,0.9496053473820303,7.55570559940999,1.7757817234709976,327.7426195268049,0.9489791926614883,0.0006261382343121675,1.6486229886246162e-08,True,1.4700802001512706e-17
337.35763042845565,1.0268597865283238,6.3709073152900215,0.6596207509090822,331.1336618464575,1.0261309225548543,0.0007288429228555002,2.1050614034401413e-08,True,9.83830749932237e-18
334.18823484000063,1.528525561453958,5.159969243285278,1.500504693324803,330.1858337929433,1.527704275468443,0.000821268126273259,1.785924184847422e-08,True,2.3374310331716777e-17
344.5634920097761,1.4566818563898623,1.5088536297955035,0.9753124958174059,343.6976700721538,1.456101209004381,0.0005806373243651347,1.0061116163966233e-08,True,4.5222482441148475e-17
320.7339614521712,1.8112326232417937,1.9530467649114214,0.3593281175328525,319.62951346660196,1.8110640327138983,0.00016858993013211024,5.97763253451597e-10,True,4.315801567962224e-17
318.5200593068432,0.852048319990277,1.11679022890534,0.27370601722322035,317.7775009175938,0.8520089928470549,3.9327074834791994e-05,6.838734889567593e-11,True,5.670019850616432e-17
333.5978716093626,1.0364003581078103,2.4508357881597336,0.2341774187398868,331.21041193087535,1.0361156885970046,0.0002846663292561103,3.1815496093933186e-09,True,3.448962326206959e-17
341.5581911854603,1.5412411866404414,6.209927501241989,0.6959434617622732,337.07167901862056,1.5396254160902458,0.0016156993621060584,7.118808976951466e-08,True,4.1865445000322986e-17
337.75713956249666,1.7844892928237233,4.214504489431968,0.4199080851523649,335.1248533342661,1.7833792217067816,0.0011100424073181962,2.8709623286724457e-08,True,3.4154855885471886e-17
319.26687461921347,1.2019855349158022,4.877486425414679,1.2511664223539407,316.4740617747316,1.2017666144878925,0.00021891893717550148,1.4907343855608116e-09,True,3.5409606779301116e-17
331.94788149644705,0.8680794072756562,5.586903617948432,1.5619978842521003,326.7113114971956,0.8676867788388534,0.000392621388195542,7.048607345443564e-09,True,2.228272046830299e-18
318.29885536119696,1.6824796144585434,5.45768051142457,1.3130981295405821,315.64629910806065,1.6821582413460248,0.0003213708288364149,2.2836821616035635e-09,True,2.094301578405215e-17
358.2060375843204,0.940464807912538,3.1148996217511327,1.9745188416280324,356.6372497623277,0.9387009027294613,0.0017637517293979212,1.534536787907557e-07,True,4.8747916038867926e-17
308.9775015264139,1.7021981876039227,1.200637029679178,1.7031904923010253,308.66057021696093,1.7021573470446307,4.084052438262464e-05,3.490941293491316e-11,True,5.101102245343898e-17
319.56297737800475,1.4775379148030234,1.4731634472701622,0.5763745230309352,318.68274683005626,1.477441445577012,9.646898742982055e-05,2.385815350852316e-10,True,8.152566202697903e-17
328.11458482497363,1.4281160381210876,1.9125494880377534,0.06910249665611491,326.6326725765864,1.4278961231445504,0.00021991363337502717,1.3431622309485319e-09,True,4.624644665291639e-17
357.71890999370015,0.942953476412029,4.587394123621049,0.7286753052876117,354.8129690241073,0.9406278615826953,0.002325350932052357,2.638972813245483e-07,True,1.4630881277822405e-17
359.385808434298,1.120730748861431,2.6022706974854395,0.8942307034012278,360.1675418499422,1.118553883003603,0.0021766664524686605,1.9940535949985557e-07,True,2.235507662036826e-16
352.6803994564089,1.0354165757430167,6.378039797629147,0.61833633457763,347.0603118454732,1.0332454698143498,0.002170904323668765,2.0160499795090169e-07,True,2.64666779565671e-17
321.00843965568384,0.9401200896221644,4.453376917111887,0.3022386136336979,318.06225993029375,0.9399432279687551,0.0001768603975691329,1.2558402615485838e-09,True,1.9240785481815776e-17
310.39761564947605,1.835946362156051,3.1293048111355466,0.6608019420075555,309.5123041466915,1.835823269998775,0.00012309186166758288,2.956083385644903e-10,True,1.3252440530173298e-17
341.31144193572635,1.1769556049811853,5.028413427206455,1.0474823229172194,336.57115847552365,1.1759901482910393,0.0009654235024696805,3.3187676306159213e-08,True,8.138257280221958e-18
356.9118243378114,1.1047129485893212,1.7760292343789774,1.8632939234076438,356.6469094438554,1.103529917854347,0.0011829720133482414,5.872162597055266e-08,True,3.819638652535155e-17
312.6392788033145,1.4994326399823372,1.4388146683122747,1.1821533646356674,312.0696084177917,1.4993757857167027,5.6854187180127675e-05,7.8454512069326e-11,True,9.800915303608742e-17
349.40855084133756,1.5725736912398274,2.880744994547224,0.7372788334865692,349.1931017105685,1.5708629389490802,0.001710669077131721,8.321361526416869e-08,True,2.0725105589799303e-16
315.7269513388696,1.3082735143392705,2.7055314194450353,0.2166930561506602,314.3951560892439,1.3081612501813684,0.00011226380225981927,3.5564215587913175e-10,True,5.087394184096868e-17
321.3713716360964,1.1449495950076236,2.9390983566638744,0.10946671949100562,319.39769545001525,1.1447920453682527,0.00015754881464208857,8.24728664723216e-10,True,3.943125547363731e-17
311.36526588623036,1.9232454388453104,3.760197357006762,0.38052263859863095,310.23864122881446,1.9230810610132605,0.00016437732651501154,5.055347826791014e-10,True,3.4905500662629903e-17
303.5295944977052,1.7204800518356944,2.664213873270639,0.3146557014644757,303.3426915200463,1.7204212977859503,5.8753980661979e-05,6.908205014262906e-11,True,2.922149579793724e-17
339.17011716706963,1.870753657310266,1.8298198521323175,0.09885270441282434,338.2916436595876,1.8701248995617799,0.000628748816122052,8.932364139149696e-09,True,3.374117832581812e-17
320.15888864166186,1.8822877554255464,0.9216646748987462,0.9566375536106255,319.64844935718384,1.882204950557269,8.280472950894329e-05,1.3876844694195143e-10,True,1.283782541426106e-16
347.15372213260395,1.89130292297331,2.8299632928911,0.17621233727406155,347.67580559189435,1.8894696363927337,0.0018332077277094893,7.88528668281033e-08,True,2.7588898563984347e-16
337.7228690395285,1.6546510953707232,5.399615967752348,0.7256094537348358,333.89079052758086,1.6534414291772777,0.0012096296651453679,3.652830016452206e-08,True,1.6836223027828852e-17
320.3776065488827,1.1106540322555687,7.352603927047747,0.28725294809282065,316.1557074841603,1.1103566121180988,0.00029741716516287097,2.9723070600188686e-09,True,2.481724407607631e-18
338.9845579021729,1.7622756153960317,5.560780837377085,0.2991414858624354,335.4871411650711,1.7607926001701137,0.001482963227488239,5.199842980166681e-08,True,1.0393999642226555e-17
337.33224316609676,1.8369436445461655,3.4149731808875607,1.0690641125219085,335.30812944356165,1.836005737536956,0.0009378870821545152,1.992705477067482e-08,True,5.955881816496982e-17
317.3602173399463,1.1793776122287887,3.4979023256727957,0.4556062909181879,315.4624287668235,1.179235289924319,0.00014232166628277984,6.38186694741348e-10,True,5.2040192823221753e-17
327.4371680822286,1.8066207017546982,6.581518568210395,1.16924796796563,323.2822869023764,1.8058738610547314,0.0007468286830604051,1.2016906321969918e-08,True,2.7649900873924975e-17
310.3448933965441,1.299426488389071,2.556326682664524,1.9290520625670216,309.5167892514973,1.2993552925059495,7.119574339415315e-05,1.397272290577795e-10,True,3.172887682808286e-17
346.1563814669554,1.5004371585511376,4.982388377277564,0.3306486460147866,343.4326598875758,1.498498307137723,0.0019387425599332792,1.088534814508461e-07,True,3.2774236262760715e-17
330.4141588133937,1.4402039209830395,4.983533887067463,1.812479361515697,326.5736957691132,1.4396286716313533,0.0005752402393733549,9.11231298211984e-09,True,3.267276855888941e-17
316.57831769330886,1.9647025330183776,5.210391029038093,1.380785567344689,314.3986364906446,1.96437778826296,0.0003247427736189632,1.9817983737377023e-09,True,4.086313463378239e-17
341.3870170189973,0.8833319186978595,3.7430927424524008,1.7588122294868813,337.2015049919999,0.8827684967441998,0.000563406846265695,1.5107394032059794e-08,True,1.1628071101943017e-17
343.97266783230134,1.4953841890258954,1.9591538587917565,0.8398510887323632,342.84207803894276,1.4946530012302095,0.0007311723206327602,1.5475053309826304e-08,True,7.248462136098881e-17
316.37034854982824,1.6444925489642164,3.607869961207797,1.1800218855361129,314.69871980210524,1.6442998068056383,0.00019274132304145607,8.355367277529583e-10,True,1.8142246628446417e-17
319.1018089551226,1.9621651504237851,0.8503743142529157,1.2841286159828658,318.6590665080746,1.9620913319298199,7.381838878829528e-05,1.0517686245388805e-10,True,1.2810866180463668e-16
345.9100236608294,0.9649874355835982,7.459737550710259,1.286690940870644,337.91679483820184,0.963699968860262,0.0012873941919847216,7.253135152289241e-08,True,7.312670106405704e-18
303.701653246549,1.374947667103854,2.5770562335439076,0.5151797438368537,303.4676889777762,1.374901764225349,4.590282569843575e-05,5.2806483371066614e-11,True,8.785989129324976e-17
301.57616793980674,1.7191900707472805,4.49018134885374,1.4075586652366328,301.565913916461,1.719105064330355,8.500627388709148e-05,1.4303826532285565e-10,True,4.2737811101426626e-17
304.21384929855157,1.624160609123377,2.849981713859268,1.5155692856307095,303.9370251488604,1.6240982103566073,6.239868390913304e-05,8.286053739539619e-11,True,2.8198647209626166e-17
345.205939330686,1.2545464920907723,1.2025454851311437,1.1396467674887223,344.31358875349366,1.2541313563568715,0.0004151297441242965,5.989776427581053e-09,True,1.0037257340711197e-16
317.17044988252746,1.1412954269747264,1.0702416803200898,1.020631547634633,316.5465094895761,1.141249550710474,4.5876195286549565e-05,6.89659124943988e-11,True,1.25150359065806e-16
314.3253517299401,1.803023964520189,3.446117240493972,1.5023248334338366,312.96504091447804,1.80284806427031,0.00017589962186442454,6.280145799409151e-10,True,4.086340272813827e-17
341.8450003292413,1.4494614028554749,1.2171903255628393,0.40552338447581426,341.0119347955768,1.4490717142769995,0.0003896840871364596,4.491338726411893e-09,True,1.1306027664045048e-16
323.1244531374494,1.7394041201032733,3.2450361495762627,1.6610477672534742,321.14806894264734,1.7391021515665925,0.0003019665217622875,2.014918523040985e-09,True,3.02064490810289e-17
320.1804416604185,1.1634353695991224,3.0930157946236,0.5738448674729972,318.2226853836141,1.1632814509575298,0.0001539178723185011,7.692742454361844e-10,True,3.696885749144923e-17
312.8888907657972,1.0692791760852058,4.432688245831951,1.2285653209910987,311.11102307525135,1.069163555445104,0.00011562018777844646,4.5232340323606595e-10,True,4.766951116104702e-18
323.41926058545596,1.0030509190634773,3.399878253819215,0.7246289665107755,320.89795555622146,1.002871905714516,0.0001790121227916837,1.2261697640743179e-09,True,8.215269599846869e-18
300.4064938874267,1.7461146967214753,1.9930656982931207,1.496987453243764,300.48747008396487,1.7460797776851034,3.491901277787889e-05,2.3594116243095804e-11,True,1.4622593800141787e-16
338.16521137063046,1.6712796513631574,6.772377590725442,0.6952975521522132,333.3736146583525,1.6698020942984912,0.001477503250763082,5.3813903067822206e-08,True,3.431951763104371e-17
320.1275620445325,1.14325674987815,3.319988749687651,0.9492654909276244,318.035302110513,1.143096736117151,0.00016001291585373957,8.451455911045998e-10,True,4.946889211596592e-17
307.78645425201273,1.6627881570843486,4.556496611106117,0.1430178373271006,306.8610168891012,1.6626576591106772,0.0001304976129263889,3.6074508378552934e-10,True,2.255405709559379e-17
345.5465677438229,1.032704936654656,1.3978680471759202,1.939323779574784,344.20238906142504,1.0323106279890797,0.00039430210428037955,6.561295878626066e-09,True,5.191424134089222e-17
346.68293310657714,1.8710804225395525,1.406024199372792,1.2255919889559639,346.78504005758083,1.8702294565449145,0.0008509489060358716,1.708860212070452e-08,True,6.939023061832468e-17
330.69316146122907,1.7693129443409434,1.8129814209850594,1.0003008168094567,329.44702922470844,1.7689960842861767,0.00031685776835701466,2.2864094691487452e-09,True,1.3252454968180916e-16
331.7140727588598,1.5082368232195476,7.694657946804926,1.9567263332457452,325.9934021868366,1.5073456481981673,0.0008911542027051107,2.0818675053446295e-08,True,1.1728603852983964e-17
327.0400483992547,1.0457196475959518,0.5585119678989666,0.13099496008960082,326.54724640874707,1.0456729112824552,4.673623069837384e-05,8.27982617346409e-11,True,9.134240822910183e-17
346.85865666662306,1.8607192083849244,4.8999558280475,0.5723053680542749,347.4714584026182,1.8576394268634757,0.003079555411285294,2.26110163551551e-07,True,1.2359470710599804e-16
315.36730919470097,1.9398626830150483,5.048949045571236,1.4455765139726513,313.3833536833964,1.9395760232832506,0.00028665817749444586,1.5543029859296026e-09,True,4.457377445820622e-17
357.2049607375685,1.094983657345222,4.50178864781222,0.9906169520807976,356.24700566659794,1.0920881966215201,0.002895105980529628,3.5474317223268003e-07,True,2.1162837203556526e-17
345.79529805766236,1.1510698629077933,4.627727337963943,1.0662557976640648,341.58649901638086,1.149847992265973,0.0012218148315895937,5.581023082055835e-08,True,1.7510027166575515e-17
336.92515364101166,0.8181637020823346,1.2783664019774763,1.5584554008605154,335.4723177072688,0.8180054804047142,0.00015822040364721704,1.2739732275176645e-09,True,6.469176149285736e-17
311.59517255876744,1.7662710030611326,3.244611396089791,0.46478169566256095,310.54893379027493,1.7661374181030487,0.00013358459383853356,3.6424541566585434e-10,True,1.4372204838284643e-17
323.714335061335,1.4273754042422344,7.393020063937147,0.09174051432890579,319.1460817119797,1.4268908881051368,0.0004845098885287423,6.248568945230149e-09,True,4.442021381571978e-18
350.1112322748283,1.4342094970765653,1.6525132456276626,0.8685615116399636,349.75768224240335,1.4332811378602675,0.0009283322838993842,2.6932398509857007e-08,True,3.3447086382414846e-17
323.42370723113766,1.3160389784123123,6.555531025409427,0.20197963342578018,319.23718470615074,1.3156400668048813,0.00039890701116416426,4.596266883877632e-09,True,1.1063721395272188e-17
314.94875658532527,0.8451592423370742,4.05586769468359,1.569079022871678,312.95780467399453,0.8450622586004497,9.698332935161459e-05,4.0727287968932377e-10,True,1.244149600103178e-17
302.569745358714,1.774226811002853,6.889910393121454,1.6243261465604861,302.3595261369052,1.7740827239135533,0.00014408668898639,4.003135350763512e-10,True,3.378869970629891e-17
300.0979399463174,1.7003835683626782,3.9468848334712376,0.27225740521795305,300.2834477709997,1.7003174101557714,6.615812005287495e-05,8.685401709060929e-11,True,2.5405623422336145e-17
340.85089764315177,1.5253935648794972,5.809218575127428,1.034716875686326,336.54555612702774,1.523950721029888,0.0014427866594430138,5.7190166144391785e-08,True,1.723232839070129e-17
302.277767992635,0.8282461982488041,2.619848678872934,1.9754961766783534,302.12001569942674,0.8282211395965732,2.5058626336305747e-05,2.5894591611619676e-11,True,5.526464117112541e-18
321.55585958916953,1.3454791713724865,6.299014685557054,1.142379203738505,317.81687166259064,1.3451279051160818,0.0003512627998556006,3.456549077427181e-09,True,2.275329281508408e-18
308.25996678584653,1.7103551718516006,3.7203430885906474,1.6834491985093674,307.4387767113978,1.7102401967458973,0.00011497483246217965,2.732410477036369e-10,True,6.974038566316116e-18
339.68983665288374,1.409804199197397,4.221667264597473,0.5729696374369048,336.26598264412837,1.4088533918589394,0.0009507805138981836,2.6824559472996084e-08,True,3.2927078276087524e-18
337.0643883772495,1.380863518517514,5.824349128641462,0.7959903812133708,332.16652889179517,1.3798991984835618,0.000964292477560884,2.755639110615604e-08,True,3.488267050910427e-17
352.17515034293945,1.3186080546397796,3.4407918541058526,1.0924516356309488,351.29311061314513,1.3166501153888068,0.0019578078647851014,1.3138618771307762e-07,True,1.5949457151994848e-17
333.9933852851589,1.7068278461529645,1.5348785767753825,1.362050499756594,332.92633815193983,1.7064962310056886,0.0003316125012494973,2.646026324841411e-09,True,4.0192112804728766e-17
314.3057688391681,1.289539818395377,5.1698815649499865,1.356410166508435,312.14380264756403,1.2893630967802165,0.00017672073329205444,8.818684067241999e-10,True,6.540223145464152e-18
312.58162353612937,0.8627962960872716,6.339529195062971,0.5452796657166139,310.15854261047673,0.8626727833563418,0.00012351209498241938,6.359473657088873e-10,True,1.2409204421187691e-17
348.57778741064874,0.8049519402853488,4.081895902728153,1.4139800121672201,343.7354450914227,0.8040823355401535,0.0008695638731207548,4.087207446637034e-08,True,1.8533140751390777e-17
331.28819609234466,0.9312602258667642,4.43998814651772,1.7147453098514274,327.15876769042575,0.9309143238560879,0.00034589689863895676,5.112037337770902e-09,True,1.5108164632528774e-17
326.90761761827144,1.2159349026055581,1.2380676565296618,0.3555939304978361,325.8910981678056,1.215820112381577,0.00011478979598735208,4.279937499485784e-10,True,5.276763243040397e-17
321.17491473032493,1.042032482527639,5.3863638564242535,0.49745777410468334,317.74877820693314,1.0418010676591425,0.00023141293227225572,1.9362244203790233e-09,True,2.75618579408838e-17
358.4403070093276,1.4258553855685445,1.1354671016354496,0.9149430405734115,359.5866976815565,1.4246872627266054,0.0011680778805642407,4.496137510078355e-08,True,1.9504553971551662e-16
325.1840157295552,1.4561597064324547,3.0469591107619367,1.185930883039037,323.0373804519629,1.4558860246502114,0.0002736797833950298,1.9988483465131515e-09,True,2.6769251330650918e-17
342.5736472873127,1.3699687566427678,5.574925413074751,1.5376247888739851,338.0487380796011,1.3685899453611134,0.00137875266249583,5.861915868488965e-08,True,2.4912332138159138e-17
341.17961931704366,1.7783338048969672,2.9431870416978727,0.5812397406968057,339.7542849957811,1.7772721467210855,0.0010616311733386585,2.700254318797868e-08,True,4.3049277023237724e-17
326.46522839227083,1.150273138731548,7.292774951357205,0.1217640101437815,321.19621291016233,1.149822814288329,0.00045031766372029643,6.779498584796969e-09,True,1.589826372985107e-17
303.0974794731651,1.6339425125354177,5.815767261432676,0.8064875864413126,302.7895827519328,1.6338263141503635,0.00011619810155909864,2.834949576044773e-10,True,1.932168003737857e-17
328.98985414596837,1.2720032902096285,0.9899899809881667,1.4429392231287665,328.15392592069685,1.2718899940183863,0.00011329578759273969,4.036496015747821e-10,True,1.2066226675655915e-16
300.9801383083614,1.5165661444663465,4.737182725061204,0.4862167535701598,301.0315854064253,1.5164905899586636,7.555438004055185e-05,1.2764240287844525e-10,True,8.293322301365022e-18
323.1823923939975,1.6945855198347552,7.313445519925347,0.45542242832552443,319.006205473549,1.694022567127279,0.0005629456080906734,7.099385454939383e-09,True,9.545301681814974e-18
323.03898960607256,1.1521621729564437,1.341763112016993,0.36026864631967076,322.0392873823525,1.1520736956184148,8.847707554945488e-05,2.6247945754627375e-10,True,4.2934709347709004e-17
345.66327509646317,0.9863927357824342,4.8110107155632855,1.2477996676492036,340.6045271672511,0.9853736822491772,0.0010190084626872018,4.507056984072142e-08,True,1.9122799071709205e-19
312.72252223004193,0.8118985341973753,0.7509730746669114,1.6778901984539416,312.36822895722355,0.8118820766028754,1.645758233687174e-05,1.216304887989463e-11,True,8.449579719574831e-17
346.4520766699988,0.8273289516945601,0.5756855759132115,1.9359314904330425,345.7940334536787,0.8271844901235971,0.00014446046299746807,1.107965504352508e-09,True,1.2679685302673479e-16
309.7848315552563,1.617206633169603,4.101451819030249,1.3126155210162744,308.6752689416901,1.6170739329758865,0.0001326998057344867,3.879819487704665e-10,True,1.889230597839788e-17
349.5397506024412,1.6396815885774758,3.288699424832385,0.9473848250702657,349.78010253189666,1.6375676838384783,0.0021137825080356763,1.2223096171050936e-07,True,4.424034833137243e-17
327.4581185607382,1.66804413743133,7.234012481899898,1.1805563219611641,322.73505491859976,1.667316687424619,0.0007274376971635751,1.2309547346988496e-08,True,2.4193850540314034e-18
310.17701251687265,1.9864153801481836,3.729553895595445,0.8922702977046154,309.20194420526775,1.9862606290983449,0.00015475061884535283,4.309933601175394e-10,True,1.99250418253559e-17
310.24533010190873,1.3940486537064758,1.9090523682624065,0.47606393733354785,309.63276247390974,1.3939910703156246,5.7583305590275145e-05,8.526090777395876e-11,True,1.3802088000313435e-17
343.7051656717896,1.395307545609339,3.7905425996749345,1.289829543017883,340.9393960010851,1.3941456678845947,0.001161836241799692,4.1482944622082705e-08,True,3.694677995625834e-17
350.7979076980639,1.4924384106836488,3.1378360686516973,1.097931236666718,350.62721674397636,1.4905007536560548,0.0019375437262573712,1.133013367089761e-07,True,9.152141163638016e-17
310.3780027504568,1.0779182410531676,4.800640999087231,0.6447349589385218,308.86112177218644,1.077813125796594,0.000105114890898536,3.656749713582457e-10,True,3.064664649042394e-17
351.00041550732584,1.5718491421278578,1.393201718665773,0.14107307879248276,351.16885134310934,1.5709106818670864,0.0009384349761584487,2.52846130497882e-08,True,1.0272846534195731e-16
312.332107402237,1.9750723470045601,2.740978147177754,1.259922356907064,311.4221451871338,1.9749369260005905,0.00013542066739546978,3.3657404448721775e-10,True,6.13657035416589e-17
327.2318172004475,1.665359290097653,3.4426615465760837,1.9535460338331927,324.86791462365136,1.6649539929348496,0.00040529328920022896,3.873603214534881e-09,True,8.083158354032005e-18
330.476065156385,1.5562491176068467,6.071514732543517,1.1952147793495331,326.0384450089462,1.5555210483437043,0.0007280557945495113,1.346859291403878e-08,True,1.0805120367130818e-17
335.3167425699889,1.3681261751706426,1.2916513056144776,0.7942793160452938,334.22332819051513,1.367881141744376,0.00024503161126216707,1.815004417547842e-09,True,8.762808631290633e-17
301.6551280650928,1.619160430197958,3.6956162385924993,0.6766773265662533,301.6238676259439,1.6190942073710264,6.622273472519279e-05,9.220640318528954e-11,True,2.7444530809270308e-17
309.4344377328626,1.9831191647593418,6.297035584662821,0.49491069200411175,308.0295592197899,1.9828822573427025,0.00023690641229088933,1.0043483469837457e-09,True,9.795258883302235e-18
335.07063166717506,1.820696224064058,3.9648870672075263,1.3997370306287882,332.4950731636991,1.8198101219574236,0.0008860844320386642,1.767459579139058e-08,True,1.5137237486128213e-17
356.7208133530473,1.484538992319699,1.0837612336084286,1.922578050151881,357.60566465191425,1.4835097679733231,0.0010291911347018545,3.32116739334909e-08,True,7.366790111638516e-17
341.774951274189,1.7402820904201701,2.290587991118482,0.287980137981778,340.6960371763854,1.7394203255355856,0.0008617466166676859,1.826791674327366e-08,True,5.682859147689428e-17
327.14196716292867,1.3340061725566996,4.070044083292238,0.5648305505637009,324.07376015295137,1.3336443428424345,0.00036182587747466126,3.8367903822110045e-09,True,2.3740031754585038e-17
341.41856355718994,1.5455448825856288,2.9517388336838097,0.4669406161348581,339.46785196257963,1.544637302333896,0.0009075575800216964,2.267171115990285e-08,True,6.942459317011215e-18
316.33806044222587,1.3776616812168792,1.4934581095523067,1.3268974631385038,315.55960892828244,1.3775901505070416,7.153057176009503e-05,1.3807765430433139e-10,True,1.2620623082774004e-16
323.83669377353266,0.89909869781024,2.6170992199375442,1.2304962434474336,321.7733950362945,0.898966711951075,0.00013198511176805953,7.473969684176827e-10,True,2.5802180700283412e-17
306.7483154427988,1.5321059482289923,2.086759917842725,1.9308586857858927,306.3472550489473,1.5320531815448064,5.276662038665549e-05,6.379912901224527e-11,True,4.7642696271675214e-17
337.11190290071147,1.8936959940113025,3.5130691175308137,0.08106557120711588,335.1188967060215,1.8927143539752491,0.0009816188828054245,2.1153247996659094e-08,True,1.207073919834127e-17
315.57100281400113,0.8399018964107907,2.29322438699666,0.42189663247788856,314.32683512531804,0.8398411355986626,6.0760649923892855e-05,1.6220413240296706e-10,True,4.851071910136137e-17
306.3025084972029,1.4454642711417054,2.6786728740142807,0.17333853583748732,305.8264095859244,1.4454030859620828,6.118508900318382e-05,9.061923115714071e-11,True,7.623432375015666e-17
314.675104069969,0.8615354983748593,1.7251499524729812,0.7741728072614065,313.77829419831886,0.8614906059210169,4.4892367811228255e-05,8.603115981121306e-11,True,2.353816260879887e-17
308.0244528257334,1.588192935391485,3.1937734802112203,0.7731056653169814,307.30933166392776,1.588102258985068,9.067622354469325e-05,1.8287227370881055e-10,True,2.1004346970198766e-17
356.76926863972847,1.065826174766121,6.23717061291777,0.2501183184956354,353.76138218078796,1.0624810171220722,0.0033446767074190482,4.809366297583189e-07,True,9.792994291050323e-18
342.9809550056831,1.0026071876961655,4.780116986187737,0.9520936750294885,337.97455635150527,1.0017462254547824,0.0008609310275645108,3.1213818660929564e-08,True,1.7370672636871116e-17
313.7689116689592,1.7411169130986595,0.6718670384846835,1.6054304645238051,313.48889991723416,1.7410823820821906,3.453099132733283e-05,2.5141498047491714e-11,True,2.6479214512290874e-16
347.07762093378517,1.2724332606369484,2.6366961675212943,0.3733047160122555,345.2663118060425,1.2714507973808904,0.0009824300060919176,3.324996608486204e-08,True,2.55536493001558e-17
307.0306997173602,1.069039819501902,3.386170284771635,0.9312782946860001,306.2948446069143,1.0689803361418924,5.948324385281525e-05,1.1615664058627057e-10,True,4.3931375636996225e-17
330.7402279220296,1.7448726768525185,3.9706459634181708,0.20049530645694097,327.9902521408825,1.7442568717856572,0.0006157963793020176,8.68755915142179e-09,True,1.5751104247039346e-17
344.6569424575575,1.1928317336566905,7.959146532331546,0.528367430651697,337.24749426603495,1.1912099822331794,0.0016216586462543946,9.277725677691972e-08,True,7.712835958157567e-17
331.3331519264638,1.2928822171878016,3.3134432281375297,1.4093119549199156,328.5392653655961,1.2924859609906088,0.0003962513277474389,4.869445255401617e-09,True,5.130397747427179e-17
317.86412729232273,1.3703152181555678,2.187690541709767,1.0013153067581018,316.64887231347507,1.3702017266260602,0.00011349117774673794,3.5176079879934287e-10,True,2.302257195535353e-17
305.74721972701474,1.8379990764909653,7.950016578753972,0.21361741734912332,304.80344035230996,1.8377871721965868,0.00021190344513166595,8.492466426381483e-10,True,1.9724495282521706e-17
315.1787587378692,1.6490166951833851,5.909677424857044,0.06810098763839759,312.7871923345187,1.6487447221909233,0.00027197135255780026,1.6399042810588538e-09,True,4.0543050472727573e-17
306.6073543437394,1.965842829043372,7.500195368874613,0.7797425482785049,305.5632167539472,1.9656149282760307,0.00022789984440160484,9.229396175140694e-10,True,1.905566554289131e-17
301.14547639743233,1.490615560227938,5.1708501217471765,0.8426101980181346,301.16855985109305,1.4905335375233861,8.202255136048797e-05,1.5319157328556243e-10,True,2.5380616416430714e-17
353.8105443205448,1.0508199755621503,2.1191432158931125,0.8415847969241881,352.56402509265973,1.0497782105861322,0.0010417180349136278,4.694110458029215e-08,True,3.123880118997439e-17
345.3064381187824,1.2348615969754768,7.73739936565015,1.8554077387525252,338.3792048715707,1.233098020848812,0.0017634695061315062,1.0662053329528856e-07,True,4.647822674937158e-17
327.40215024620625,1.340900152552431,5.517520480708756,1.0844545810224617,323.33838717222585,1.340433465294653,0.0004666809340665484,6.323711313272932e-09,True,2.692626253695884e-18
350.20680008562397,1.7818790078875448,0.525131161000835,1.4953618819324381,350.38806182539986,1.7814972765118924,0.00038172770065757384,3.674995040008614e-09,True,3.13293276232344e-16
304.22522978574625,1.6574387439183524,2.111095452674842,1.694682141352236,304.0171657026111,1.6573912542239326,4.748964736429066e-05,4.705528394608205e-11,True,1.1296973242582616e-16
334.52982131696496,1.7872371654692363,4.95645174753018,1.3242294033312068,331.18267256674545,1.7862466251615652,0.0009905179669630604,2.2340708022906922e-08,True,2.527460255138268e-18
313.353152751334,1.3102367373327075,4.721399874729416,0.11166822543809701,311.4945385737596,1.3100810941607697,0.00015564250140847957,6.705294888231238e-10,True,2.0722613034174734e-16
304.0827873919721,1.1863013278491095,3.73333037710288,1.2751659141777523,303.6798993151007,1.1862429116964526,5.841605339745278e-05,9.925960298522959e-11,True,4.744496597212083e-17
316.754496949488,0.9975445382015067,7.426791198083501,1.514661421244223,313.1662802964419,0.9973314352036748,0.00021310132954779695,1.6682839680182554e-09,True,1.193619242655936e-17
315.0817934617963,1.4951189910368305,0.5711448024126232,0.1769440957841918,314.8054462060379,1.495091013046444,2.7977971011451776e-05,1.9374989183241144e-11,True,6.691015542362276e-17
344.7209415506303,1.7313559758068453,3.9193622326724316,1.8884434391980058,343.408943126956,1.7295983413316596,0.0017575569801108189,7.749507483287184e-08,True,7.298274264934446e-17
352.8135901767664,1.6748095486437233,1.7665008096620909,1.1708044719815054,353.94481325113185,1.6733002693696135,0.0015092170486157132,6.222549399831163e-08,True,6.281391008893627e-17
323.53953544835304,1.7354399754215462,4.950312230966693,0.7717533521611183,320.5769921034561,1.7349999122474966,0.000440058899014228,4.275035175996881e-09,True,2.9529863579929695e-17
335.03112114227207,1.0908256250002257,5.785365039059632,1.693640559812015,329.65505198645826,1.0901930892890013,0.0006325209097215034,1.4801503001330827e-08,True,1.0031447753099852e-17
326.2891090319592,1.326204070297563,4.253419493749713,1.326382827676477,323.1594622842897,1.3258529498024623,0.0003511168798654286,3.6152354345948974e-09,True,2.4594796204568263e-17
327.19511589998467,0.9032349312658978,3.275190313751254,1.0140518401242546,324.36481228356706,0.9030334630129293,0.00020146649329121031,1.7596772346144197e-09,True,2.7539062921660186e-17
350.2804359113847,1.4345020033896883,3.5380883319285945,1.4704043164402243,349.42309613709847,1.4325574277246902,0.0019444576375118828,1.1802748613583575e-07,True,9.80308728569174e-17
340.49038784738116,1.5142174191221942,6.429399434309628,1.6986308675236665,335.596447183835,1.5127330882172394,0.0014842702372711983,6.066768354982943e-08,True,1.3398756810464545e-17
304.07421359727795,1.7738968766361192,7.383535096564761,1.3763835114476537,303.52395085263316,1.7737263982716582,0.00017047779966761288,5.64793357894539e-10,True,8.154483168142417e-18
333.1356228678241,1.178873577593299,5.132848575201764,1.1171909953122094,328.60899287077336,1.1783111300002032,0.0005624368278724757,1.0765223337407232e-08,True,1.7098056299017344e-17
312.519849859344,0.9882655480125883,4.6405062229107985,0.2977545369869477,310.6981179181624,0.9881573519069885,0.00010819567813145498,4.2746830519968794e-10,True,1.4806331630545615e-17
356.5372334185977,1.0820902656395268,4.169710739581727,0.7556464593163983,355.11303278254115,1.079618449595826,0.0024715559290846407,2.601146160412599e-07,True,1.7401227169189225e-16
351.88002780969975,0.8503229636707077,1.789615091043556,0.7426251797838447,350.0588679428149,0.8497153531812316,0.0006075910003423141,1.9489133743818207e-08,True,2.8159455056957653e-17
319.5476066294806,1.6160268396870348,2.3050479471361673,0.30540473358621556,318.2459162772302,1.6158672191471375,0.00015961994421327186,5.956839446431697e-10,True,2.8097364372188706e-17
343.31724004965304,1.7296837048104416,6.511823419619322,1.6269748481113206,339.9922703046691,1.7273636696492414,0.00231990232427467,1.328369255583363e-07,True,6.884686762988667e-18
324.58673093485544,1.9835552620790478,7.90791867678769,1.5903853683529945,320.2551152908659,1.9827713403088763,0.000783909921743835,1.18484275268343e-08,True,2.0675742939182313e-17
343.8315300921064,0.9989791260285763,7.541248084627299,1.61410399410485,335.9661828329528,0.9978009246506382,0.0011781433140319523,5.8063906064088445e-08,True,1.3833455355582389e-17
340.6269462653026,1.6112031831977887,2.1125014452269393,0.5254643013882868,339.31915277039116,1.6105327369226274,0.0006704344184249242,1.1856736059231762e-08,True,1.146456872075801e-16
304.8180960182608,1.1701088626804126,6.882558339804458,1.419343087848041,303.986311380775,1.169999852115086,0.00010901021417234688,3.5115422740110553e-10,True,1.417690453996968e-17
337.27293324609866,1.8020850144501472,3.6704196998117946,1.8850661999887113,335.0053757016475,1.8011167259638006,0.0009682668710674304,2.1615279244380118e-08,True,6.988493327429202e-18
313.3116666800392,1.8326713817271036,0.8181279480508323,1.4066790968680023,312.9905534744467,1.8326288456575504,4.253603342035902e-05,3.613311018361172e-11,True,2.963748865080408e-16
305.0501748510722,1.5640427875921854,3.322140228259803,0.7683286052932217,304.63053620952775,1.5639685199192013,7.426755054052835e-05,1.224435267684562e-10,True,2.5402171184693276e-17
303.21807809534056,0.8951385897911782,0.5036653999668151,1.786756112987878,303.16741917459575,0.895132896120504,5.693669428933735e-06,1.24544402946389e-12,True,2.259644052406151e-16
355.698943857972,0.9479997925023338,3.081409208350764,1.39109649447716,353.5274415563338,0.9465488542246633,0.0014508368224927825,1.014551775986962e-07,True,4.5427915527141064e-17
352.0593032329944,0.8401390969574137,3.9754421817064594,0.9455907994484245,347.7042256268787,0.8389934471674924,0.0011455804320644422,6.935785698762153e-08,True,2.0418030121856297e-17
345.8170627253036,1.2836556796105518,3.410442188475125,1.7838496878519283,343.2517824340338,1.28253335033197,0.001122286700254195,4.257832764549107e-08,True,3.380672653262685e-17
321.5636160024141,1.9611628975690303,5.291513796205153,0.23672043158853084,318.79289340483547,1.960699130733739,0.00046376267773370086,4.1575577435967944e-09,True,1.4662440214512788e-17
348.87485096081355,1.3132990684342265,6.833739553489023,0.6637623271078337,344.13536353322763,1.3108620774962954,0.0024367936491068833,1.972888242614845e-07,True,6.366854298074985e-17
337.5107064072429,1.4006528382639112,4.471952026958803,1.7918645534280675,333.78932669129057,1.3998106888847097,0.0008421284785076677,2.0900693925591254e-08,True,2.935697117623201e-17
322.7049701837886,1.9603524358607864,4.934785044124722,1.7554854106127356,320.00424853536214,1.9598780587805005,0.00047437269730649545,4.382979598708352e-09,True,2.6057173417629363e-17
324.6964930697709,0.9744707569508773,4.844003733441314,1.0133062475027157,321.0550769842981,0.9742200211898312,0.00025073328249560883,2.4785503411218043e-09,True,2.630589780175366e-17
316.7972557748442,1.4153385840697226,6.6188781762319975,0.6737446031851468,313.75498093319516,1.4150561936341357,0.0002823883634345142,2.0721524831518456e-09,True,2.2281016421779294e-17
322.4024983160189,1.2540097617416688,4.1028178526030645,0.5380250045586271,319.6880953705792,1.2537634805879072,0.00024627931048109387,1.84328059076839e-09,True,3.145523625786983e-17
317.7355840415758,1.4529375704483618,1.5617772910459045,0.3504724286649926,316.8751256782084,1.452850134660093,8.743559109368271e-05,1.9717506946663239e-10,True,4.274729122956158e-17
320.1086715869838,1.165379636492604,7.035428632687903,1.8467881536983672,316.12566827671463,1.165081720950897,0.0002979127000801445,2.8416268330062692e-09,True,1.6418886325776747e-17
326.01946844470007,1.5235802163451417,1.05099610386886,1.0805839751508455,325.2540438770216,1.5234637184961815,0.00011649749842545781,3.5053486574899895e-10,True,3.76124910473881e-17
330.37479630689313,0.9834325375650741,4.130605224203167,0.6117127025349723,326.64682224438667,0.9831051897226221,0.0003273435196435018,4.3228085820118345e-09,True,1.4606192369317777e-17
314.4687755386422,1.4118458522076573,3.811823258096262,1.256060752994,312.8309587790405,1.411695121773902,0.00015072984531963303,5.884358015146154e-10,True,2.6439055169692743e-17
353.4337050076287,1.0005743619451812,3.8683083690437257,1.7653070485129025,350.37526199263823,0.9989987946712379,0.0015754556438410201,1.1163010230962981e-07,True,5.725469030138939e-17
350.57997865069956,1.0843150891444637,2.522763721255703,0.35832991100390144,348.675943061127,1.083315656171545,0.0009993918953580417,4.107756066532827e-08,True,4.6267576550343626e-17
352.3965607929613,1.4896438944152706,1.7388251101492818,0.6580905403581588,352.6629773793537,1.4884243524521035,0.001219496570118749,4.539304839171834e-08,True,6.448648998263795e-17
308.16128916112314,1.7483762053231267,6.189462054313428,1.8078692486386494,306.9229863773451,1.7481888589930552,0.00018734562266455428,7.07406694738372e-10,True,3.268695380814318e-17
304.05609026980835,1.6277281891963167,2.3544647692766585,0.7285355479691107,303.8367414934816,1.6276769626729828,5.1226467647897105e-05,5.568600259001717e-11,True,2.508028619641527e-17
353.2358602968072,1.1050309063862913,1.5920596542520673,1.8036124501837998,352.4283835733626,1.1042146658210341,0.0008162131864782836,2.7378778836379415e-08,True,5.227300950526784e-17
336.9427943622756,1.7642718411185612,1.9465981032837045,0.6902140742338242,335.7320683156615,1.7637429130731652,0.0005289214332434314,6.6121527011277365e-09,True,9.457191103801088e-17
324.28223269093877,1.4848281333516322,5.024750422357058,0.18968018807841242,320.9961384968145,1.4844335959160846,0.00039453340941211394,4.02613549870568e-09,True,3.194521699481677e-17
339.5776934712378,1.082552172297476,3.632195077589476,0.1794459514933453,335.9595624159269,1.081937130780762,0.000615026924751213,1.4591962919365847e-08,True,1.502425721014505e-17
328.72491456970124,0.9328720764567049,7.786184848682785,1.1842521598125124,322.47433370399995,0.9324426916109605,0.00042937718853633237,7.65720813953032e-09,True,9.754874236476953e-18
300.1191164979411,1.7474394940143254,5.754190158327656,0.4725333804258368,300.3778147307263,1.7473395600585118,9.993376285060568e-05,1.9296311116142372e-10,True,1.3746924653553023e-17
345.84846278083006,1.684077523613822,2.8570741470158536,1.0087638878064646,345.0710944305831,1.6826865529620438,0.001390920340902716,5.031087539899461e-08,True,1.7514322016401763e-17
318.25002720906247,1.1006025311694918,4.4025727881786345,0.6022525239652089,315.7727760878187,1.1004312488566474,0.00017128132046534893,9.923789490867201e-10,True,1.702061707681227e-17
341.0120494995089,1.960566098918878,2.02717986847363,0.6354412943428324,340.3628019697288,1.9597259280807657,0.0008401554527918422,1.5385320156606748e-08,True,1.389532999929248e-16
306.8361358335511,1.1131586866083572,6.277834638484172,1.2716169347420172,305.6472484815779,1.1130499053031349,0.00010878093367912344,3.7154320564929103e-10,True,1.2052646367459193e-17
308.45282654416945,1.9698365322490534,6.538921202490782,0.905638453031606,307.1768351335943,1.9696087960374773,0.0002277352822793323,9.292968100290054e-10,True,9.086322966730668e-18
336.5614646121702,1.0572268881521372,2.4940212700511735,1.1879359794012614,334.07082619981384,1.0568652169754056,0.00036166606316507713,5.113566629225104e-09,True,5.018816725668597e-17
357.0909790699963,0.8437728263078287,1.4838454552213758,0.3394718102836191,355.97560362013076,0.8430483078938283,0.0007244896757836833,2.8738216675598364e-08,True,1.1956984353979265e-17
328.6689120195324,1.6610717137813225,2.236635672985593,0.9786039146880862,327.0760153149887,1.6607627279218522,0.0003089835740378064,2.2854324985668844e-09,True,2.5333079560670213e-17
314.438107204635,1.6315335749470343,5.230692215494637,1.4959970871375106,312.3798085937878,1.6313030352167677,0.00023053854234258227,1.187924080528631e-09,True,9.007037554152954e-18
313.8957092205488,1.32417493103577,7.095611151143817,1.0885326754644757,311.1875326139729,1.3239443270320685,0.00023060254994455382,1.453756926406861e-09,True,4.247822880765079e-18
314.5034642023615,1.35242899805615,2.148506513677315,1.2858651840216555,313.51828485370316,1.3523430283601854,8.596949529902756e-05,2.006656576614592e-10,True,7.388412039761356e-17
355.27894848019355,0.9316217920435913,2.2740187881643377,1.3162494647396454,353.62513423154303,0.9305626615281025,0.0010590755000450002,5.5015443762733646e-08,True,8.782925584134563e-18
359.768420449505,1.1519981524804628,2.2524036450016913,1.9040077277763148,360.8553453319972,1.1499791953650749,0.002018789744243669,1.6737114439925837e-07,True,3.3489373682023237e-16
353.7487466397234,1.0427893870251177,6.245641350096944,0.6207961055309051,348.6907970635302,1.040410801348271,0.0023783434118955066,2.42264951260934e-07,True,5.753310984080359e-18
301.55007165035124,1.889413697023857,1.9874863172279134,0.9874386776868793,301.5592849919046,1.889372367574792,4.132941830179107e-05,3.076339589534253e-11,True,5.134216704010193e-17
334.91338567866507,1.813248494552087,2.426567348531105,0.38178269935809,333.3569710099624,1.8126744550802714,0.0005740319900224849,7.481793326300179e-09,True,6.24781006706186e-17
330.774593164236,1.688735764674966,5.633062730241546,1.00712721618875,326.8200724998373,1.6879594948555858,0.0007762556473492241,1.4172030717044145e-08,True,2.1087738764318822e-17
340.54927024152494,1.5580138336186073,1.1125910502194447,0.9282438326208935,339.83705543715337,1.557660117206657,0.0003537129904151511,3.4215350027158716e-09,True,9.174144027719059e-17
306.0962478141447,1.4609622909222795,4.7478046314383615,1.137856598441308,305.34305018883566,1.4608570309723918,0.00010525968535263493,2.6453497841306043e-10,True,8.936075493639535e-18
301.3779778766813,1.9580756148391039,1.1612955911215945,0.6645331447577665,301.3937672922042,1.9580509418762702,2.4672952266115293e-05,1.0567584226327886e-11,True,1.2077565996088405e-17
356.3603571140736,0.8953571154278024,4.703937551535835,0.3201595101608993,352.31147198866586,0.8934201334791918,0.001936791511059333,1.9043755134244328e-07,True,1.9380347479406683e-16
345.1916476141469,1.3971526403667285,7.550513123603956,1.5230054840421785,339.389390583147,1.3950669981534745,0.0020855097087374365,1.325045165128183e-07,True,1.2318190899474828e-16
313.0343120573085,1.059878481352636,6.720314164359163,0.24563441926890678,310.48889511209484,1.0597132721847133,0.0001652082397697815,9.281528406628716e-10,True,1.8894460342046164e-17
330.3495908511247,1.0914145297141276,4.648274683076054,1.2588937953949029,326.3302189664047,1.0910151062707227,0.00039941765435810823,5.7890467080307745e-09,True,7.40865571076855e-18
300.4866333851841,0.8770493063968501,1.523453213054576,1.7334739382435826,300.50046919268243,0.8770358845637011,1.342182620846305e-05,6.940444303962012e-12,True,7.059166816625803e-17
302.1107654560563,1.704591099642407,2.709464183992863,1.1282592446247834,302.05218280736705,1.7045380721068941,5.302747919542363e-05,5.631732061656072e-11,True,3.519893385961705e-17
332.7719001187701,1.4672764121589974,4.472563957192228,1.1939475220679983,329.2300781582762,1.4666383905357616,0.0006380104554582018,1.1167777502072248e-08,True,1.8079092918420572e-17
332.1269666106413,1.2740514363653035,6.5234144139150825,1.3718211330211179,326.76823562455024,1.2733758364478087,0.0006755856921342236,1.422536056151768e-08,True,9.264022083364632e-18
305.69137847284725,1.3003856404455971,0.6911634981217768,0.6025041970520887,305.569713221741,1.3003717390204406,1.3901419965529996e-05,5.19100029779105e-12,True,5.1974050204340737e-17
345.4408258494806,1.6275838403084633,2.2057355074909264,1.584453852836647,344.654448466457,1.6265738307034916,0.0010099822210700119,2.738390183266468e-08,True,8.511006036913083e-17
329.1619402169319,0.8203819541017163,7.127660314744973,0.613655640766538,323.1265346026719,0.820018940579496,0.0003630072754441063,6.2467761556154945e-09,True,1.1961362988918749e-17
345.9493020369405,1.3756337020568485,6.676081379716127,1.719591798354043,340.97832287062516,1.3736122028229163,0.0020213717617335153,1.2747219857256907e-07,True,2.3543352155418586e-17
356.7510996789029,1.3399747531317185,3.405078119196596,1.5772980747796972,359.21962373936486,1.3367601593631595,0.0032142315202653452,3.6224829380630766e-07,True,3.394351828928251e-17
334.68265393919,1.1801168624422393,4.957924952052102,0.3353656665987608,330.1967503936541,1.1795071170994043,0.0006097325920649395,1.2750770247011148e-08,True,2.5372530704969847e-17
358.8631569068897,1.061222647059489,5.687182661858023,1.1479827374326415,358.5801818429117,1.057138334268038,0.004083575587285564,7.372041653386233e-07,True,1.5067762019482513e-17
351.30908648611836,1.474982601761968,0.9752526960591987,1.0373683275178796,351.2956066936338,1.4743610745875508,0.0006215153504228216,1.1823994494818892e-08,True,1.1229777566914175e-16
325.54590323353915,1.2858068246442114,1.4413589903552455,0.6321488780528051,324.4318579027385,1.2856799617857055,0.00012686236824370814,4.902620145208217e-10,True,8.668039321629771e-17
352.45276801940855,1.6778433972633262,4.282275616911871,1.5787496665445806,358.8015326092041,1.6729107627534059,0.00493195431315035,6.801967701063963e-07,True,3.3147770314051844e-17
351.40440260312255,1.246221570842832,7.985173288778639,0.14060205634441392,345.8962798790385,1.243189852123081,0.0030313938985432683,3.2482120753161996e-07,True,4.355542410536732e-18
341.2792964803563,0.879536990663473,1.1344854505174675,1.7075157715841467,339.99441547242844,0.879331201456161,0.00020578715411072966,2.053201385546073e-09,True,7.832626350156638e-16
327.77562591547695,0.9889936977294849,2.7176595576708995,0.8969648247255556,325.40973412278316,0.9887959183797148,0.00019777779177956658,1.5579905885764876e-09,True,3.70212555668569e-17
337.79527279129235,0.9311803529425,1.7196159954186556,1.6548088364888431,335.938120442004,0.9309301820604382,0.00025016807650476877,2.8055570151294687e-09,True,3.6966920607189036e-17
303.77609751517815,1.4985725721141185,2.092718878009261,0.14390080772559866,303.5882912841996,1.4985315265842802,4.1045491069174485e-05,3.876920677477367e-11,True,4.8130145119298656e-17
337.907480208866,1.659519253099356,1.9604985409483153,1.7935484372094714,336.610705299811,1.6589867859815672,0.0005324599603463057,7.157442328728476e-09,True,1.231703939613341e-16
329.7427172634161,1.4900204627571978,6.374130248060609,0.380141123611952,325.0638724320783,1.4893393922047518,0.0006810583107449072,1.2241701071508699e-08,True,1.3132400624817589e-17
304.17548142084166,1.1418248633737296,6.265135765870439,1.7943540986154571,303.52503522213016,1.1417317412603964,9.312185152530343e-05,2.618077713383101e-10,True,1.0521356799098969e-17
314.9645845357267,1.4197838093231319,3.8320429780739227,1.6240915228226802,313.26613139966946,1.4196260449287563,0.00015776375162585634,6.427496665818865e-10,True,1.832874167767921e-17
353.0855618644097,1.308732450783355,2.9976583257703373,1.3713278626736263,352.6217420449033,1.30689121343017,0.0018411195371225125,1.1781606249918436e-07,True,5.2126060222840895e-17
356.03785375274333,1.2934009409190539,5.506201126004726,1.424419674605394,360.24345050858796,1.2880724882197492,0.005327414931189502,1.037768115293425e-06,True,1.6136374376557555e-17
347.2712666502132,1.857602074042868,4.613784298468324,1.296389334722519,348.1570515521499,1.8545757835089065,0.0030260711024868558,2.1943147475716357e-07,True,1.901450005076924e-17
304.4915646787457,0.8123732696981194,4.941017608422126,0.8701518209480551,303.839260249248,0.8123196072545645,5.3662321108663086e-05,1.224461280176776e-10,True,1.9533056397655118e-17
356.6472478203954,1.9387796666152206,1.0325465322468674,0.48779514669864177,358.86142607192727,1.9373972490776599,0.0013823713870893368,4.6150471378030163e-08,True,6.347904374939836e-17
328.44206489256817,1.501009775530707,2.8148491729535645,0.133315561195039,326.33095304738225,1.5006770571598542,0.00033271545045978224,2.9203931186802055e-09,True,4.379779438920605e-17
333.18703632540667,1.2812872971809703,4.928929575341228,0.3440353411162397,328.9824183385584,1.2806842008121673,0.0006030849570452472,1.1411758042716463e-08,True,4.486808390597507e-17
343.2228754199241,1.7397475738228512,4.54663081591291,0.34856935576366194,341.17957105713197,1.7379819570438864,0.0017655398410577183,7.693790713066169e-08,True,1.5670751829972874e-16
343.60656291622774,0.8996157652149974,0.6440727191961458,0.11212369685111581,342.89482808338613,0.8994705990400971,0.00014516516103124232,1.0138691611154842e-09,True,1.2312624258338928e-16
307.48375754077625,0.9089976950741029,4.42565856726721,1.919751188848105,306.4526864950005,0.9089307165949069,6.697830581493289e-05,1.733809922805751e-10,True,1.9983120247981583e-17
357.97569009716375,1.1561019184628876,1.9796721120770384,1.5682709206187047,358.2657064762503,1.1545785842557486,0.0015232404378085452,9.376933042196772e-08,True,1.6551660939847235e-16
301.18746350034434,1.6025010920799234,5.64776328028283,1.0404228187766795,301.2242515900065,1.6024043170388358,9.677484265050084e-05,1.9843731350528696e-10,True,3.4877617328962275e-17
341.217785514828,1.967617581336191,7.794613942279945,1.1100215164615346,337.7970417558178,1.964897117709944,0.002720304893424856,1.5873282226308593e-07,True,1.562089597777844e-17
359.2941734109288,1.8389882434583895,1.0477929360849147,1.7986556450852256,362.1716483591668,1.837364717069618,0.0016234582352858537,6.815348556402832e-08,True,2.8459714356364823e-16
312.5258368489231,1.1351299277728577,6.359105793421184,0.16083903679804365,310.21987762733875,1.1349661134040365,0.0001638135182096105,8.506117677605776e-10,True,3.274932233329688e-17
351.4770514809303,1.2138906281191493,5.549229166990118,1.984317270471086,348.01193992029874,1.2115349775567819,0.0023554471912692267,2.0337109821763113e-07,True,8.760326527774669e-18
351.44899520616184,1.2313179887213903,3.9098251709213074,1.830687269983854,349.4168998475743,1.2294744652524514,0.0018433998721121326,1.235968267919481e-07,True,6.575950547810842e-17
311.20435577609464,1.236500803948419,2.1204623172594532,1.165758643588439,310.43615627298675,1.2364402416873919,6.056215416352815e-05,1.0686349645489368e-10,True,1.0246866845203482e-16
338.0035888583472,1.2783036987715144,6.004097973596456,1.4642853688753286,332.6760348239583,1.2773497188237106,0.0009539507332433003,2.9214560575229183e-08,True,1.7480732193057285e-17
340.3306503092114,1.8862431759910339,6.151897682208965,1.622511342539,337.1832510985971,1.8842691027233753,0.0019739863910097346,8.6876648911402e-08,True,8.631343157230933e-17
307.17372306455775,1.2606908782679418,5.814672774172873,1.596064765893829,306.03351890375114,1.2605730242514108,0.00011785363050658355,3.860244587816069e-10,True,1.3725800066189001e-17
322.49394070742323,1.5790522908634637,2.949410006843449,0.09305394893161707,320.6406945407971,1.5788125440061787,0.00023974546236942847,1.3949155940515726e-09,True,5.93692935926181e-18
332.3013999330529,1.7142008272588845,7.340892503941648,1.0829363380202057,327.181475327957,1.7131466218018434,0.001054179651989287,2.5805051958123143e-08,True,2.7146235688121868e-17
317.1800234072533,1.3493545934061082,0.7477755513336504,1.303259404639739,316.76002176634654,1.3493160597170593,3.853364784273638e-05,4.12062269731639e-11,True,9.096209023386929e-17
341.48417097024384,1.1602156274435709,2.6997971149989404,1.6288397263889638,338.94975105925704,1.1596139876505787,0.0006016265579402696,1.3235052031390661e-08,True,3.2472879040799694e-17
318.33045598733435,1.6910022741865862,5.768981594030342,1.8423306912216606,315.5484999313342,1.6906634635963282,0.0003388080662914518,2.5239666387231994e-09,True,2.3653381444329164e-17
345.1689567459339,1.2532653547835868,3.2597283572418445,1.1743536345170313,342.5597962665003,1.2522650398730808,0.0010002803914959356,3.4519010116220044e-08,True,1.541639891665857e-17
344.1041399004208,1.0392608652531106,2.562512939465948,1.6971826071893483,341.53943804707137,1.0386516323233839,0.0006092175728055609,1.5356921120525613e-08,True,1.016716547122837e-17
309.5222020198585,1.572274260822948,4.208995845914977,1.6423257446818667,308.4096269078756,1.5721447217989155,0.00012953864438706246,3.7964544554050716e-10,True,1.9881377447339554e-17
332.84787401203613,1.8140244778583172,4.174138397783722,1.469887948841777,330.0496674388507,1.813243590267935,0.000780873997551451,1.359283107181747e-08,True,5.3829125849434676e-17
301.0340740073909,1.0871320800104909,1.0695120361754533,1.33761233552605,301.02864564153185,1.0871198548807026,1.2225125126538526e-05,4.6616059070730215e-12,True,1.3036751896790046e-16
349.5410141295398,1.513438848156597,5.1404146977699945,0.8445071358427517,348.405530718436,1.510648068625666,0.0027905501586960716,2.293722348882597e-07,True,5.389952984766127e-18
339.1161615767718,1.9539298151013684,2.0879700294962236,1.3927279373880974,338.2207616081563,1.953184107802349,0.0007456952735705622,1.2025448978684938e-08,True,9.358204538381919e-17
355.34173429632597,1.1499439778381242,7.983305728463864,0.2152205919805799,351.1010137683621,1.1460376929478735,0.003905684676116631,6.002141340013668e-07,True,1.4606631883380178e-17
351.69529487223167,1.1574895170546173,4.502588702784652,1.843178011556525,348.73391712241784,1.1555796502328857,0.0019097261622566686,1.4065947493932686e-07,True,1.2886462350491223e-16
303.731400859002,1.330226993762703,5.521867413125175,0.4778457357938159,303.2630821597391,1.3301334797284927,9.351380797698444e-05,2.2623313364877693e-10,True,1.8774845038143715e-17
301.08456301313544,1.0906486727943105,2.1629121855222984,1.5481115012926405,301.0701912586315,1.0906237807432904,2.4892031750691724e-05,1.926956828208523e-11,True,3.4009691199114796e-17
313.61991388448666,1.6001715330551778,4.597514805568869,1.5566748811986124,311.8724207216942,1.599980720751981,0.00019081147607432453,8.271225364224352e-10,True,5.357846227901216e-18
335.49584003852584,1.7513924341430052,6.750475148158888,0.3716921226967012,330.82912423891446,1.7501035863957042,0.0012888092183178479,3.852898291715489e-08,True,4.909176101282366e-17
356.1720953069248,1.6133011696797481,2.781571141978984,0.18247725632669082,361.40906451014104,1.6096933881573015,0.003607398739547119,3.8278289950251984e-07,True,2.5423820755844335e-17
329.5760900834521,1.4818359804852341,7.251301457312985,0.05658982062841959,324.3295976570735,1.481106301446186,0.0007296649685614155,1.407048675484797e-08,True,1.4521041788872003e-17
315.26715495162864,0.9201238392181939,3.6475425320711605,1.4309823017638046,313.43930320136457,0.9200251674388777,9.867139094692202e-05,3.8836915806840186e-10,True,8.879444866526299e-18
314.731932911935,1.1180306612129098,4.799385311032487,1.8240256200899032,312.57340077523753,1.1178834414697951,0.0001472190353557138,7.077589152140489e-10,True,2.3602510600225585e-17
349.25629249454397,1.4250144687558148,4.841776425731229,0.5538825607090432,347.2615561903512,1.422715238014917,0.002299066366070373,1.6437482748521702e-07,True,2.3359418769468568e-17
337.02184790217217,1.5504789117578848,1.5193349228184456,1.1827718126441025,335.9029050432452,1.5501117604399333,0.0003671476896032882,3.62834798178918e-09,True,1.5945074337149512e-16
348.51490543299764,1.3079459847615775,6.030140504079741,1.5401886689311979,344.3554197392968,1.305772590728516,0.0021732363265251253,1.5770653651824084e-07,True,2.5002913278618442e-17
346.81550621050906,1.7924613315797968,5.864002011743355,1.2888771740727787,346.5966162336603,1.789107569132287,0.003353485263263777,2.77184245850683e-07,True,2.275719423514104e-17
324.016761168595,1.2737442998638575,2.5030427368145705,0.8929128926474823,322.2035214470756,1.273559569773948,0.00018472905386178828,1.0360477108602313e-09,True,4.596446057783834e-17
327.9616520882147,1.2244596011519793,0.5653790481148473,1.5331520202545805,327.48198564786054,1.2244002856881295,5.931534935007719e-05,1.1449948093620068e-10,True,1.5590033038972329e-15
321.758989280227,1.401653030584207,4.541735499428154,1.9261477043522373,318.9568495046354,1.4013649216270547,0.0002881067099931271,2.247158981202089e-09,True,3.365625161761789e-17
350.064800662326,1.0047486826965957,3.948047904113702,1.1595899675516754,346.3650405881713,1.0035011489277115,0.0012474654665666153,6.830231761997372e-08,True,2.1786550424623895e-17
338.88543250068506,1.2218235109006077,6.067808304653121,0.9635571525404529,333.3280415604369,1.2208586985419396,0.0009647809835143138,3.1375153663940457e-08,True,2.4117910070168618e-17
320.32510458144367,1.7932717976224566,1.2481266178457524,0.0803628943305687,319.61586378911403,1.7931652332546042,0.00010656412665859811,2.411937524562336e-10,True,3.550440503636745e-17
310.5376431219819,0.9647046645882552,1.5362428126575491,0.9304215700005094,309.97388068299847,0.9646716940231581,3.2970524619355646e-05,4.0477819172837476e-11,True,6.305081229265004e-16
318.8883471130137,1.6042419592649808,4.225532771546375,1.2551564500622743,316.6714319488335,1.6039848967856825,0.00025706093745713425,1.541841257947018e-09,True,9.289337717704575e-18
302.8550654989304,1.5993053907129193,2.8883050703686375,0.5202599911754685,302.7070021561471,1.5992493004780002,5.609016747042548e-05,6.744885887585623e-11,True,4.721367214549106e-17
354.0362293953225,0.8744819070965669,1.060098434285928,0.2224308063840481,353.1316570476397,0.8740322661378526,0.000449630426594007,1.0532120254189422e-08,True,1.0632772752464962e-16
332.4216428000675,1.9824063258940208,0.636619873314402,0.053485154690597884,332.0487351161909,1.982256170757603,0.0001501546716030611,4.648149181838699e-10,True,2.716256482101351e-16
338.19052134524725,1.9616053485012548,7.62476548043998,0.1010819563057068,333.90647764251224,1.9595786889291351,0.002026573051939452,8.652018025430456e-08,True,1.0378962385036303e-16
346.70248921910945,0.8210863794757894,2.7780305178734026,1.9432011909441926,343.4447941751607,0.8204939830767303,0.0005923778382635442,1.856079567712086e-08,True,2.3083841386959493e-17
330.5404004292022,0.9824465880654305,5.589246699105844,1.2643493744762004,325.6331144836659,0.9820358948107203,0.0004106864819729354,6.772737364855874e-09,True,1.5700979106304072e-17
352.95326286912336,1.0997574548639137,4.2908537980790165,1.5990607629840943,350.1124809995997,1.0978687174831052,0.0018885915991531772,1.457816554265559e-07,True,3.217740242739761e-17
335.47008789843596,1.8303779160173168,7.981629310291346,1.994887684849258,330.16895959584275,1.828858928470188,0.0015189365205871973,5.1026541809791046e-08,True,3.621337117609595e-17
321.7193821432593,1.253841425505854,4.890137129280824,1.167966927522546,318.63218761238494,1.2535707762215706,0.0002706470716886736,2.212594878364913e-09,True,2.3116824487599422e-17
304.1450058849791,1.2058969549535272,3.690333477919616,1.1733650558136763,303.74118453626835,1.2058379520508296,5.900280303964292e-05,9.965787133620513e-11,True,4.2895828033461355e-17
320.40228589658284,1.1399136300838275,5.196171768112953,1.6510934745366763,317.2533782387466,1.1396786177662412,0.00023501049757707325,1.8200090684499795e-09,True,2.8933189290128453e-17
342.2750860051401,1.6023077014778933,2.897432044666256,1.062076965058916,340.59096833722924,1.6013112598040578,0.0009964151580105702,2.65158248604774e-08,True,3.6074636679542544e-17
355.32579966239894,1.1345457758583959,2.2331400131932626,1.1982044516028478,354.7154845884188,1.133190141049545,0.0013555604071333208,7.440171742513117e-08,True,4.886038987300485e-17
303.1304773235782,1.4894201871035508,1.890898901969741,0.4197190022659949,303.00281920080306,1.4893851156277385,3.507144744225567e-05,2.8370034485769704e-11,True,7.190812583184803e-16
321.9022388260997,0.9268752990515123,6.75662609097137,0.9804239039570719,317.53867114639047,0.926621276387867,0.00025402004391922593,2.619726237979457e-09,True,1.2258166060487982e-17
300.437179454001,1.0568110615008266,3.450242768280924,1.8063507666207754,300.4918834802323,1.0567744620578132,3.6599400185839083e-05,4.282747700945629e-11,True,6.652517629953901e-17
320.07335673904595,1.4779323461170468,2.314470569591334,1.9258414990958208,318.6901089522774,1.477780663660462,0.00015168186686118277,5.897236767009645e-10,True,2.1759546103808596e-17
301.297597787398,1.597171478186326,3.5325254423269876,0.5641018625058101,301.3082645141136,1.5971107097573303,6.076835044832419e-05,7.854739824590699e-11,True,1.563256647800184e-17
348.597349158381,0.8828690981617637,1.6785493994581426,1.31374662881703,346.81232509117183,0.8823889348285067,0.00048015179998606156,1.1533270960695683e-08,True,2.7640165278392547e-17
352.5073817598445,1.4740471299718685,4.373403831180589,0.9622606186896129,353.4329595793422,1.4708659976004606,0.003180818682046624,3.136893612919575e-07,True,9.314622722853047e-18
353.7857450061248,0.8550210428992832,3.5466348404427386,1.8917960259059075,350.2158116390322,0.8537989312129767,0.0012220331623731618,7.852393333371187e-08,True,2.6646982331548356e-17
340.41660571789805,1.457281371308079,7.296848240546661,0.6661002044948809,334.5722275431319,1.455771797583521,0.0015095088775082647,6.484704986079806e-08,True,8.090112970510003e-18
328.47507295516436,1.9400631719392911,6.414174496761006,0.35310406758482116,324.5318913849193,1.9392053050084568,0.0008578520594808294,1.487135341858379e-08,True,1.9361614964936985e-17
322.9428718073869,1.17516890213323,3.3580874389870545,1.9510500174468537,320.58941861746416,1.1749665484936056,0.00020235230475580945,1.3348687562389955e-09,True,2.2702623028938084e-17
349.3756675527163,1.706124439419019,3.6552255084431673,1.729408237514337,350.1121171688276,1.7036277974682068,0.0024964777965595583,1.6415425234563017e-07,True,7.332005175522879e-17
310.86862332389234,1.9666840663544602,2.5086142860356837,0.4402457896800746,310.1340972313117,1.9665728702239214,0.00011119590446629339,2.260726911666057e-10,True,4.500238552833566e-17
313.0877932922242,1.3037505814521428,1.2321623005194562,1.5068491986947685,312.55667099774627,1.3037065614303618,4.401996752767304e-05,5.425343532426775e-11,True,6.301308905256332e-17
302.7865049928724,1.8253269647511134,1.984814823618153,1.1755095547524308,302.7043275010323,1.8252829823315457,4.398238323161369e-05,3.633597577007259e-11,True,6.200188889397334e-17
312.9447915662963,1.8162109776066653,7.243752014436445,0.3940971823969033,310.6218759701759,1.8159025210921547,0.00030845462480169036,1.889708654708408e-09,True,3.8419784517205077e-17
355.1614405878367,0.8298032749674349,6.336178356154729,0.3570587019737071,348.2043142350383,0.8279422170394175,0.0018608720055178763,1.8592249958665137e-07,True,8.908260691636647e-17
302.50156630031523,1.4854025973678255,5.508829198663264,0.10592457000745245,302.2832539104837,1.48530677218837,9.582496808265422e-05,2.1137295377704898e-10,True,8.815435736028516e-19
325.210988470728,1.2787276462278712,5.836957709692985,0.14483812810008095,321.14481526558427,1.2783284936278365,0.00039914781060178034,4.789432927785289e-09,True,1.3052436655441984e-17
307.8599886374148,1.8494272217355998,0.5480768935467545,1.74667324681218,307.7382492555757,1.8494084464966367,1.8775232212263624e-05,6.750891489382131e-12,True,1.1800699258559756e-16
354.63935701824397,1.1593720068385625,4.999614292186466,1.984438300414903,352.6040501076919,1.1566571544268476,0.002714563039703808,2.8937201127392383e-07,True,9.417869474857964e-17
331.73175482807073,1.9152961427790776,2.9594233021866807,0.3295612352956057,329.85475571696907,1.914719643288471,0.0005764924822473148,7.008359401376153e-09,True,5.315558374813382e-17
324.24999580701376,1.346897562740915,2.870375674521497,1.1940007614028794,322.2132398754884,1.3466733971364133,0.00022416416164394888,1.442857684651048e-09,True,1.849088877885433e-17
325.5355210866881,1.5898852430345747,4.49437391728317,0.9110791336340961,322.5425746590343,1.5894605780193438,0.00042466061964277794,4.395588135561402e-09,True,1.537973442135638e-17
354.0083511051692,1.2800025909907418,6.8850243047822675,0.08865759739961451,352.532434993237,1.2758970535169025,0.004104937785635941,5.99688203414206e-07,True,6.067604598558719e-17
353.6272194557947,1.5552560117825194,2.8651676663538663,1.9966174905922358,355.4249840035316,1.552765505011581,0.00249032289220338,1.8387873507389705e-07,True,4.818335804549157e-17
356.30942916542114,1.2304668651781354,0.8867419948084135,1.0741141241223877,356.39100187684556,1.2298188813263422,0.0006479680625083972,1.578928497271671e-08,True,1.9707015951024338e-16
302.86028757796976,1.9160059813213117,4.3702347329730875,0.37448100857586175,302.69754927608875,1.9159043900629749,0.00010159107365336669,1.8468341332537199e-10,True,2.106915247748649e-17
308.27461738998556,1.4878716599703732,5.051131792896988,1.1221354947065345,307.14232007083496,1.4877391589038567,0.00013250065013911908,4.1637730530901023e-10,True,1.9969338504153693e-17
312.14988994361283,1.2705453318880333,0.7239791924434176,0.39596303679774486,311.8531971657924,1.270521508392572,2.3823479226387965e-05,1.623494281742195e-11,True,1.023762964380983e-16
305.49332900147044,1.0266677292012214,2.7896819350952704,1.1522773370634813,305.0211915281618,1.0266254238198644,4.23053206775013e-05,6.067944397722078e-11,True,9.003194034334798e-18
347.3429895824216,1.4138214870645678,7.841930330533618,0.6377564282849855,341.9917938162278,1.4112104579130322,0.002610821073222206,2.080783132506508e-07,True,1.3016873128845929e-17
316.8689203774837,1.0487915375954306,2.714209096356658,1.344034949082771,315.36220756570356,1.048694097781937,9.743947731983718e-05,3.3617365532616087e-10,True,5.4632495510577415e-17
308.08688254278036,0.866289987583748,5.302337633051975,1.6203642922570216,306.7705358317917,0.8662114644474248,7.852288576074683e-05,2.5056236677259134e-10,True,1.5665811885277193e-17
310.6283654540408,1.7631913106177184,1.2928780197171599,1.4135989918724827,310.22486715511144,1.7631395507303005,5.1759832750930384e-05,5.4667044136093793e-11,True,5.710997527717462e-17
330.4478686732961,1.3762221247887958,5.98639287119692,0.790953331857466,325.80127230022777,1.3755982814867571,0.0006238321352258697,1.1166812760980297e-08,True,9.180885433806685e-18
309.8439449549958,1.1208427790060986,4.627472458331539,1.0313839072857969,308.46552450069015,1.1207407852381688,0.00010199343766310632,3.302667854939158e-10,True,1.4278691899990435e-17
342.11011872792676,0.9142798912351431,4.863806917725061,1.6065162169091167,336.7763912663848,0.9135441048860198,0.000735761508525577,2.484059760569721e-08,True,2.718201515877354e-17
324.97551168214653,1.3159816147002639,1.6841194687660874,0.5909875839239888,323.7119352439902,1.315837824385806,0.00014378970160200367,6.128560416770625e-10,True,1.0438454067299912e-16
328.2396312439425,1.1014243285947176,7.460889976496376,1.9521532373290367,322.5077993983825,1.1009373098732733,0.00048701037671498095,8.344729174925855e-09,True,1.93699586202269e-17
325.7044670312822,1.695675792113736,6.988220735447702,1.5286831814975061,321.3603276001619,1.6950317048382149,0.0006440778586953113,9.41682553838107e-09,True,3.887904192412262e-17
306.2304995511199,1.797358637617005,7.744386084902976,0.5881723413185297,305.18652966449577,1.7971501736775077,0.00020846309693399765,8.42563528748327e-10,True,3.580176794589793e-17
308.60351168914633,1.7588297253325051,1.5319966292023681,1.2999957776048814,308.22804005305625,1.758777760150739,5.196512721703522e-05,5.454881373084676e-11,True,1.6236356269959003e-16
316.1847396140645,0.8820119193709721,6.097735244452957,1.3116690383952225,313.1665564716769,0.8818572069325399,0.00015471144397998982,9.944521783101569e-10,True,1.2974524031142895e-17
348.0077052651162,0.8782330985560566,5.818570395058697,0.24165017314359405,341.4167919805784,0.8770745107162357,0.001158522113342258,6.572647869121485e-08,True,4.510801026082474e-18
341.60520459946866,1.4763699930770593,2.1081755480823903,0.4478981640252938,340.14926023061474,1.4757214654422308,0.0006485154747237802,1.216010474127129e-08,True,3.655672184581063e-17
337.1505506264487,0.8169960678535773,5.266719464317695,1.9746698519205783,331.52428044157193,0.8165030961716274,0.0004929595538742655,1.2128075485137856e-08,True,1.6734998353431835e-17
335.3853375105088,1.7882524045786798,4.309562981534418,1.5897072732650688,332.52616284041994,1.7873043935647712,0.0009479904119297797,2.060197895050949e-08,True,2.958312682735525e-17
334.5507215542778,1.0664229726398742,6.9306646341355975,1.1243100915636834,328.23108823202983,1.0657546295296314,0.0006683263398614742,1.6770381380135383e-08,True,1.2863674720239648e-17
310.96280877733165,1.5394487197907962,1.0453706945431187,0.12654289526131227,310.6041135855249,1.539411037468641,3.768228889129224e-05,3.326399470125987e-11,True,4.43519620686884e-17
332.86762678776125,0.9808293318047675,4.341855264977131,0.28484959771611923,328.7423880975047,0.9804296189771622,0.00039970628843923376,6.539166114457028e-09,True,8.041797177316612e-18
348.9402537476009,1.349939760685103,6.074778994273248,1.7571117731249106,345.2420611122331,1.3475445731569515,0.00239500109557871,1.8643257249237236e-07,True,2.942828544524332e-17
312.093205281045,1.4179715022090535,7.35631173595529,1.8038600490582315,309.7226943808515,1.4177441697454898,0.00022733115623873608,1.3073250829159288e-09,True,9.699696486142521e-18
337.25429755199167,0.904665981248998,2.3928857514983823,0.24076195325703004,334.66812323008554,0.9043563853454332,0.00030959151055820613,4.3930065523942326e-09,True,2.989805121568143e-17
310.8031453606239,1.5950214442031425,0.5226175620960998,0.8042269835166836,310.62585718412436,1.595001890764558,1.9553429938972435e-05,8.645653311710652e-12,True,2.331210482126795e-16
310.51768202269363,1.3600459628047092,1.611276837022923,0.6134579346708177,309.9766139695152,1.3599971996542575,4.876308764654428e-05,6.280536762803128e-11,True,5.875232818830868e-16
346.4769461973232,1.068124986425956,1.3548815687331763,0.5106637140528061,345.2582071499972,1.0677012684227296,0.00042371063858527954,7.364641301264628e-09,True,6.599656000574657e-17
310.5972042481906,1.681023569028153,0.7789641155700141,1.4432607803174524,310.3457856968858,1.6809935430626244,3.002594621869507e-05,1.9309977245454866e-11,True,1.3044107919018804e-16
342.07440727341793,1.0415871825642489,5.460964034733662,1.4004570832981265,336.49848412705586,1.0406639752945113,0.0009231729902712194,3.427946642627156e-08,True,1.0397993563139053e-16
317.2669733000252,1.9483565332116783,0.6299655566117649,1.8795886087388745,316.96137702413705,1.9483089186555171,4.761451253565331e-05,4.3625548235452086e-11,True,1.9558650820848522e-17
322.2908690535401,1.0198423712103326,2.2104742436118165,1.2041544055312747,320.6735007587037,1.0197260284128669,0.00011634228877704068,5.086887262492253e-10,True,1.3709185756391855e-17
312.87310337481205,1.3126314879489267,4.769749281503762,1.4534911666323282,311.06795972037,1.3124792926689044,0.0001521946417351884,6.382870479690975e-10,True,1.551571671025169e-17
303.80115191498385,1.3239910924717482,5.438496568092972,1.4723535013562625,303.32510104917094,1.3238989375603238,9.215469059535748e-05,2.2082899239891363e-10,True,9.947413472511476e-18
352.594303848227,1.516884977766055,2.693419112373084,1.3155960442890238,353.3430852649029,1.5148785327653183,0.002006323881041115,1.211196954074652e-07,True,7.995765948460522e-17
331.3003799037729,1.1979830615544005,3.511387655597433,0.10749445793807416,328.24660597740024,1.1976021293134633,0.0003809273922172478,4.8487200193427015e-09,True,3.075000181045364e-17
347.11706513533585,1.396665485667829,1.1650308813806087,1.1517394502033775,346.5499095321185,1.3961471035181294,0.0005183736649989503,8.484700607069858e-09,True,1.0937129369558811e-16
306.1309498413695,1.4100629381513128,7.599190246843203,1.0246881309732092,305.0030706866897,1.4099049135512922,0.00015802398360995708,6.164104749104891e-10,True,1.8660999033517096e-17
319.78043908508425,0.9342100492654097,3.0571726967196335,1.024316381030417,317.7839263494783,0.934091962218167,0.00011808648481664631,5.624259414778405e-10,True,3.7288177322388275e-17
326.0610916685512,1.8534936762346899,1.9237398402335886,0.3599910438520415,324.8319102608368,1.853242257821304,0.0002514170744960715,1.3388901218972614e-09,True,1.3190676163842863e-16
350.831526897589,1.7964279577923,1.8337439675159226,1.2343187621513283,351.8435364920873,1.794955023957897,0.0014728791440517819,5.469035088032014e-08,True,1.6786650012888414e-16
304.39482328725524,0.8721981819041185,4.7228511730204765,0.31165863596954,303.79358359621074,0.8721433240223704,5.48577625986083e-05,1.1914946932665582e-10,True,9.553607609050008e-18
352.41441025252857,1.559657809854633,3.4240252763278187,1.7780050298608105,353.83442124326103,1.5569544623470348,0.0027031330783146984,2.144292836413608e-07,True,5.49409489858812e-17
334.3604694586717,0.9635254066820977,7.646746498408199,1.7770298047599549,327.2966882511412,0.9629029714669066,0.000622419199894142,1.6015297047271622e-08,True,9.300464589703802e-18
310.4121632458018,1.5903199266277661,3.79579991266148,1.6768321410518023,309.2957369646485,1.5901928623222255,0.00012706394238457653,3.6315586341740367e-10,True,5.805940396440142e-17
342.9465037449519,1.0986946098287242,3.7716119554146967,0.11802324057616984,339.25501997999737,1.097882175002922,0.000812409294286649,2.5531515654380132e-08,True,2.2178895619389836e-17
325.3056649649967,0.9678133962947447,5.271596752752869,1.3780457952326244,321.297264199091,0.9675373789216655,0.0002760143444923114,3.0285870268768328e-09,True,2.0009664922097292e-17
320.9085609874872,1.8523144676714889,1.5977497718046407,1.265927277307578,320.0041296730639,1.852169319384072,0.00014514785321008452,4.342068404105683e-10,True,4.6720043260617604e-17
348.41922041244925,1.5750021599104103,1.4696901548638979,1.4148449968115848,348.1866571419423,1.5741823393667949,0.00081980156825425,1.897536120304918e-08,True,3.5442354471959095e-17
351.52505778254624,0.8135476992746495,3.6804826394391146,0.24439101026271487,347.34929415225076,0.812543820774941,0.001003823608729787,5.489097874222479e-08,True,7.503553922720015e-18
326.40786935799184,1.2209158563231908,0.8157160334752314,0.8521046748277742,325.7416949280814,1.2208407441023406,7.511203850602622e-05,1.82344267325373e-10,True,9.638548463510388e-17
327.61316923475596,1.563934857379503,1.2287020819127141,0.7139533876236094,326.70786287848347,1.5637792751687578,0.00015558159663699454,6.141081537777234e-10,True,1.2249615862843858e-16
321.67644175023406,1.2117547562324025,7.554964688166308,1.9655970155384046,317.1895823916837,1.211393354863057,0.0003613973217041144,4.047641312719302e-09,True,8.823587536026743e-18
343.1747085144436,1.189584175916644,0.8697293763963128,1.6332438381836183,342.4280630473244,1.1893329100128667,0.00025126361205216004,2.291724982589922e-09,True,9.670809582042696e-17
306.4545218766279,0.901186876000201,3.391801612969515,1.064524587871279,305.75736754884815,0.9011388526152833,4.802329541468005e-05,8.95030186992739e-11,True,9.88507158262423e-18
333.9724275814513,1.8590459329050575,7.011652480648492,1.263336849475705,329.3704514992853,1.8577660728178302,0.0012798245824638147,3.550476348131653e-08,True,3.525584083780858e-17
305.7182053744452,0.9979899180211496,5.7969947142496085,1.3020581778721791,304.78356553919156,0.9979061568562431,8.376092056906654e-05,2.443373446128322e-10,True,1.4100881059013313e-17
327.82018380468895,1.209228589529977,1.0112394516111556,0.14585431449374436,326.96694502478096,1.209127687704007,0.000100901491420787,3.3454924812357905e-10,True,7.632921736542054e-17
330.8020899084561,1.6078262603007099,1.6580828110797319,0.8340258408262827,329.5676749475861,1.60756062016567,0.00026563836551618503,1.7695236910725832e-09,True,4.436255463394977e-17
356.41383080755,1.2692283031023974,4.582264146243401,0.27100372503354386,358.3289570743156,1.2653491064500582,0.0038786416939305826,5.549584084661671e-07,True,4.9374937832400126e-17
321.6445981856368,1.8343626916378701,0.6483594258797375,0.3255777833828966,321.2601576142759,1.834298512818516,6.417873300482265e-05,8.634927482227031e-11,True,9.86844945631382e-17
326.3245962610111,1.2868803108313365,2.995993974367271,0.7520930407452542,324.0351883939002,1.286624092294275,0.00025621654329461717,1.9937667404689053e-09,True,1.0835114289221807e-17
342.4580423343957,1.6790896304631837,6.446464556196019,0.38667240233066175,338.6152999715186,1.6770588277824972,0.002030698597792956,1.0408289360193915e-07,True,6.366650047151163e-17
310.5510356782486,1.783893914617555,1.4240181624697454,1.8560736832892053,310.1141588519609,1.7838367519505491,5.716260114991273e-05,6.585593111607485e-11,True,9.937576441375263e-18
338.56241176533024,0.957891863611789,5.522765642178209,0.6126231188728716,332.8650259975023,0.9572254446868725,0.0006663998809356643,1.9043980834863792e-08,True,1.2819620281913686e-17
315.21344384558614,1.032998995180266,1.2189556417840928,0.4567327079965141,314.5681631188016,1.032958506120858,4.048900076157572e-05,5.864654216840688e-11,True,4.083843050336822e-17
323.1099464135041,0.8459392793067685,7.589120175142442,1.0226822363574068,317.9985548798791,0.8456694456619458,0.00026983039699049526,3.2478321344451004e-09,True,1.3149983329712376e-17
308.6917318351122,1.7612704350555797,4.311858195596162,1.2707196484737597,307.7127451123939,1.761130072078168,0.0001403625812567045,3.9615515817048194e-10,True,3.546032280952079e-17
350.924305559583,1.402412962789601,4.467904658612924,0.4067576324481964,349.76325356750755,1.3999604345807457,0.0024523357769901622,1.9243186494866607e-07,True,2.4664348699218946e-17
304.4294707981873,0.9735320085915218,5.495454431618432,1.548520294603031,303.7630454947877,0.9734609452794166,7.106313300847786e-05,1.7909673972027123e-10,True,1.2504643554577692e-17
337.31473101371284,1.5916281604111973,3.584712034866714,1.1357834894377437,334.69329844527823,1.590810882819393,0.0008172601862724447,1.7405531696226533e-08,True,3.91272239621127e-17
303.58557918890665,1.025176460585067,3.9810053599169843,0.18401966420994897,303.20271133236355,1.0251247670997135,5.169339568908793e-05,8.96647142462421e-11,True,5.0856105985929466e-17
356.2986494537116,0.9761951028115574,5.866853607054629,1.7792190991065011,351.88203187201987,0.9736327018113607,0.002562095829765358,3.05170431355508e-07,True,8.015546342155077e-18
305.87762645265843,1.7528251794277316,5.880263178545713,0.48342911662708077,305.09149257701307,1.752672038475665,0.00015314048611465364,4.659518244347785e-10,True,1.1738652892465562e-17
334.09687417356076,1.3711583394024789,7.275000586657715,1.9574540211210618,328.18056832278694,1.3702596474675974,0.0008986683574198664,2.357746158951149e-08,True,1.3739199852144264e-18
350.482549365017,1.4822070495981485,7.510194105903635,1.6268429564011984,348.6635807495356,1.4781505947049765,0.0040559590262516714,4.958669204419095e-07,True,4.9035133826789565e-18
359.6177196161733,1.0348281471249103,6.0751312673873885,1.1320454336591474,359.6367969060643,1.0302947168842287,0.004532493751699863,9.364889815788416e-07,True,3.47146455532724e-17
320.21289670226014,1.5786190199060663,3.641459595799832,0.14022647060962626,318.14522836995826,1.5783746137466186,0.000244404730561728,1.4288859490455214e-09,True,2.7290247019593194e-17
331.23922497336946,1.9085385078109691,6.766652460356067,1.108423951394732,326.9176008682548,1.9074772065545211,0.0010612778020956046,2.3454352366148132e-08,True,1.0344181818358874e-17
347.7381195759566,1.3296200594480336,0.7456287138327673,1.5197304262985332,347.35212487331336,1.3292872844239474,0.00033277133691641105,3.687169650940474e-09,True,2.40780145914826e-16
331.9972705889191,1.821071935612443,2.221579139589484,0.2563508377785876,330.5184257681685,1.820640375101637,0.00043155636533412703,4.1454718244484735e-09,True,4.958142349368555e-17
301.51406263028986,0.8003757477031243,4.584077804048157,0.31113454294549225,301.37520023787096,0.8003360024902211,3.974514582201084e-05,6.708114421602316e-11,True,8.28389526797901e-18
358.05228157417076,0.948721216182952,3.9593452590635883,1.1604424809787188,355.89699376192095,0.9465611177266667,0.0021598710401400027,2.2741614529024068e-07,True,1.7917783762874008e-16
305.55223692330844,0.8930618466427322,6.643665235918194,1.7745982906484514,304.51710170063893,0.8929778522354852,8.399413315009266e-05,2.7409693381278893e-10,True,5.233840408540735e-18
310.95242264087307,1.9101649922029778,1.4800844934365796,1.352260712925823,310.495333483078,1.9100993738352634,6.561828647729209e-05,8.123698799846634e-11,True,7.593198142875026e-17
333.7618040484696,1.6604825309502975,1.2973532032958746,0.684121085733545,332.8318586016769,1.6602116480060298,0.0002708811303879353,1.8138797958641183e-09,True,4.4576266160006516e-17
344.8460336318426,1.9364053152350207,7.656354059272096,0.21763968945481765,344.14505069167296,1.93237786411768,0.004027085575358894,3.6554198167287907e-07,True,5.416562251855907e-18
315.2887598165057,1.7019493744831504,4.428121201099302,0.8179700099516497,313.4325326335958,1.70172792813974,0.00022144528589417782,1.0575162698829161e-09,True,1.5755486795844117e-17
341.2855313726325,0.9544522552692486,6.353427629957093,0.8081519144359854,334.5837891535059,0.9535905744422943,0.0008616485691239477,3.225783022314024e-08,True,1.3915900698584854e-17
336.0449085940912,0.8544630179994189,1.9178273655343074,0.7610763203728061,333.94383616751395,0.8542402161951727,0.0002227994049863785,2.3992598026708402e-09,True,4.93514267353742e-17
304.848876194064,0.919513492276081,2.5253491352730455,1.683678541504618,304.4641938970434,0.9194807635999503,3.2728635728020366e-05,4.0402681646617994e-11,True,3.487164423197058e-16
343.21591280909576,1.0523625668218646,0.6202799281044311,0.670253263272773,342.6118282895863,1.0522020756139945,0.00016049015004877086,1.0578214218920523e-09,True,1.803494180652744e-16
338.83600410138683,1.3554830753826281,2.987569824557173,1.3638396800836066,336.3227885492154,1.3548334661875059,0.000649596170459053,1.3024663030894035e-08,True,5.532266064582718e-17
333.5477895599157,1.4298769486058305,5.304252187139584,1.8777743096478514,329.2764198514408,1.4291371639701653,0.000739769223419994,1.5412245254110365e-08,True,1.906505361431327e-17
346.52543036266195,1.1743827299099774,3.1249878566555567,0.9822758281928905,343.92250778878844,1.1733991124915037,0.0009835815504105137,3.5868063056581454e-08,True,2.1478586301997355e-17
331.581022524857,0.9236973987809092,3.476320899523439,0.36558407058778547,328.2504339958587,0.9234065348779874,0.00029086023651841677,3.6664034041372633e-09,True,2.5238165181716534e-17
323.491277271547,1.196270142533156,2.4786957144645356,1.7618197518778582,321.68951163448537,1.1961048685346465,0.00016527311813291945,8.803764843014345e-10,True,2.3244425160266748e-17
342.16803664239916,1.1248407519677996,3.51501247645669,1.2192988168615762,338.7784868822579,1.1240902429428181,0.0007504877981888978,2.122679255005388e-08,True,3.5066273209240664e-17
331.6923063305468,0.9131277175216933,7.711619698815187,1.5032131425379434,324.9262070994789,0.9126279231216791,0.0004997836502658519,1.0749748522240542e-08,True,1.7450293827268567e-17
336.0165092573675,1.1532943695786315,5.248759278142927,1.511902490371559,331.15091339155083,1.152619034912703,0.0006753185754054321,1.6090523001532873e-08,True,1.586207042555623e-17
305.01934815113503,0.9111732087947473,3.2614918160426742,1.9986478197417374,304.51450591432337,0.9111311454232148,4.206330416271197e-05,6.736972950833813e-11,True,8.807111141687431e-18
318.0747454080717,1.0312055881027693,0.7069776009812885,0.22667122346808216,317.62677980334183,1.0311758067221506,2.978134824435043e-05,3.237444689082651e-11,True,1.3566487355943525e-16
314.2485271866241,1.9702008006836829,7.188548904256993,1.0176051220691644,311.7810470369147,1.9698361734050722,0.0003646248267624782,2.451848242885245e-09,True,1.2145260927908603e-17
348.8234647528021,1.845944567779423,0.5464290183853964,1.9319516547985114,348.9705183496098,1.8455687251131154,0.00037583925138803614,3.4149195061144474e-09,True,1.7056927315159848e-16
309.60263527119434,1.6874521713574573,4.601080636002266,0.9437050590357453,308.4214123457475,1.6873000457052527,0.00015212516432315344,4.878814473490525e-10,True,1.592046328885442e-17
331.79659361823775,1.4379723447350137,0.7831802977700038,0.6790127610203306,331.15921844217695,1.4378465657641497,0.000125778523408356,4.4745562644270925e-10,True,7.325543755511584e-17
347.52552509419615,1.8687734406883827,3.4903436304989794,1.8590569053712278,348.30210340628145,1.8664477379497462,0.002325573873722733,1.288649137020891e-07,True,2.81170522493737e-17
341.57822142513896,1.8747904973974172,3.2698592779675444,0.8053951403874546,340.3103464993737,1.8734995012046223,0.0012909582053657715,3.798742914636933e-08,True,7.613606701232138e-17
309.65530593021896,1.8869806906728568,2.8439343894920497,1.0673829084079514,308.9175575143973,1.886871170728863,0.00010951971716054298,2.2683312216841083e-10,True,4.1331355582656505e-17
300.8302220339706,1.1873997356637356,4.52752727015125,1.045052415788113,300.8559780247552,1.18734404855955,5.568701572716964e-05,8.845863583906061e-11,True,2.7067709027881084e-17
309.44338592122506,0.9659793001017585,4.391305878076068,1.9558738823644437,308.1429573280614,0.965898068120777,8.123173839894128e-05,2.425824366106717e-10,True,1.157203250432262e-17
316.58669572068794,1.1177259141522535,1.409341706794359,0.19857792638561506,315.7956593457665,1.1176701246916765,5.578935690353815e-05,1.0367349674451515e-10,True,2.6797387754644785e-17
349.75266837873005,1.302591422715937,4.258844430174641,0.6633875160712801,347.4190779170627,1.3007234531583907,0.0018678507928811944,1.1876466489586759e-07,True,8.507631913380202e-17
307.51389038775255,1.115499658843338,6.799087381882788,0.3924525380393429,306.105164620499,1.115376993973312,0.0001226643971880205,4.728379017419263e-10,True,1.0342752520818945e-17
321.8425579139599,1.2061591522432666,6.044665533936016,0.4076989914327641,318.0815608775966,1.2058507225448316,0.0003084267210416348,2.9773933478174525e-09,True,1.2621834264884852e-17
319.40304667064004,1.4191049857311793,0.5821234985141568,0.11304439878286306,319.04418419439793,1.4190673399919331,3.764570133834177e-05,3.7907686454107464e-11,True,1.9095896722159907e-16
307.5790549932229,0.9556950994606787,7.410032034169895,1.7347708277903904,306.0051882343458,0.9555815168764421,0.0001135821113352734,4.729011894036936e-10,True,1.595007170370288e-17
344.2650385808184,0.8067712551336637,1.463519667937741,1.7005085510664215,342.525012242629,0.8064826884886268,0.0002885621853007606,4.459736127087717e-09,True,3.7508553192897455e-17
306.55281591205465,1.3551956261115556,3.431012026619687,1.513805690991709,305.9141385104177,1.355121610732454,7.401523757844149e-05,1.4152307714747354e-10,True,4.9025380543237653e-17
352.03484765154326,1.670724203489125,2.9871901852681164,0.07498908384706496,353.90159478930224,1.6681866342180014,0.002537392873880203,1.7639724331684522e-07,True,3.6488939174713734e-17
310.0280710980128,1.2432830916651318,1.9056173168159485,1.2395698480283832,309.41008055424606,1.2432327514045767,5.0340187595059674e-05,7.296034521865224e-11,True,1.2297879800837041e-16
340.78388454603316,1.9183010931667683,4.35611030648781,0.5015566822265892,338.9477286221368,1.916696797194991,0.0016042390378548928,5.693392229166838e-08,True,1.9318363800645355e-17
318.43340429240897,1.131227222252308,7.168295260237332,0.9502665162313869,314.6893455295351,1.1309640209040253,0.0002631990831485447,2.265134349573368e-09,True,1.043310377119645e-17
333.4516617492656,1.3289850249706583,5.036282211450208,1.5475302634126096,329.22295459679617,1.328334670385755,0.0006503417735857248,1.2811317432644757e-08,True,2.4228743304800878e-17
317.13526596010945,1.5713889454557584,0.7148315642371675,1.7081945497459492,316.7554111599512,1.5713460634415557,4.2881970383667075e-05,4.3818942505898254e-11,True,1.1164404632462665e-16
343.4975231263611,0.9147208077014333,5.6630866969401525,0.638836992547837,337.26936669206884,0.9138342581239262,0.0008865134317557035,3.614575148335264e-08,True,1.4116187774039436e-17
337.9619944380077,1.7413097196117109,2.139828447857228,0.9530502994101644,336.65056203460534,1.7406982427827267,0.0006114678310455691,8.99793861082006e-09,True,2.3250469782457798e-17
311.66736742915657,1.376497060226904,6.655429505368777,0.2516830721339375,309.54393547806916,1.3763002888467855,0.00019677037229956667,1.0078188950892034e-09,True,1.0637235482699605e-17
317.80827647409455,1.9394710146725673,4.228256815845425,0.13582796846998998,315.86505588053586,1.9391790275593312,0.00029198547579166776,1.6374445709364956e-09,True,3.840216246135091e-17
334.66824956438944,1.6213342620526263,6.0014071798945015,1.040758521473667,330.2188164727749,1.6203187416448772,0.0010154946583092511,2.5749439710331295e-08,True,2.9975317948343784e-17
320.59037249205477,1.6601713720861975,5.402377314880689,1.704637220303385,317.65640508124585,1.659804220685123,0.0003671483436731525,3.0574015239045567e-09,True,2.139583342187884e-17
354.7883404347587,0.822965923459478,4.410856665095579,0.8360318595811483,350.13304967591927,0.8215111894713791,0.0014546184017188279,1.1558638002001127e-07,True,1.7617376618518154e-17
311.7271690559332,1.1236839027378442,2.1059380984132883,0.8387506200193509,310.90811829731274,1.1236271130676798,5.6789566461344467e-05,1.0370315523569607e-10,True,4.513329226059422e-17
309.66254025569197,1.6905283793774848,0.9797739798038203,1.9365650212822112,309.3789452291572,1.6904932749170942,3.510443430286934e-05,2.6087647370815193e-11,True,7.848149843074609e-17
309.03556524024725,0.8205063933760846,0.6079313978687282,1.2339142534228167,308.83285521830413,0.8204962834478378,1.010992380406466e-05,4.442737412517431e-12,True,1.1733403084519401e-15
333.68817274780497,1.5478645634227157,5.341384374947097,0.11508832957002003,329.5963275541789,1.5470393411746914,0.0008252045004376992,1.774758646404816e-08,True,2.3051311401490526e-17
341.4455335933807,1.0221920985361217,3.404079419034379,0.7779672531701125,337.92340108810583,1.021569031958434,0.0006230505516858234,1.6026001839207327e-08,True,1.2666676149421004e-17
311.09713985197345,0.9967227899241843,3.3565665411418535,1.6587863066294004,309.88518356315086,0.9966488993229041,7.389040460999953e-05,1.9667007084174864e-10,True,3.160467659484946e-17
343.5898969321028,0.9699060639346964,5.644735624656346,0.3630801014090081,337.5655780318714,0.9689498364588384,0.0009561877549670206,3.9720891021804955e-08,True,9.007311674186575e-18
322.823685387289,1.0390466628826358,4.595568735484944,0.9022782417655175,319.62421239261425,1.03881921087336,0.00022745011247989115,1.8967960083283475e-09,True,2.9587349824437064e-17
312.917783584606,1.8265565360989493,1.0226022598415723,1.8872886102513127,312.52990853060226,1.8265054620872414,5.107395958694086e-05,5.212116225043509e-11,True,2.0679109314269393e-16
328.6289549375931,1.2619153035588897,6.147951373111138,0.7737759099750452,323.9113372446395,1.2614045678580499,0.0005107276260490998,8.074790872554851e-09,True,2.765486836591639e-17
315.9993224440972,1.4697267940174203,2.7951237593254934,1.8376110521812752,314.65191506288204,1.4695938287280768,0.0001329648445594275,4.4478418316318116e-10,True,1.3087732332757874e-17
311.51445603719577,1.3919786699660266,6.545149121468654,0.6499909092288282,309.4548289519176,1.3917843999943222,0.00019426900081819586,9.708861769187844e-10,True,5.863672812279169e-18
335.0093516936057,1.7273430730353314,5.803843499848223,0.4689771525113858,330.94574054077333,1.726240932170399,0.0011021122823952484,2.8582537199239364e-08,True,2.4299958633964804e-17
336.21673586630567,1.2373746735033209,5.234079766822508,0.8640429964642037,331.5217665388009,1.2366328042221262,0.0007418511463479217,1.8134846775035554e-08,True,6.7705249430456605e-18
319.70175589319183,1.776339602747426,6.125216415850467,0.4212133815211751,316.63583223314333,1.7759281705431027,0.0004114286378430908,3.5664803227413804e-09,True,6.59191984145101e-18
343.14341824833326,1.2697474856330775,6.008449633356335,1.3885845117710411,337.8678289289577,1.2683872044705966,0.001360219659818075,6.150266284276e-08,True,3.286811323839344e-17
317.88619008897564,1.2679934071197616,7.3051047685520984,0.5553193575550474,314.28389844603413,1.2677022363114654,0.0002911683412671261,2.467029173481407e-09,True,1.34460781005697e-17
327.58437068321194,1.2714490872643753,6.199969006965211,1.7091186724710805,322.974148553777,1.2709652299914158,0.0004838501188633748,7.154096255119109e-09,True,1.9124221865136466e-17
347.30985619761367,1.8778252042846755,3.7041507073645947,1.9608376130429237,348.0918996657078,1.8753786153437422,0.002446447158888277,1.4178204500280807e-07,True,1.7109666795555903e-16
311.26944910251007,1.9146498887441228,1.8750751702923756,1.2283375972499515,310.6801373729396,1.9145653070141353,8.458159517134733e-05,1.3481620007816486e-10,True,3.596038018419891e-17
321.7736066886475,1.6166824158116302,5.86114172705941,1.690275467832967,318.4359289852889,1.6162704457361232,0.00041196610406268804,3.971444269059594e-09,True,8.210204158651116e-18
312.5671251906915,0.9208199992917704,5.294286947286265,0.9510996984799843,310.4990712653386,0.9207068261347977,0.0001131726556317367,5.013409360247381e-10,True,5.80672195400628e-18
339.4394991959399,1.1614950446109065,1.6313407006800085,0.9937798533874873,337.89636865678074,1.1611562795931891,0.0003387608502285596,4.1674886793104556e-09,True,7.209490178728546e-17
321.24764661078893,1.3785286757566393,6.868133170712905,0.18356422657185206,317.30603104888786,1.3781515064680239,0.0003771654108109337,3.87780432287769e-09,True,2.3831118267618563e-17
354.0479211067004,1.9882415738994887,0.5023968674187336,1.7431850312937465,354.7296573822077,1.987706140429981,0.0005354268518082842,6.617699801248195e-09,True,5.783108576506305e-16
358.966900081516,1.5932017778801657,0.7024604919020918,1.728587570727063,360.04477132682354,1.592371403375768,0.0008303541332311181,2.0371166568537902e-08,True,1.2382368132271578e-16
325.6060655010945,1.2668564135001228,6.934694276156993,1.7172979815724212,320.8190625753638,1.266398089918558,0.0004583172195276493,6.36203697368927e-09,True,1.71173298840617e-17
301.23947965192895,1.973665520099617,7.2098081489336,0.19937349166245677,301.3529596881446,1.9735116718977863,0.00015384779427770796,4.075528484526219e-10,True,1.2523135479295262e-17
307.53992211707236,1.7242218973177856,5.924164101933207,0.8038921046075334,306.44685767526465,1.72405191909843,0.00016997763067267975,5.88682763051606e-10,True,2.962786549797135e-17
347.69097819678393,1.6834390516467312,5.108080847418253,0.6337694653010546,347.06598149522546,1.6806097793587067,0.0028290617911294925,2.104968948758312e-07,True,9.541086509091588e-17
334.14694865496466,1.5739502358445092,6.741761523013226,0.808606343107059,329.06214146653303,1.5729312324300695,0.0010189768774306583,2.653700910791417e-08,True,7.12082569766162e-18
302.73177593645903,0.9149330412447605,7.248858136004116,1.8766602506493666,302.2748338756504,0.9148554320175859,7.760900208468749e-05,2.250899848178198e-10,True,1.2606392230408755e-17
328.03936837338614,1.4507423371404315,1.8859645029911412,0.298798841029412,326.59136793703254,1.4505227085518122,0.00021962727015740251,1.3184619398746482e-09,True,2.514054663322922e-17
303.5466789540146,0.9422595108290155,7.43278338610468,1.367667481399386,302.896970212409,0.9421730847158977,8.642584096313462e-05,2.721546881888336e-10,True,9.154279369009111e-18
302.1701432439986,1.5608908419651621,7.679322155284413,1.3496787311450724,301.98049792164363,1.5607540689992099,0.0001367725569687502,4.0898347113440673e-10,True,7.288357003448297e-18
336.25605035896274,1.8428556455325915,5.120442330958579,0.6084136027155342,333.0143173450234,1.8416543082362038,0.00120130510411291,3.21922749344561e-08,True,2.675335749911268e-17
327.06245046037554,1.5928161614951764,0.8244291594209202,0.551844314210983,326.46411568480374,1.5927117209961963,0.00010444022764575164,2.713343913674794e-10,True,1.045269659821265e-16
326.828575736173,1.4186310019664328,6.96109906526008,1.9406273084681773,322.02171165984544,1.4180667475362028,0.0005642457583127295,8.671917059754497e-09,True,3.2367696981528786e-17
310.61422893986077,1.2627034742648091,4.464793930026357,0.9336772328168543,309.206241062885,1.2625856715346973,0.00011780233719469267,3.9291712677315975e-10,True,1.3025494839510196e-17
310.42224476648573,1.3905479392122904,6.43619756091811,1.830071414603137,308.5958476129011,1.3903700568515558,0.00017788155030514782,8.104293690048165e-10,True,1.0747671569899647e-17
342.93071196747366,0.8063162890609713,3.6454426603070176,0.47237105107386695,338.6355838215741,0.8057637583122262,0.0005525147106336481,1.6038111433998526e-08,True,1.6049967086030643e-17
301.42566754486546,1.6740960059954015,5.716062827394931,0.2535390978562793,301.4322021955297,1.6739918363185564,0.0001041694564527957,2.2039216771749814e-10,True,2.8443195322172086e-17
307.434178992951,1.856047353111503,3.950676473851002,1.0290308126119547,306.7007499398654,1.8559227240642227,0.00012462875281785195,2.944623619952447e-10,True,2.0967883101232965e-17
347.56670840580944,1.2516614627932041,6.342517252843206,0.355226894144559,342.45821997750573,1.249732171699757,0.0019291624997851225,1.2859366213339423e-07,True,1.208553499359583e-17
342.7037216863258,1.9673021680961928,2.62636782458572,1.2830974831501738,342.16393333626564,1.9660697835742085,0.0012323512180307202,3.3303953815173345e-08,True,6.338735068654776e-17
348.4321114814085,1.4305738136334893,5.002235144107523,0.718053246123857,346.02389850880564,1.428373455764649,0.0022002088488605742,1.490199798208278e-07,True,1.651001565338854e-17
342.0031860765893,1.2014413789108684,2.414014789776462,0.3475401123381761,339.8326617544548,1.2008498902515923,0.0005914762492544763,1.2410021666531659e-08,True,1.994689173284864e-17
301.9485035853752,0.9074130906528431,1.378464295373821,1.0429092708035097,301.88344451230176,0.9073989352601362,1.4155385176770029e-05,7.530230857625988e-12,True,2.3045695235537443e-17
303.2520271035829,0.8030112477150283,3.196045002178109,0.6795243609128293,302.9465674256412,0.8029794412557185,3.180641604599452e-05,4.326380600448235e-11,True,1.5802124845598716e-17
334.4505571109796,1.1244728658760168,0.5156358800219054,1.1814281039787822,333.95298047354845,1.1243939672896668,7.889835775620264e-05,2.285939098261743e-10,True,1.8416899278255033e-16
337.18398845764966,1.2628585397323984,3.0796162694865643,1.5452712563998752,334.41635594275806,1.262312079100015,0.0005464508403494766,9.79203385256066e-09,True,1.6369599055591886e-17
332.83429376012805,1.1445043310712293,7.3369030366766035,1.2449135877092876,326.56314672175057,1.1438319625280624,0.0006723528760055872,1.5667161128556836e-08,True,2.263980883993811e-17
344.17489750687884,1.7597955424946279,1.1376283838302095,1.3257021501000035,343.8581305594556,1.7592609603194729,0.0005345751108756223,7.064279256937554e-09,True,1.1671124636277817e-16
305.7824852302807,0.9012052221675185,7.150312872877986,0.49839218708067984,304.63663572326993,0.9011130751355007,9.214670485504809e-05,3.271628304126708e-10,True,3.836079590173639e-18
354.2236068356093,1.6291871402419598,3.526516745290752,1.4261340233073434,359.6329705698101,1.6250374214687489,0.00414922124906945,4.975241416254502e-07,True,4.7063177265923925e-17
310.2862249557448,1.526186903829065,5.8215303399372935,1.3397220069847944,308.6739006924043,1.5260091783806409,0.0001777247109679785,7.374559626895352e-10,True,2.709075484919252e-17
326.605808831921,1.0418126378721537,0.9077687891569759,1.564350533788418,325.81918230418484,1.0417409036311065,7.173404605673005e-05,1.9499064883417293e-10,True,1.7239330620068512e-16
338.9165921698168,0.8385428784942666,7.342570014143245,0.11093928322735061,331.1872043955062,0.8378543581674763,0.000688497314220524,2.3012569787477297e-08,True,1.3315901950962547e-17
309.27500659242133,0.9355442004608152,4.067848591111816,1.2998028415987326,308.0730835114752,0.9354717404593875,7.24598022180019e-05,1.9920967441277254e-10,True,3.2224779528003373e-18
302.3499364294655,1.894803651008799,3.3949696477476947,1.6154882840411682,302.27440620292276,1.89472837471138,7.527619517210167e-05,1.0224707962189714e-10,True,2.1007047233710403e-17
348.19664124038803,1.3537036739073458,3.6530382277270297,1.7223611688414937,346.1590529636094,1.3521690432671438,0.0015345540137338507,7.662646796748336e-08,True,5.931219560220316e-17
318.61213085852023,1.819642838001855,5.50249323181581,1.6468558066040955,315.98272617188576,1.8192830495265675,0.0003597858233788537,2.651908451620495e-09,True,3.6634470110998263e-17
328.54889915429897,1.619466362456136,0.7418198870270558,0.7790009756348129,328.00575478985445,1.619359431697092,0.00010693047686378625,2.82180086814902e-10,True,1.8914879316838774e-16
324.6363695378378,1.7493881499036164,2.2982332601967173,1.4224260582807915,323.16065216702316,1.7491378391944614,0.00025030931644916114,1.392705982590981e-09,True,9.536784699748701e-17
355.1181378133828,1.0148622365543338,1.7970625554062811,0.7502028721996028,354.1429399018341,1.0139203128692045,0.000941883649845989,4.003528337933943e-08,True,1.8376684181980178e-17
313.2327886977845,1.2324868954607777,3.6594843177414864,1.6196286696325979,311.73547856196495,1.2323711917353752,0.00011570333089282811,3.9450954495511274e-10,True,3.0253242568799617e-17
332.65005948307567,1.8047868255941206,1.8744367566530442,1.35017939203608,331.4006502132993,1.8044024927895868,0.00038432947103532797,3.3334987076825447e-09,True,9.043979721343858e-17
340.7032523304339,1.4063676858544247,3.230294805726405,0.4953816138173654,338.16460467765324,1.4055406593646638,0.0008270059416883656,2.0548072791770013e-08,True,6.191183333332978e-17
353.16260631408585,1.0189206285781685,6.420814617331765,1.268408689398326,347.46924763686184,1.0167121545390545,0.002208261610216223,2.1242889761062528e-07,True,1.8521223255788813e-17
322.26694425551017,1.4236323561341733,7.652248694996458,1.6585447530894,317.8134769906454,1.423180983397446,0.00045136734243752,5.394289697682839e-09,True,3.0848037884703055e-18
350.5185509005281,1.0008220779312225,3.373886836335001,0.7814610260940605,347.4561848470532,0.9996820140961573,0.0011400062625690748,5.757249600681103e-08,True,2.3744765770835532e-17
314.6831775987099,1.7156035999007693,2.644595543855519,0.3036303168062831,313.56762709577407,1.7154688376943608,0.0001347618175840245,3.8882428368433115e-10,True,7.843085754052203e-17
338.0822515420373,1.9263804498492596,7.028114773599537,1.4472694285412224,334.0332508359903,1.9245294165400229,0.0018509597697525595,7.353948415543628e-08,True,1.4488595469028396e-17
322.7270280641706,0.8589943807215845,3.849350644369783,1.2797121061146974,319.8950891655328,0.8588335747195375,0.00016080485344646916,1.1486004961857011e-09,True,2.0242469694784486e-17
310.1176610553382,1.7787586708569165,5.580905524899664,1.4940715829465903,308.6725032466694,1.778560116816852,0.00019855325033336246,7.89730936294526e-10,True,2.1917442988613664e-17
347.33566733123587,1.0561232459629177,5.765782876085584,1.272299540609968,341.6488675688209,1.0547209894228662,0.0014021763804143751,8.015963698311675e-08,True,3.702015250933672e-17
324.2213008436627,1.8130458343074236,1.2654103425718266,1.6580511593848442,323.4219605617587,1.812900169214286,0.00014566463739903746,4.5573854294949847e-10,True,5.19244971618181e-17
343.92520337811925,1.9276046210344673,5.27288350445928,0.8276732179324484,342.9295665959422,1.9250552209291416,0.002549253979786812,1.4612553857933206e-07,True,5.4288494826892655e-17
345.4874646787135,1.2498586841802253,0.9558012869543547,1.741449243000932,344.7909454869896,1.249519442679433,0.0003392374764061958,4.0243863131720556e-09,True,1.750348034440661e-16
356.18003543037764,1.2106030148331999,0.5098467398355664,1.577762692332025,356.19461596920587,1.2102407847917411,0.00036222503220624736,5.0092524783701235e-09,True,8.377144001792878e-17
332.27761951700035,1.3339020939825774,1.8541780502217353,1.2825748305824536,330.6980983276777,1.3336348391951616,0.00026725261492096224,2.1724949421503332e-09,True,3.768804161603448e-17
319.67632383752243,1.363933698821263,2.349887589393753,1.21748239404137,318.2582329396849,1.363796227341571,0.00013747095615013565,5.235419330431886e-10,True,3.2948416992016274e-17
314.11434931197425,0.8729613094598273,0.8589134895607976,0.5745998468344984,313.67227563774816,0.872938851421901,2.2458016692034047e-05,2.1234327816443932e-11,True,5.72619545911062e-17
312.4942438197008,0.9877283418526245,4.084864864220954,1.6717786906527772,310.8647975849774,0.9876318584875895,9.648302457399279e-05,3.404610811730384e-10,True,2.282601060446861e-17
347.08038485064185,1.7005043701483933,0.8213369688210911,0.21235700426443727,346.9934855034892,1.7000463460919917,0.00045801860448982807,5.451911804238554e-09,True,3.540351488133234e-17
324.523749673195,1.5729054583611413,4.854445114901098,0.9194067100587978,321.38813935020545,1.5724895075827405,0.00041594654429883635,4.234101828378278e-09,True,1.5684871234673152e-17
314.71074402124367,1.130069435780011,7.593290388289166,0.743131941096699,311.5765582075271,1.1298521245753466,0.00021730968824929515,1.5164151364797467e-09,True,7.860703563979621e-18
322.52700345154875,1.933491811968247,5.426570721850426,0.8208703195144662,319.57605288254877,1.9329938850358563,0.0004979220485888,4.883801649290808e-09,True,2.642704093743027e-17
311.68426117728376,1.384226800713932,3.116404404107281,0.16684051842779313,310.57755416537117,1.3841260130546758,0.00010078739463788399,2.646184392951954e-10,True,2.859306710032986e-17
303.79581145437083,0.9369648712281724,5.474418617461991,0.4497082642464824,303.2393669650125,0.9368997007225057,6.517034969709061e-05,1.5596946711657062e-10,True,2.3316430532034663e-17
300.32464985168036,1.7834494122262374,1.1265494110402519,0.7081696431170148,300.3767796945493,1.7834294449518038,1.9967266886051755e-05,7.547528537466794e-12,True,6.383708336570587e-17
304.46369910353184,1.981071665241624,4.5081049094718555,1.7809892958534934,304.0795623783551,1.9809498152002194,0.00012184978211330944,2.592915555461948e-10,True,5.071335437587149e-17
313.8667826360815,1.1134273275675293,2.2381305256921333,0.6217023667096616,312.8380632697703,1.1133574892432545,6.983816409388506e-05,1.601809074270502e-10,True,2.6993893151841973e-17
302.75171145457784,0.9493898867345709,2.5117056941629765,1.853682237359418,302.56689393935386,0.9493612756563324,2.861104870234748e-05,2.953613915758918e-11,True,2.4826813851094597e-17
330.21170295988946,1.0975504572475483,3.241473896316111,1.0064379930812113,327.345043367058,1.097248729682331,0.00030172426168605625,3.3035311270746496e-09,True,3.391502156398795e-17
333.3213857763759,1.8299855110675818,4.123446353983745,0.13680247212867747,330.5914992593718,1.8291765224531211,0.0008089741095520517,1.4504908551094644e-08,True,1.8734386292247283e-17
331.4395947774359,1.7255001807296244,4.829703786869113,1.7502590838052745,328.06322221514284,1.7247555820179679,0.0007445858613213017,1.2850335189649643e-08,True,1.4529767414311862e-17
309.8945085951308,1.4930394774658473,4.073677401516278,1.947349356503948,308.7461665365152,1.492917085675951,0.0001223914322434572,3.5765266635569565e-10,True,3.634167350770035e-17
308.2967626127874,1.2491625734457565,2.1586258165018433,1.9594861013342393,307.7324188385049,1.2491126526986576,4.992067643995048e-05,7.06589247111384e-11,True,4.903104200255411e-17
325.6690320452793,0.8099112706791302,0.789939426614781,0.5784881115141743,324.95478629582675,0.8098657427518445,4.552782674736882e-05,1.0053819674879039e-10,True,8.01955946042384e-17
318.1778338375762,1.4959492565008152,5.219633632933725,1.8128121702594047,315.53689626205005,1.495678310233737,0.00027094444265809525,1.8244200853606237e-09,True,1.8075916729167997e-17
336.16050998214916,1.9199183947413783,7.363442321241094,1.8411269456825532,331.60830300501124,1.9182894212968264,0.0016289170528854275,5.639166625181159e-08,True,2.3485350804754236e-17
311.41232096373045,1.0400275026686083,7.6196269306788995,1.3324519051428005,308.95612588905374,1.0398652789855791,0.00016222277975886247,9.032703533670905e-10,True,2.7386064750332296e-18
320.9924174987782,1.9105404900384446,1.6175802331712916,1.3155125593172536,320.0905379883032,1.9103879182857495,0.0001525712873230903,4.6537229617499145e-10,True,1.655382193868844e-16
300.3015427127415,0.9117728754458583,0.9632390078025563,0.5887530302804739,300.318774103294,0.9117641909237221,8.68451934451885e-06,2.791672858251531e-12,True,6.391081769465987e-16
335.54933225138336,1.8633305945141099,7.093859381731531,0.2091492596342311,330.95962196230903,1.8618761950867844,0.0014543532769594797,4.615036611672366e-08,True,1.3587823909184183e-17
353.8751176184983,1.4728582428836026,1.809913822517918,1.4821392396490136,354.4953371226006,1.471450954111634,0.0014072270885385624,6.168342989462678e-08,True,2.1162170770937337e-17
325.9600121992697,1.8651970068015573,2.9695973857929503,1.4334118062044194,324.0945322515041,1.8648272869359643,0.00036971700036300746,2.865230022737429e-09,True,2.761295920721278e-17
336.1988001833083,1.2149640840064577,3.5182899997410977,1.5712677048737258,332.97261083714943,1.2144213671438087,0.0005427069014294414,9.961219766838124e-09,True,4.164154130131664e-17
319.35269630593956,1.1337210870816055,7.9335142639299665,0.864965035838139,315.1004478377615,1.133419538965029,0.00030154514236815585,2.9742082385678296e-09,True,8.342575159380649e-18
349.2287372891283,1.6220472371131445,7.628332916785774,0.440993335520194,348.9933504105505,1.6174421585628247,0.004604493569539053,5.849807807116287e-07,True,3.095020748401113e-17
343.0135683179426,1.044765645516225,0.8568884321681024,1.1920427286104935,342.1673938834787,1.044551974088825,0.00021366954296693773,1.8844331194146243e-09,True,9.870011962444495e-17
319.2002674816495,1.2647110070991485,6.292962810143287,1.0482903808268267,315.78633258820383,1.2644293929905117,0.0002816117737594686,2.3348773831450226e-09,True,1.3375784478315986e-17
332.1543279770079,1.5646326890723086,1.396688985839646,1.612081071971706,331.08787966119655,1.5643898775712082,0.00024280996906475804,1.5320354742064813e-09,True,1.176684890625021e-16
359.3008461318397,0.9152498822065397,1.6221160553326306,0.5902951523603729,358.67344888979693,0.9142366877529833,0.0010131419662995705,5.248725678474026e-08,True,3.506764556332632e-17
303.9570410617339,1.841234647557375,6.501205303560829,1.546081352292763,303.4988697632867,1.8410791726911657,0.00015547441371325418,4.524959032871492e-10,True,3.687634562287662e-17
332.99685949005334,1.9167952763647285,1.1218801325208478,1.6386558869588672,332.31252142123077,1.916534612837056,0.00026066207680876827,1.4508637384569597e-09,True,4.066289754512139e-17
347.54405475615454,1.2356120825168997,2.6222480961971963,1.0935150838167214,345.68734749198086,1.234636762297893,0.0009752864020613551,3.381694521919334e-08,True,1.3681843124136802e-17
317.4085230939595,1.2191266727352523,2.7988271664075697,1.8962269720277214,315.86685971689866,1.2190051584231407,0.00012151386097083483,4.5114070261925487e-10,True,2.5006465630237645e-17
316.47743635853635,1.7456277622916492,6.268735688251365,1.851917306818275,313.8081718602337,1.7452964974196958,0.00033126255925922706,2.3126943417914475e-09,True,3.716071603710542e-17
337.36692189138756,1.010115999623511,1.263209672647518,0.5655311850669101,336.05730107602864,1.0099149825873093,0.00020101536541642604,1.6707850957710049e-09,True,1.2482962202040505e-16
336.6677278912991,0.9838887131393115,2.0147512258928364,0.5065559370973574,334.5732909077565,0.9836070687936584,0.0002816410046928964,3.3409600832173053e-09,True,2.58129828308454e-17
328.9786729439246,1.0815034826193242,6.917348232038495,1.8572932230671457,323.4593664045598,1.0810273361254048,0.00047613832601829366,8.167901092916871e-09,True,7.79254490362571e-18
350.5367932375011,1.8385558370722266,1.7305228371728418,0.8548157775314984,351.5337810712981,1.8371607153301739,0.0013950738766200026,4.786543270438135e-08,True,2.446873833697563e-17
305.57380912983723,1.9353804181869223,4.033592473099784,1.6161926233316,305.0757460495488,1.9352645799710602,0.0001158379744390053,2.4142297123941365e-10,True,4.082058764753067e-17
323.86689772217153,1.4723159651504707,6.010051891901034,1.311586248112391,320.05817740969945,1.4718802878429682,0.0004356723831955395,4.924307041985338e-09,True,1.505876301891646e-17
357.42341557717594,1.4913623616052196,2.674387863132016,1.9832653112495706,361.68223635906753,1.4881027942676048,0.003259228923065913,3.384145486947016e-07,True,7.477065233968215e-17
302.83831038208643,1.4336902328662204,6.711025036944394,1.1770280122930425,302.5005891127975,1.4335754482574319,0.00011478429410544988,3.1468323013965286e-10,True,8.79189316638854e-17
336.79840988873815,1.5656996654666253,2.4442676602337405,0.1488719537970013,334.98742256852864,1.5651400290629363,0.0005596280953662822,8.308322642702413e-09,True,5.4832361762095234e-17
358.5447585395794,1.5893207239021128,2.1518034848684167,0.5207891860626359,363.60691068892413,1.5861863460845205,0.003134081650342247,2.961672501257843e-07,True,4.151768881439437e-17
325.3610370463097,1.2655633760662517,5.756684593394991,0.32869746302744995,321.3113557630552,1.2651688180596543,0.00039455327352198904,4.733075384986706e-09,True,1.0035274566017959e-17
323.392134997312,1.5401030669380584,6.181314393546437,0.3122290251060218,319.6145543708046,1.5396499687072933,0.00045309315247096967,5.078294010347978e-09,True,2.496608613311583e-17
314.41371690223843,1.6999434842931653,2.7618326658776553,0.8690912078041927,313.26914292696273,1.6998073066188846,0.00013617727431919528,3.9996176096432785e-10,True,7.347913894159751e-17
336.7679516607569,1.846248804530721,1.925525235045661,0.8293081026689044,335.65289155257204,1.845704288426526,0.0005445094105779107,6.6936173649698696e-09,True,1.2437130872982703e-16
318.49492217824155,1.508707958738377,2.9650365885945793,0.3972910359214447,316.8832782450849,1.5085354899270942,0.00017246807239193476,7.388908587170163e-10,True,1.750315105727812e-17
305.03240561347036,1.2864302878465284,7.895588189452145,1.9717592003526772,304.09023486340203,1.28629158863206,0.00013869869704177207,5.174263087783073e-10,True,2.7326083447047742e-17
323.5450097004492,1.0016098382704695,5.451347547938246,1.2462323581728725,319.70183555314003,1.0013482135412397,0.0002616221245687458,2.604660972215809e-09,True,5.521089860892299e-18
344.8016267076988,0.8291005301351856,3.345283605215834,0.4087365959405976,340.88163199383973,0.8284935347673886,0.0006069763214989702,1.9046297946449088e-08,True,1.25578765367682e-17
345.5670310365882,1.7256868647379777,6.1034634844518685,0.7302279023773008,343.53299372310937,1.7229378050819022,0.0027488692307664118,1.9042530916355462e-07,True,1.223618331377986e-17
301.78765305800147,1.8483393345164882,3.6644610732241745,0.23832456542642838,301.76935863811144,1.8482634330785668,7.59013317100198e-05,1.0621146143671148e-10,True,1.5530948447921886e-17
305.9680444131874,1.774623239570502,7.614388810393785,1.8642261739341062,304.9877414649144,1.7744242178223115,0.00019902097138737744,7.768032080756077e-10,True,2.2378399257910505e-17
317.2125215631941,1.195021587312308,5.378975747308627,1.9101817370790701,314.48047686488223,1.1948163491869328,0.00020523682331453856,1.302060602668726e-09,True,1.4423655012513904e-17
336.6053674596914,1.0886206166950925,3.6124593572252683,0.38087339109346613,333.08291028237363,1.0881174315879667,0.0005031755445574625,9.562568263958118e-09,True,1.7464568303501632e-17
324.0636847277681,1.0229105762583632,6.652827270323704,1.6185105752851563,319.4499046770196,1.0225907440491788,0.0003198284031198548,3.806064602360111e-09,True,9.013003540111745e-18
332.1732502058723,1.3057556165286335,4.3809779804769855,1.608526255215273,328.4998996968812,1.3052280348558625,0.0005275731270395532,8.5457312527953e-09,True,4.7935817150516066e-17
349.0155609549711,1.1675544370980724,2.103351714510209,0.59354240265583,347.53651557110874,1.166720613267192,0.0008337974321970509,2.6398683327062144e-08,True,5.326085516759907e-17
355.4847809404097,1.183473489849126,2.446986850373837,1.8281051507840045,355.14514754962505,1.181882342461562,0.0015910489105958262,9.847696813215982e-08,True,7.149446659546234e-17
358.74906373079517,1.1408323651488126,1.780312942114315,0.9197545620846538,359.13864317215194,1.1394067924486824,0.001425489146154117,8.355397614595595e-08,True,2.5737165901231493e-17
338.6229947522973,0.9488141675182256,1.7063362500070773,0.8338691422266684,336.7868437407549,0.9485459533121938,0.0002682110267656061,3.179266019771801e-09,True,6.519354956791639e-17
340.758328759357,1.171843889543291,6.806855782271818,0.9384395386156154,334.3316397799317,1.1707302971772389,0.0011135485422244826,4.382382766160171e-08,True,1.1122038827714298e-17
323.9209359245098,1.0751218321646359,4.337601551819212,0.7346054547537912,320.7777928762189,1.0748792703883985,0.0002425596772752795,2.098962121836675e-09,True,8.512307483826733e-18
331.2671810865575,1.6081295924159642,2.116671314190852,1.895579822425262,329.6906753051256,1.6077874193612331,0.00034217011712077964,2.9376102353003394e-09,True,2.1537091650092734e-17
323.81626615763435,1.0608249178269857,6.039245516650099,0.7583341287670093,319.6323821643274,1.0605195780118821,0.00030533646661377525,3.3484897647952616e-09,True,1.2021241331643864e-17
351.9857767440361,1.2437374205127736,6.953871752704142,1.211138909947451,347.8259743029621,1.2407504080481828,0.0029866934702659806,3.1899432483896844e-07,True,1.5664371430362982e-17
330.71681013856477,1.9341306686770394,2.224323473262012,1.9120726566151602,329.3153986759887,1.9337097317998613,0.0004209331884980824,3.688680198484886e-09,True,6.20440365585809e-17
325.1367564013011,1.3182670491459856,3.8541718723492213,0.5235547836423935,322.3651348512875,1.3179690812414595,0.0002979652973971096,2.607128957209636e-09,True,1.7868867498612965e-17
300.85619160990666,1.3347227969855364,3.1436456535708417,1.0203662296869642,300.88719062987775,1.3346792158852316,4.358105209703056e-05,4.820779835792793e-11,True,2.7318120466875675e-17
306.1062220598402,0.985222421149655,6.401433010945839,1.4449642815464518,305.01138327971296,0.985129344356654,9.307648692890944e-05,3.060720025501075e-10,True,1.0552729786514756e-17
333.1580336681775,1.6479828169490498,5.420696577806216,1.725205335977562,329.20420552545613,1.6471160056662149,0.000866792930979227,1.835185586407782e-08,True,2.776623398919113e-17
313.68313883518067,0.85317727292864,2.583057732362608,1.991955249823682,312.46524200770114,0.8531173260296983,5.9946745272719337e-05,1.5366897024075367e-10,True,3.16090734711536e-17
319.6139332473464,1.3883307904314628,6.310009960612243,1.9024586186669428,316.20768029279503,1.3880104183436621,0.0003203693280591229,2.7597415718664077e-09,True,4.935886347545148e-18
308.50345983970783,1.7953442022258037,4.420662298889345,1.155187383872051,307.5367220969643,1.79519963123443,0.00014457057954596472,4.1182750151029e-10,True,4.5662770427381905e-17
307.34283131029855,1.7647264831720575,2.214997938457913,0.8003609564821219,306.9034626680538,1.7646589162263215,6.75668545934512e-05,9.114269236753811e-11,True,8.977007209266609e-17
350.3929228272135,1.1843504850675532,5.739534653114739,1.0169843629469015,346.10073287825776,1.1822503271275135,0.0020999938594720552,1.6408056770627118e-07,True,2.5706959246949696e-17
353.27859533258226,1.5099772347191487,3.5002099343629194,1.9347971332129204,354.90455530927454,1.5071179019209393,0.0028590837056409763,2.4909256856858597e-07,True,4.730290253816792e-17
342.50798390221746,1.8841237411707579,1.5497595224999638,1.6846274359488875,342.0719265110007,1.8834313734287493,0.0006923567740537598,1.096795474737263e-08,True,4.208754070542151e-17
348.858467226771,0.8445583463179133,6.112533522310377,0.7132132100505223,341.77195383477726,0.8433598273185047,0.0011984457188265844,7.32805820817895e-08,True,1.6186293563541613e-17
345.3657847692996,1.8104061659833828,5.138304971114571,0.7675738819777915,344.3521519722282,1.8078426830206002,0.0025633244960855295,1.5846669700658957e-07,True,1.0193012229085823e-17
316.26265988798286,1.1838541286838486,3.317489090946213,0.7484202977845855,314.56411582095427,1.1837278908838604,0.00012623730252046684,4.974679434075371e-10,True,5.887617419622428e-17
349.10125969998245,1.1858970677251222,1.0537712170673679,0.7564370450229414,348.43197126116155,1.1854473580758116,0.0004497020579349275,7.591375584306298e-09,True,5.988706762869306e-17
303.0388461465667,0.8263677820213148,7.240682472735096,1.3682883515940174,302.49086006090045,0.8262964591811777,7.132262936160915e-05,2.107756029294433e-10,True,8.538373123693669e-17
346.11713402321493,1.3846846725728759,7.904512426330888,0.12083254374499781,340.1026880129573,1.382413952385142,0.0022705610964307552,1.5909130312239414e-07,True,3.640304613813489e-17
303.74893137260227,0.980520031131945,4.455880306297788,1.7858977651942536,303.2947491084749,0.9804642573797966,5.577364295018723e-05,1.0919831353779326e-10,True,2.902472167943942e-17
303.1088997950812,1.9939623602773455,7.752114240703194,0.7019943334972906,302.813070699048,1.9937729721057005,0.000189387554414206,6.172308019354361e-10,True,5.1839360475241895e-18
305.0847698450436,1.07883090436167,4.7652082992887514,1.6362278947988798,304.407675553142,1.0787587936050225,7.211058953380426e-05,1.6711366935830501e-10,True,7.550467807836157e-18
325.9014352270378,1.067033318358767,5.279990959388037,0.1929593287747,321.8969433848452,1.0667143886607797,0.0003189260176222624,3.6803650062010664e-09,True,1.1881977174318211e-17
315.81781025348596,1.0591618586187268,2.1941207440228743,0.7099441739753789,314.6561334031836,1.0590866138020254,7.524461904851618e-05,1.9765291647796405e-10,True,2.902635721092534e-17
334.124187023868,1.9137639146902623,0.5946339095636075,1.5568638639586039,333.775327629384,1.913610982334147,0.00015293185194938894,5.041657950405448e-10,True,2.90115670815522e-16
318.71290396161726,1.1515948026605314,0.6117985284486681,1.5213851096398086,318.32268035631364,1.1515644307112398,3.0371919015502277e-05,3.0276119062883815e-11,True,1.029938345035694e-16
302.7145150892956,1.8968752519387249,3.9606001840060148,0.8249978911802317,302.58106216793334,1.8967850037419682,9.024804965554714e-05,1.471010957278155e-10,True,1.72460967928517e-17
316.99721989842976,0.9884768664361175,5.970807060095842,1.663823355503787,313.93993472966315,0.988296320541685,0.00018054468027728905,1.2141551184580535e-09,True,1.8286087255249725e-17
349.3070381213944,0.9050065953435986,4.713901624845359,0.601777119943743,344.1848336965278,0.9038437272226821,0.0011628029522034874,6.516871290670703e-08,True,1.8702517331518425e-17
313.8496339144831,1.710760027276411,2.5895893665318646,0.6095638448957214,312.815319676954,1.710636098207341,0.0001239287408345099,3.282355765718424e-10,True,4.3684533968959165e-17
336.5009178344186,1.4630860541238224,4.35911198919101,1.0579406476059074,332.99185952001744,1.4622753004930555,0.0008107351666996607,1.846406724501549e-08,True,1.0032378403655949e-17
332.60203499109645,1.047774813635466,0.7427021002526667,1.1977050488112118,331.8750358837728,1.0476833616776302,9.145163192138973e-05,3.2591438530183366e-10,True,1.5011251422682858e-16
317.84241153182177,0.9242109705956372,7.790071602439786,0.9856405415458761,313.830279923311,0.9239926481477355,0.00021832055022212853,1.8976793997934652e-09,True,1.6731806801037013e-17
320.2545815921323,1.6158044097938622,6.604906724268993,1.3306273992458288,316.7798794081924,1.615396303449725,0.00040810248303739755,3.861099674364472e-09,True,2.7216355395953378e-17
302.6779712989829,1.2886765006045988,4.808586708632488,1.8615220661683294,302.4215390345254,1.2886030700311777,7.343043022343796e-05,1.4319774233587897e-10,True,1.1485028765610862e-17
348.35841366201635,1.467721553456955,7.949820557267348,1.5323398961369392,343.95906220328595,1.46459075622965,0.003130506054370535,2.911729343169289e-07,True,5.5148493320686926e-17
336.47322608733157,0.9587087682368175,4.517028052755341,0.5955037826590739,331.88229242089005,0.9581998114928324,0.0005089457066922655,1.103729281882826e-08,True,1.3240841669629579e-17
332.080969156137,1.5815439281031187,4.325100796952064,1.5498134043727412,328.83622789252036,1.5808975246390777,0.000646392852634387,1.0611406471164582e-08,True,3.132286636769745e-17
317.52716679189274,1.240516029448743,1.3582397027741133,0.26331712277967934,316.74485423126686,1.2404517608769978,6.426844707185554e-05,1.2467314588425653e-10,True,1.0194641466618618e-16
327.2703306269731,1.0769866565649941,2.9791904324938416,0.762981582564041,324.7897977015763,1.0767611387387743,0.00022551597260355623,1.853616292402636e-09,True,1.6093933786950717e-17
321.0467071961815,1.0147865560123255,5.534310912372292,0.89948875058811,317.54211255800914,1.0145586808864755,0.00022787320036730355,1.9254827919055897e-09,True,2.0775434454953454e-17
332.0761854568535,0.8565445076348411,1.8484288084244878,0.8232263143065528,330.1828570905233,0.8563796214188983,0.00016488493179562863,1.284147164752972e-09,True,5.4838321230189145e-18
324.4181965604702,1.8146266504334163,2.529118137820354,0.6904317015506436,322.84256467368755,1.8143476538424168,0.00027899492603351996,1.6649661815058679e-09,True,8.07995902896612e-17
338.868419467836,1.9130033736930654,3.901282544794237,0.12997190702328074,336.89916464887966,1.9117578263022006,0.0012455133530898455,3.403777469078095e-08,True,6.796094543235384e-17
321.26487411556593,0.821401208175816,5.191301943467778,1.7367327885841517,317.7877981777791,0.8212248639626817,0.0001763427864779058,1.4266562925638973e-09,True,1.784738008530464e-17
343.2411498147336,1.277072330411293,2.904360152295298,0.215750384198498,340.848369843683,1.2762623365671577,0.0008099718311226804,2.2013012571838633e-08,True,7.264946003809361e-18
323.7656262065699,1.7323810544906801,4.324845286307436,0.5862334239834258,321.12746507004834,1.7319808772534102,0.0004001736844945577,3.5527751697193736e-09,True,4.732434241487315e-17
316.68800762200976,1.6171713741999754,3.7251665291078875,1.765391010748985,314.9253072957376,1.6169721436588613,0.00019922963203982031,9.090744413818504e-10,True,6.034335823295137e-17
356.48907891866503,1.3265533444274418,4.401770263996187,0.09415841784743462,360.2753448171978,1.3221724920244442,0.0043801688872368615,6.835157606849539e-07,True,6.713551684691924e-18
346.1652507910962,0.9067592856045004,7.632286105897453,0.23114770497901727,337.7125890162857,0.9055387328391915,0.0012204834651674433,6.930014133703131e-08,True,1.6996487502587198e-17
351.29975068680324,1.9422263857536974,3.0207307977248,1.8564791231945756,355.6502336368745,1.9389017047700619,0.0033244182780816484,2.627055539812482e-07,True,3.5733675946359365e-17
344.44987053379003,1.9311107855488006,7.7326396358833485,1.961471268932006,343.097212723152,1.9273257718541934,0.003784691711419846,3.2198318712155483e-07,True,2.468021396343957e-17
344.9194759703162,0.915902930382818,4.451583281096856,0.830421622705862,339.99449109183297,0.9150626219539478,0.0008402755321221912,3.289674808429052e-08,True,2.4530071789273358e-17
323.94950664981116,1.3768467492471856,2.4592691544322256,0.25831149910482654,322.219318604917,1.376650324386662,0.0001964237767646716,1.0837591621434371e-09,True,3.972346989165094e-17
334.7531972209262,1.4932712907762506,6.164605996216778,1.8062327183255986,329.8998829835892,1.4923322908272991,0.0009389760877746864,2.386117682732449e-08,True,2.1857202302368522e-18
350.36994009493526,0.9333312449656939,4.180511186997273,0.5475167438456114,346.09198317719193,0.9321258711217174,0.0012053052917132814,6.855226323991493e-08,True,1.6126077309494045e-17
342.6045230047736,1.9350429159765756,4.764917830824333,1.587174535449864,341.20979029335655,1.9329807395301024,0.0020620820656626474,9.438081035830661e-08,True,4.465199512991554e-17
351.1992255479754,1.7134684225398096,0.5062612716468283,1.7755183936356231,351.3834305269811,1.7130914496873764,0.0003769691072143274,3.745218912346146e-09,True,7.125480580155692e-17
355.5087880104987,1.551407756340603,2.62830514299534,1.671316474593684,358.42301312902634,1.5486688813127283,0.002738648880987813,2.2614688679861422e-07,True,4.5979294651075705e-17
307.3736387170578,1.4046615142178556,4.416037130445896,1.490012318895871,306.4713007708409,1.4045580781598648,0.00010343579037141243,2.6761945726965937e-10,True,2.410020051607075e-17
330.33370600172725,1.9474678728456898,7.848264887467035,1.3833791829651303,325.4650339485861,1.9463390020582638,0.0011288449939743331,2.5793451581837512e-08,True,6.557693795652905e-18
331.4172989839064,0.8734235832481299,1.6852682348032233,0.6603264013105321,329.7185423507338,0.8732753128703648,0.0001482693620861847,1.0156790600268096e-09,True,9.014189421744185e-17
339.8228967210703,1.7379347287371743,6.186231878418846,1.6396241813211998,335.90575682408866,1.7362599581659517,0.0016747031694892111,6.740173360602969e-08,True,6.487358255533883e-17
309.3197974132532,1.6016338412251643,6.306362686931665,0.6941797256201057,307.8017365451909,1.6014457891780989,0.00018805126464460802,7.824206650652807e-10,True,2.173960410148729e-17
329.6142651219804,1.7220534896906337,1.6126940260650109,1.002538058929359,328.4825363761574,1.7217976193398483,0.00025586882716606917,1.5236193193890934e-09,True,3.997265340865706e-17
340.2559464442426,1.9049259010271578,1.4986275548336763,1.6470860557171956,339.6608276553875,1.9043503236245851,0.0005755699989588122,7.40361377113541e-09,True,3.7319109153435314e-17
303.2312145587638,1.0066925945409442,5.157154282496265,1.1070958881803536,302.8126936716218,1.0066289849537102,6.360944932492833e-05,1.379090337740554e-10,True,1.1354233842691983e-17
319.9205178076204,1.5187886624917715,1.9281488866130547,1.4748474952643362,318.77627183170694,1.5186579388969887,0.00013072316834298293,4.2643969722417474e-10,True,3.861561583912089e-17
318.5586234516937,1.5012662308991396,1.3261914403803878,0.7293103217073312,317.8024466645761,1.5011837875936607,8.244313487983111e-05,1.705989859538124e-10,True,8.06412864375845e-17
338.14988048992177,0.9447596754488793,4.043352884628817,1.3076629148075012,333.89846620271567,0.9442421012361129,0.000517562502403395,1.1710363102305996e-08,True,1.7887172825564723e-17
334.60977654075,0.8555782472103333,4.0792512187743135,1.2087991477005646,330.4097251456432,0.8552089051557162,0.00036933559455562006,6.460061466885962e-09,True,1.461484763469762e-17
346.72759936914576,1.2508852853151908,0.8373567426136488,1.523647315604649,346.166811910158,1.2505597834433142,0.00032549814420020345,3.727676473646133e-09,True,6.423995019232014e-17
320.22278464610093,1.586663092370285,7.153352489835075,1.679288301529393,316.48904981824273,1.5862388086528982,0.00042427947481021676,4.242576528378392e-09,True,1.1414716934582123e-17
333.9569161823562,1.1173885350325747,3.054784100813746,1.3903789930989927,331.08456335022123,1.117009430315542,0.00037909948674353213,5.230289096682049e-09,True,3.313486082246798e-17
338.2015142048118,1.1504713547451955,6.463593679698111,0.4532875609157684,332.13310305922204,1.1495819249573005,0.0008894016539730179,2.8133921889853917e-08,True,1.1380044286920857e-17
340.72030785246795,1.1059008393240677,2.4823101290852367,0.16208473839965923,338.2883838714619,1.105396779688806,0.0005040499233137864,9.711947825264984e-09,True,3.4401850022308735e-17
353.2534242880438,1.684671064490877,0.872482286614575,1.945012444383794,353.81206451631056,1.6839270822745245,0.0007439672009450049,1.5015407454980677e-08,True,5.731113184645887e-17
356.4747193259545,1.2335248565807229,3.5998989201715177,0.09136316497529086,357.1302980191645,1.230769898467399,0.0027546719519975253,2.8616132636418394e-07,True,1.2793608560900583e-17
359.40242062255226,1.191065331676961,2.658302314474701,1.5087582444737888,361.0492597113897,1.188573750961082,0.002491333872274269,2.468436046851938e-07,True,1.2975113653447849e-17
355.8334379838162,0.9396713437059953,2.6607703008508325,0.5085364925513445,353.9956752520896,0.9383923981303903,0.0012788658827230504,7.969288180610023e-08,True,2.874005163194361e-17
300.579980150719,1.240385963693631,7.717522835389735,0.3933415154497227,300.69064177046187,1.2402882147631211,9.774866987576265e-05,2.60634045673492e-10,True,9.454764873124257e-18
309.5812486948245,0.8596390787180328,4.112448892542143,0.2626852992616358,308.3069253167681,0.8595704597414036,6.861878191647246e-05,1.9471275521720862e-10,True,1.5306489536117222e-17
322.87097708511976,1.7852841767183998,3.5374832105395915,0.45086267045421957,320.7726209077712,1.7849558061593054,0.00032836824272360825,2.3163708111686875e-09,True,5.650259711733923e-18
330.6249735244842,1.8432827916845593,4.215950713496964,0.32150418347685994,327.8376773355597,1.842599697875395,0.0006830836984813317,1.0110683171395064e-08,True,1.840996867427714e-17
302.4489533449952,0.8234361990652543,0.9511183210885065,0.903168981975201,302.38118204632246,0.8234269499222957,9.2491394042626e-06,3.5543878544601148e-12,True,1.3702360834293394e-15
348.623465701608,0.9620363795920808,2.7476697243504615,0.503983207466211,345.8859992652219,0.9612303196635019,0.0008060302311182195,2.9697460524744583e-08,True,4.27671787286414e-17
329.9311570288507,0.9961179039764834,2.67040419102176,0.617734061542657,327.47981820779165,0.9958900668062162,0.0002278350933441092,2.076923185049145e-09,True,3.642953330226258e-17
348.5260003795636,1.5773001082597116,1.0633090155582068,1.907215013188776,348.3783002755968,1.5766986430336452,0.0006014550191356998,1.0206930827843339e-08,True,1.0964679369390617e-16
311.23582709334886,1.7610006501811912,7.828529328613486,1.175148389344943,309.0880852862185,1.7607153745252033,0.0002852740049105594,1.651077307381417e-09,True,7.971747935369486e-18
341.1828807498237,0.815755990196622,4.1271771591707545,1.3936693679028256,336.4345159333918,0.815211832925028,0.0005441420737858952,1.5197808203501813e-08,True,7.120979103872165e-18
326.2656588606712,1.1864966801826147,6.606519893845346,1.8310947683706482,321.48624124210414,1.18606652989031,0.00043014428550839664,6.00679636945007e-09,True,7.062318262422746e-18
322.0117194483573,1.6101717963388218,4.8499983942407505,0.2276808324754594,319.15827870075384,1.6098128585672782,0.00035893473170194506,3.039841705441491e-09,True,8.46479331261922e-18
335.72563648415746,1.1605731562538044,6.698758602957391,0.5928735412920874,329.66598014722354,1.159793384961101,0.0007797501472183402,2.114548497580481e-08,True,7.072746163906148e-18
309.1263725456567,1.568688770384112,5.7401023166547995,1.862390276323773,307.74400400568385,1.5685219198157945,0.0001668499396772976,6.28640268117366e-10,True,2.2434656614280126e-17
321.06024122142173,1.3432114954734926,3.9052027256929747,1.7603090084982034,318.64792349933765,1.342979661948491,0.00023183200948315394,1.5155184518028198e-09,True,1.254109940671975e-17
329.52781141263006,1.3335311317345269,4.346141621456441,0.7469525052604438,326.08287320939945,1.3330830268094953,0.00044809897024263343,5.954788882676187e-09,True,2.0378981855310598e-17
303.0095828568259,1.1732527043486378,4.837225860252021,1.0592023887737683,302.6782162579654,1.1731839620963438,6.874211421884311e-05,1.3807506219218658e-10,True,2.8515354691972377e-17
305.4498807116281,1.9614270698816523,5.057228533630447,0.24230020660887097,304.8696906163829,1.961282409395015,0.00014466011561818784,3.710189423111218e-10,True,3.462834513360076e-17
328.0432476541429,1.9934062462963194,7.227378193933118,1.6119392806816646,323.7463707344998,1.9924694557910994,0.0009367733231862592,1.7182033616240195e-08,True,1.8596567449032123e-17
350.6505304919601,1.9063342485096302,0.923237185135002,0.782033039749357,351.2427699134001,1.9055763259896723,0.0007579089193057971,1.3600652168599199e-08,True,1.0189777970188857e-16
355.7354340658309,1.1093631292220474,7.782113888391287,1.2237026712764636,351.14690916041314,1.1056786786467347,0.003683896979835424,5.535954771908552e-07,True,1.2142429136857504e-17
306.2422240901164,1.300982360763407,5.05778527826214,0.9345035889272832,305.387520558506,1.3008821348066395,0.00010022568735885478,2.6940860166045896e-10,True,1.403219878421819e-17
317.11339951313505,1.6354116191446173,4.906299799812014,1.5872515288213307,314.8177730248692,1.635148509809244,0.0002631077685443151,1.5668289198472202e-09,True,1.919924217430105e-17
333.1777110936206,1.8824592139857594,1.5953407949014453,0.6755904208895004,332.17815609752483,1.8820986518828933,0.0003605592781058488,2.824760468782646e-09,True,9.337928645298773e-17
307.6331192566348,1.0941923095582846,5.599268830737984,0.15608058015851406,306.4012534138191,1.0940907428409359,0.00010156638624219775,3.311065960000471e-10,True,1.10739529498898e-17
316.25003441682577,1.996429663128449,0.7359432716391099,1.4998156924334753,315.9162129963287,1.9963771325682784,5.2530508674771616e-05,5.149612263944856e-11,True,3.6567789157368e-16
329.00577861292044,1.568198426814228,3.1652387341239514,1.4057801101254235,326.67836824858887,1.5677974714730258,0.00040095127370154383,4.067500518657653e-09,True,1.7673593287615013e-17
301.24325596901326,1.758677290366569,6.935595129553589,0.5374087073970472,301.3073289932487,1.7585459312710214,0.00013135876221778583,3.333298133868546e-10,True,4.140263913310514e-18
351.07385896168074,0.8226217069346562,4.944194200704641,1.3360984388748443,345.3647417934927,0.8214238023835858,0.001197828002370583,7.654869980181331e-08,True,1.8192347684203264e-17
344.82359790510435,1.1738973296431432,3.3706367970696136,1.3532020871550776,341.8389097396415,1.1729739995424562,0.000923298818356463,3.1282330565066255e-08,True,6.1000343309015844e-18
304.8246852178497,1.394483190702868,7.536495753061244,1.5516803894149411,303.9932290829088,1.3943408511923143,0.00014233900815576055,5.023980290335823e-10,True,1.7615306062663078e-16
331.4616972319251,1.4520797148105782,4.6440238837240075,1.3249852612157178,327.82421945639373,1.4514875584220073,0.0005921467441320298,9.644438949094987e-09,True,1.5294008561019782e-17
323.56441284910426,1.9594829621640604,4.272990293149228,0.18693675375733537,321.1412236001451,1.9590352840484069,0.00044767418440567217,3.93124773843914e-09,True,2.323403644004661e-17
322.6238801883523,1.5203652798226597,1.3748890067577237,0.10005151095920961,321.7121317083632,1.5202485622017912,0.00011671727537112091,3.454975637409296e-10,True,1.3490251519149219e-16
337.0026108575353,0.8216468609986136,5.590121800130984,0.9980650943988807,331.09207941220956,0.8211366012482498,0.0005102468606196586,1.288974424702004e-08,True,2.356416209044517e-17
313.2742632889064,0.8395479900019929,1.2837469771661538,0.2968569685916902,312.65792169190917,0.8395182164962081,2.9773467218586158e-05,3.856621312734265e-11,True,3.740666720583994e-17
322.1412889828652,0.9347983987350229,1.0896420081556422,1.884139790695496,321.3055935880935,0.934743244786406,5.515382344111359e-05,1.2517589673263434e-10,True,1.2583743390142233e-16
330.25602086576816,1.963109688625368,3.8833598809873475,0.21163711714909644,327.83411045861345,1.962439734427443,0.0006699450665426961,9.131382519041188e-09,True,2.0725414723130542e-17
314.8076995123619,1.3388438968265415,1.0359936080861858,0.5578485536856639,314.30437280741245,1.3388002170167894,4.367975717457104e-05,5.2577371679311876e-11,True,1.1847321953544289e-16
317.2526899340356,1.331136104612951,7.196698539843875,0.12217321627834232,313.8558516044656,1.3308450123124596,0.0002910899578996981,2.342591793071275e-09,True,3.469779416960096e-18
320.50756377231096,1.6762889955522264,1.4138727118320946,1.9481069165256697,319.6742633031635,1.6761756502280607,0.00011334503215485165,2.9201097753356194e-10,True,6.550508736438362e-17
323.3471454053842,1.6731240927451156,2.522234028292469,1.8264726576239128,321.74917769901293,1.6728878156767333,0.0002362757814506705,1.286931595147032e-09,True,3.995114857683261e-17
328.348022832598,1.9242337266363414,3.7135274479477243,1.3629598222253034,326.0091937856022,1.9236842037705,0.000549516662556409,6.203285039676343e-09,True,1.252172650528278e-17
352.1835574545219,1.1663133417857743,4.152988634984205,0.49035265401187866,349.73309069044467,1.1644208768601634,0.0018923271892871219,1.377363238661976e-07,True,1.5503601174884182e-16
322.3344685597269,1.8315879160207031,6.912960416611684,0.727185300908045,318.60162886495925,1.8310303779547805,0.0005575316388913336,6.427031332934146e-09,True,6.183276667856632e-18
302.1989638976872,1.5408976489076696,1.9016248919440675,1.0279969328963652,302.13871786951984,1.5408637551329725,3.38937492306209e-05,2.5466498187450302e-11,True,1.5495144108332728e-17
323.7968293994176,1.7634331788466415,4.222801332861025,1.3551627610146304,321.23704972430954,1.7630321214876017,0.00040105385122783904,3.5078120834983895e-09,True,2.163550763428673e-17
317.4757465058648,0.8464366617297834,3.9352749633146007,1.1467583569583575,315.21529951684346,0.8463239580224399,0.0001127031505518778,5.567916925534814e-10,True,1.5667365587310205e-17
338.7951905289181,1.1326320757755777,2.746971947513905,0.35021641746906856,336.1353173142286,1.1321393880477009,0.0004926787709431059,8.956933835499507e-09,True,5.089547543693197e-17
333.2324000321097,1.2409696713579719,5.831600168311338,0.4116529640421971,328.2414912998187,1.2403147112509691,0.0006549462673255173,1.3839677114343037e-08,True,1.7556186803450376e-17
316.5340749052924,0.9234616597888957,3.8405233160208883,1.5886290954249191,314.4669297546261,0.9233485374834577,0.00011312179362415866,5.118139486462802e-10,True,2.4479330648227728e-17
340.0735593183694,1.549771393679462,2.4418045942902697,0.20596533248289017,338.3954452878177,1.5490714460950263,0.0006999342134129908,1.337102258687198e-08,True,1.2790518571552999e-17
306.7052428563728,1.5431315986067056,4.773935718690633,1.9125834204293033,305.87440270690064,1.5430147223697666,0.00011687592710245974,3.0983661170409694e-10,True,1.733528475970452e-17
357.2363105683164,0.8763621778597347,3.9241299674633225,0.42638101416009233,354.0907138855948,0.8745937621967884,0.0017682521142294153,1.6354871684271976e-07,True,5.9563599163968306e-18
333.2676972882002,0.9054474359086389,2.0749027229480648,0.9037098223670958,331.14091619466336,0.9052379149225549,0.00020951901414876118,1.971935172549103e-09,True,1.048393007376434e-17
336.4381548471813,1.325782982371581,3.568120123729321,1.5538246695236084,333.3424486499742,1.325166535315419,0.0006164352549578218,1.1801204279871741e-08,True,2.1105501770089464e-17
307.95401177010365,1.4491810463064732,6.9199380553120955,1.8892204827297303,306.5404512600121,1.4490128667448383,0.00016817887554771715,6.860871036304112e-10,True,3.3520123977934763e-18
333.92233309458595,1.395902374888483,5.066064861235545,1.3515052012172082,329.7610628537321,1.3951880997768977,0.0007142603547473068,1.4756837985379808e-08,True,2.376144820921467e-17
303.29878340265,1.7439387598496787,7.451671808016451,0.6573144394368035,302.90676654679646,1.743778261591632,0.00016049775089963805,5.071469517988251e-10,True,2.2937878040090546e-17
308.6653946847544,1.5308792792733377,7.805163291930332,1.396491115203958,306.98236282634025,1.5306714017045493,0.0002078765736932577,9.950950796369724e-10,True,6.666990719768016e-18
306.5272342595218,1.822994024111371,4.44537240753202,1.5655196162581335,305.8307219971131,1.8228659217878866,0.0001281020085009243,3.149834805630591e-10,True,3.5619749346357276e-17
320.6436054645771,1.5752802581699772,5.9500952847465785,0.26238820154548265,317.38241260943585,1.5749046335445382,0.00037562125828699815,3.3671520433544356e-09,True,1.7325285338052435e-17
325.8458076098023,1.147697232200941,7.832659303767988,1.305860513428264,320.366810548804,1.1472441266569253,0.0004530986983587147,6.845657213653495e-09,True,1.8251256477238163e-17
350.86852948276584,1.5801683387256544,1.2520817719289894,1.7153162742434245,351.0152911970851,1.5793286356311367,0.0008396829743801908,2.012013777553555e-08,True,1.7820528357854823e-16
308.81489965074593,1.2133101055126196,1.2730105124879867,0.7042632099220026,308.4449186526425,1.2132797818107846,3.032367487189391e-05,2.6963156570848546e-11,True,4.739738468522874e-17
332.49577612559943,1.512324415846312,6.442858759997746,1.2268180082836135,327.58601022128556,1.5114836418964632,0.0008407553036378789,1.8646210750695765e-08,True,3.169441027113589e-17
339.87819726035923,1.7521131922108948,3.8943745723679877,0.9321303434120118,337.6215800451024,1.750916485072682,0.0011966726998852528,3.443832753867771e-08,True,1.922955169678335e-17
334.8938085642794,1.5911198916679639,4.939787853891113,1.2209675047611857,331.17271383659426,1.5902416319403223,0.0008782400009981416,1.9726643320563994e-08,True,2.3644974543459177e-17
354.57098524824363,1.6836994751421588,3.2038384935320177,1.317926519620199,360.7131625868362,1.6795409125696,0.004158076711335695,4.858612232185013e-07,True,1.683262264812891e-17
303.91476690168736,1.1642887413018121,5.57018038024543,0.3462926989086429,303.3754982517655,1.1642053840870554,8.335700922741074e-05,2.0552930338331214e-10,True,6.980262573229989e-18
308.86023647150887,1.2826692322179232,7.057279024411455,1.2100883512524878,307.17793329430316,1.2825091720392938,0.00016005947364529447,7.049839854844801e-10,True,1.086321208756687e-17
352.8788317124089,1.5832839880923344,0.7162186177186473,0.6451809586977365,353.1446835197242,1.5827334336646837,0.0005505457072815306,8.720369020959527e-09,True,2.672785742183013e-16
302.3663863244867,1.4172728736291025,0.710518937249162,1.906730652703745,302.33477379869663,1.4172610283920435,1.1845233673058275e-05,3.386039610026274e-12,True,1.4698474357572855e-16
300.04591083423935,1.5223686963969265,2.5956049472921245,0.39647480854532496,300.16405952160454,1.5223301441819674,3.8552182043943755e-05,3.2915202372805427e-11,True,2.7560732801709303e-17
318.3983005049375,1.1376655536861633,0.5601675499333768,1.2504029772216287,318.04465988404894,1.137638664717316,2.688894486595558e-05,2.3981142537497158e-11,True,3.3199292252201535e-16
343.3895037762478,1.0000288567098148,0.7950994349886926,0.7408668764501711,342.57839527689936,0.999833806482906,0.00019504858291970875,1.6439890781243335e-09,True,2.4113083968177616e-17
305.2730199154889,1.9009207421435395,7.311946103751535,1.0715888990913875,304.507300899734,1.900724136880181,0.0001966045578738774,7.054846515014807e-10,True,1.809857397842005e-17
310.5795341787999,1.2623385913276275,3.5435941762639556,1.1389754914569024,309.4325237817535,1.2622433752403852,9.521583011568633e-05,2.571263873580484e-10,True,5.939450378091227e-17
300.2196883859992,1.984717348069579,2.7242190304694947,1.7457341655432876,300.36622366558,1.9846636641404738,5.368388008278513e-05,4.9022335927436066e-11,True,3.678721474334875e-17
334.43959711057005,1.421537020956534,3.103334751116081,0.9238407694792928,331.88596950956384,1.4210183240513892,0.0005186891748473762,7.73029733991406e-09,True,7.533140030462167e-18
315.761286327212,0.8188807326834411,4.851080609707897,0.24036058837412944,313.3037362673558,0.8187652003730738,0.00011553171258228284,5.977849315737493e-10,True,2.1190162647965562e-17
306.6687185636215,0.8871753619756344,4.883922787756473,1.2437963318911844,305.6768890429509,0.8871077455664276,6.761622905997524e-05,1.8014675890361693e-10,True,2.0608997579451265e-17
345.97144372381274,1.1494880696326422,5.228285423880941,1.0628033860962558,341.17103318430935,1.1481475615352854,0.0013404409680858325,6.712927108323287e-08,True,4.095660548091978e-17
334.32462966014805,1.6669488991616837,5.206154138001667,0.5979297952829948,330.55383712457433,1.6660211004491852,0.0009277777703711096,2.0942127385102647e-08,True,4.981249844954661e-18
340.8055413200262,0.8337820068241686,5.8393231473733405,1.4778369026747453,334.31431869762974,0.833103025412894,0.000678958518749168,2.289252543969735e-08,True,1.3614863946258289e-17
342.1812878642706,1.2881502551019532,7.663810218913357,1.9670964008691896,335.40205448033527,1.2866655351223397,0.0014846486897920794,7.128982148744158e-08,True,1.9876173717243082e-17
316.4117251535003,0.8150119270907188,6.486774226858231,1.2067140953546154,313.1584979835415,0.8148599454413524,0.00015198061085946776,1.0385069525253512e-09,True,1.1886687681434729e-17
305.22628815535126,1.7859840232299653,5.74801243148176,1.7846660632984404,304.5764783727949,1.7858379618600266,0.0001460609553282084,4.1461041270930844e-10,True,7.934942516486559e-18
355.40634880413137,1.507342909874128,1.6358684298771466,0.5572547162044338,356.55075941012706,1.505864724730972,0.0014781179900386983,6.715311722521639e-08,True,5.754912141573746e-17
344.28081796323863,1.7905966623349219,0.5206692022112116,0.5058414579346975,344.1621297686195,1.790342621306267,0.00025403945860015493,1.5700545141637828e-09,True,4.3494005592069713e-16
318.83527464845446,1.7246866776643253,7.6489399572546075,1.733969496345199,315.24356389760095,1.7242393857296836,0.00044728762927819454,4.305363317335015e-09,True,1.936311106063207e-17
320.7126651380214,1.7094436157544286,7.820990338597654,0.6062570714722223,316.7117575224742,1.7089350940930947,0.0005085159968717546,5.66446218450663e-09,True,1.2013698501349982e-17
355.8039141626825,1.6822249854572915,0.7707343897207919,1.4168970623871935,356.6445587814376,1.6814428429244448,0.0007821256872187225,1.6845627906364238e-08,True,8.805644818105095e-17
334.99060069211754,1.1695887121871291,1.9308102250204608,0.738776588449952,333.17797916763493,1.1692977594556713,0.0002909497547100362,2.9767480248253572e-09,True,1.1051004978814435e-16
303.92101494371786,1.0482703503141595,6.573590485254956,0.1031326980757985,303.27612888274786,1.0481825255880857,8.782447283436368e-05,2.532394671764512e-10,True,8.327871312597483e-18
305.1377695731206,1.6067520483464173,2.872502399956236,0.5222819980275428,304.76650578599657,1.606685318867404,6.672938270760914e-05,9.630557950739512e-11,True,4.668386509235873e-17
314.55996140584256,1.2144188284837496,5.879950050189425,1.4504779190183894,312.0739124135281,1.2142306055354386,0.00018822188647871416,1.0618323938848196e-09,True,2.025237208330214e-17
321.5856504482806,1.7824341603022513,3.25571778427142,1.120898643259315,319.722180570047,1.782155639274298,0.00027851936911946017,1.6588335819694118e-09,True,5.817924472107517e-17
353.9805111592203,0.8903842722467867,7.930032769493654,1.6399978954913896,345.38239693514123,0.8883041032822135,0.002079955503803196,2.1346076997327383e-07,True,8.463180355210172e-17
325.72142139965746,1.818298091030361,3.2946438548192893,1.8760688450684078,323.6344945022215,1.8179117010956485,0.00038638673297610484,3.20173648001899e-09,True,2.078799938912012e-17
350.6096828112403,1.5069907328157024,2.475188452053792,1.7057969474106753,350.49905503996865,1.5054594659127651,0.0015311968898378701,7.001309941061233e-08,True,1.013938469840672e-17
328.5737787232979,1.8770399733774328,5.3946662604122695,0.6316249958738208,325.14261126340244,1.876309547653031,0.0007304145430422068,1.118135938900699e-08,True,4.7252866394341195e-17
351.5171329985958,1.1116758834635154,3.6657378163300693,1.928155275738553,348.92291528228066,1.1101638438311954,0.001511947775108805,9.185721123122231e-08,True,2.664694518964248e-17
341.95251264332745,1.0341326022838704,4.202967736630761,0.5609771984098134,337.6351237092509,1.033369645577291,0.0007629329870626437,2.3719516821079763e-08,True,1.3755405082771695e-17
303.84905967543585,1.852472045951272,1.6387217351164682,0.08544155544202786,303.7209229221439,1.8524318649698563,4.018095133461871e-05,3.008123631165232e-11,True,1.1739346882325334e-16
305.3626913628876,1.7050454504254942,4.301510218302398,1.544151807625565,304.8199426423979,1.7049389357700202,0.00010651442415720562,2.3131650978292573e-10,True,5.781462502421575e-17
353.9096259654341,0.9393820599865242,4.088348847136724,1.6981201734984288,350.3021113948751,0.9378261031662826,0.0015558408923606395,1.1592788106261831e-07,True,9.387804106329377e-17
300.5356432541623,1.4124532631750344,6.554134997831905,0.21450008677710386,300.674741633432,1.4123588625690222,9.440039256583583e-05,2.1344622652334112e-10,True,1.8312177032610383e-17
314.6358529333395,1.5305759770095055,2.2486584622661763,1.9110613788988473,313.63836206347224,1.5304731712786457,0.000102805477115101,2.53744683148647e-10,True,3.206575904425245e-17
326.557222972265,1.904436025130833,3.06367142956957,1.0233190289004557,324.64404573305654,1.9040303430360925,0.00040567870540784615,3.3893325251539068e-09,True,2.812271832470034e-17
331.04979667413403,1.4459855900372656,3.1487572733454834,0.16487869271925998,328.5529179259242,1.445564013281539,0.000421571827366234,4.9283605015896015e-09,True,6.989343434699126e-17
315.97314623639244,1.1437403593603253,7.063755757176315,0.6817394081617663,312.7657139016327,1.143515277355542,0.00022508038557746444,1.6192059400074892e-09,True,1.428337224700349e-17
301.49853917450474,0.8015257369217531,4.719522787133569,1.1227546045079686,301.35898141192615,0.8014848157989671,4.092105178632135e-05,7.099966208404322e-11,True,5.7598317897366204e-18
300.2364437107191,1.2248473122306902,1.4169755983484664,1.000240764560473,300.2796462928581,1.224830208360843,1.710386178857248e-05,8.058508921408019e-12,True,2.574332536625779e-17
314.8224850796728,1.3210818689695694,5.606436443425416,0.2105766328503919,312.43797270735786,1.3208808551177516,0.000201012736045686,1.1157722935245895e-09,True,3.019668659382428e-17
311.5611126156168,1.7757140332442942,2.9548276526206685,0.9732643289184826,310.6052270499295,1.7755911685627228,0.00012286437497478344,3.065964622216576e-10,True,5.89651208577973e-17
312.18021844129913,1.9444212335086304,2.6672349937687003,0.14269262125299126,311.2976201987935,1.9442927968955426,0.00012843630580190634,3.072857129948002e-10,True,7.58388716909921e-17
339.97368926508193,1.825948108757238,6.950763004221878,1.496721998563166,335.9114973200407,1.8239705135015278,0.0019775057927418826,8.94629683477212e-08,True,8.406247455231714e-17
349.8931026839375,1.6335638564493196,1.4012550811030533,0.6667471908886262,350.020198656187,1.6326519896184284,0.0009118439904066241,2.284048464268279e-08,True,6.814567520115979e-17
334.6513581915284,1.9019426631111587,5.957615375275124,1.1133057613534219,330.8834692010876,1.900702508644902,0.0012401216101104186,3.285614631043715e-08,True,2.861493685687808e-17
346.769562256923,0.9467212080698725,3.0673090954913187,1.7873184993977527,343.5319361748494,0.9459627364100806,0.0007584452574013027,2.6402390740026794e-08,True,3.8099130686360715e-17
311.43890451785217,1.5427442410467518,5.988766289605592,1.7675263199113127,309.5938175233533,1.5425449833185685,0.00019925680582309332,9.22360099922744e-10,True,1.8798076480511282e-17
303.99825320369854,1.3402235925504384,5.043546882442866,0.6374477533104628,303.5216245175588,1.3401356260382289,8.79663131798594e-05,1.99029533076528e-10,True,3.1308845149809304e-17
340.5925584317697,1.9527712660521066,1.6894496722994172,1.9145466105981526,340.009837721949,1.9520902312589068,0.0006810246631804045,1.0130019299071912e-08,True,6.86041557358428e-17
358.2601911564215,1.0836014939748244,1.0975509457971893,1.6461249938489049,358.2298643851618,1.0828111655267727,0.0007903015391833023,2.6908868347677505e-08,True,6.945297089607637e-17
337.8383863924317,0.8058705706251003,7.491905714061573,1.7321908177263086,330.04634166500927,0.8052482932968151,0.0006222578920029695,1.9436282045518833e-08,True,1.835574913132004e-17
356.12567800058684,1.2974571537616413,4.022870330360634,0.3208933648458289,357.762789903689,1.2940923687569894,0.0033643778188177952,4.07185834139024e-07,True,2.08153076325093e-17
303.1692321301983,1.1987263443131404,3.1912617484590355,1.5637508967691642,302.9228937125843,1.1986790305549382,4.7313694080871823e-05,6.412141617337223e-11,True,2.922011397937336e-17
354.61676842751257,1.1729551106491831,3.7993405348945606,0.4093379613027332,353.40768558439515,1.1707588812575733,0.0021960415679971304,1.8782361268695957e-07,True,2.0836595956405676e-16
321.2814046349973,1.487182798699704,6.67108712971826,1.3957936285028083,317.51631732937625,1.4867810715778977,0.0004017230388878939,4.082918276259215e-09,True,6.952553313679023e-18
310.9949878225119,1.4146188913019548,6.567280655542294,0.6962811744051496,309.0377883269345,1.4144274331985751,0.00019145717792134066,9.254583096323449e-10,True,1.412130025326609e-17
347.9355660570325,0.8279226458560695,7.874212803804306,1.018563459551829,338.76177282128214,0.8266876032199162,0.0012349644836388706,7.815251428620678e-08,True,2.03121842609749e-17
344.5240706670343,1.0584212430835467,6.593370094134918,0.7086691010178292,337.8509503553737,1.057178537804447,0.0012426436996436554,6.157945605840549e-08,True,2.706515389913842e-17
321.43039938001147,1.8036379254706532,7.263722807126824,0.4703192109539832,317.6399747315139,1.8031023383097076,0.000535581172486071,5.988459703985618e-09,True,2.6207099732276756e-17
346.8737334917781,0.8356612664899956,1.5515528936075673,1.0381159890987846,345.0994960815594,0.8352855981364655,0.0003756609596424332,7.393887645910984e-09,True,1.7749187901301964e-17
313.79115220812196,1.5348985997746216,5.257161795178722,1.980548977357222,311.77775049365107,1.5346909005235334,0.00020769822999301208,1.0210952432991257e-09,True,9.743908829828957e-18
339.390388802184,1.4782960807017496,5.026896275984088,0.7446776997624264,335.4594317063649,1.4771735529498582,0.0011224922454582031,3.5506433225413e-08,True,1.2439417370519024e-17
345.01266551654163,1.38051299218693,0.765125992392748,1.6758651256704196,344.5474165277777,1.3802177907030553,0.0002951987285051935,2.7553696162920398e-09,True,2.460504016713702e-16
316.1490566745811,1.218620560876793,5.002929513832406,0.70659772281841,313.7456657655132,1.2184369078715025,0.00018365198748563315,1.017804879011857e-09,True,1.0000458230743801e-17
308.11413924651134,1.4264186319005387,7.484012211591984,0.6143299492550256,306.5675986427618,1.4262391971850015,0.0001794339219385612,7.935986847913674e-10,True,8.209192617304379e-18
313.50066360243835,1.2229185367596578,4.267096123183872,1.755869010979137,311.74897052895057,1.222784526004198,0.00013401022203915459,5.334205669264601e-10,True,9.33438973154078e-18
337.41762445753807,1.9512843431840523,1.3142967120653153,1.9026981103650111,336.7791735404656,1.9508596760750516,0.00042466323395849633,3.875042164458835e-09,True,2.2787201708335167e-17
314.8716068281438,0.8411300724233501,5.844927320964578,0.7517357112065937,312.17366861639545,0.8409994404959209,0.000130631188534742,7.388944436170548e-10,True,1.3117243104010184e-17
359.01261057907635,1.3030903190390828,2.388176821890349,0.1641987261804823,361.38244406732383,1.3005915721681571,0.0024985196375242377,2.2723340137496897e-07,True,2.4869133883261844e-17
326.1891971609533,1.6520307105858922,7.086151810044366,0.2790489351083956,321.67917719353034,1.6513788868811416,0.0006518137870308973,9.917719423584779e-09,True,3.835477527121514e-17
352.6185350802767,1.3655287463425032,5.1947476220017546,0.4096028715835687,351.97235530819034,1.362335947612736,0.0031924599648721543,3.3876489522515556e-07,True,1.1383807316736611e-16
338.50817844766095,0.97815128152248,1.6607831151036465,1.865511624708461,336.7500453952309,0.977882835574042,0.00026844285982139375,3.0886164612137014e-09,True,9.111987022098956e-17
358.11409919719006,1.0645364964043174,6.451100692885555,1.9354512057937319,356.4162949817765,1.0604652059572173,0.004070567629897359,7.228172027176637e-07,True,1.4193101807297638e-18
338.6618516962681,1.2747618066352162,4.19071999743292,1.7375768820865352,334.92182763794773,1.273984358152301,0.0007774287915182018,1.9691397058194543e-08,True,6.136259071844393e-18
308.6416934694462,1.4317925677630594,2.3666959441544515,1.9201619685645912,308.02599023582195,1.4317282958925612,6.427176812263011e-05,1.0237562762650263e-10,True,3.8276973454501166e-17
325.98458379436335,0.9513998737542322,2.6830803565609154,0.40472588085864974,323.7434349714365,0.9512338784085759,0.00016599421564316151,1.1300131106295276e-09,True,1.8479766318766542e-17
339.12820987339194,1.3728539266180848,2.1917050387384585,0.27848569251142,337.3316773785852,1.3723364572169303,0.0005174611979932807,8.203161355696826e-09,True,6.689302892048995e-17
320.6000698948073,0.8379389737581265,1.6262030735419593,0.07243847230150743,319.42352104317575,0.8378750458915709,6.392768100124139e-05,1.855543580259875e-10,True,2.425706131128404e-17
319.684031356184,1.7324365528909942,3.03067215155773,1.3235925694465154,318.041317556337,1.7322151004646995,0.00022145135804051564,1.0682542912959904e-09,True,4.602530411896303e-17
303.07145141618304,0.9037958696331697,1.9562267492169378,0.09808676049210516,302.8971448830888,0.9037740499552073,2.181965987840916e-05,1.808401508742115e-11,True,1.0028601100864352e-17
312.98993908390344,0.9708576116799303,3.9032268149721445,0.4641827893956188,311.3552828853842,0.9707633309264553,9.428042172273942e-05,3.317523194904257e-10,True,1.2535128670549886e-17
329.19219030020463,1.833788410705235,3.2999162910775075,0.89800105133759,327.0114746477398,1.8332875459956404,0.0005008592714600781,5.43813456271542e-09,True,3.2907437570463466e-17
343.75051167910215,0.9502979164401604,2.932421897552523,0.6495012347292938,340.58687347204295,0.9496999788034527,0.0005979215379215217,1.6098786135892644e-08,True,1.1759198039128337e-17
330.291298244983,1.709833728722755,5.371875033114929,1.3841004102406513,326.5646760791081,1.7090980741187702,0.0007356420516314906,1.2552353150970736e-08,True,1.6057164265767926e-17
305.4112394643746,1.7886104062107884,6.571047821628909,1.8530958889792941,304.65118769199955,1.7884421314747057,0.0001682741863079699,5.497744650577951e-10,True,4.3749051163202147e-17
300.36184608192923,1.217571565041222,1.6488726881317102,1.2822652076310945,300.40338877253805,1.2175515669586852,1.999807144535242e-05,1.1091477810590674e-11,True,2.2011314811438692e-17
322.2095243526126,1.4686879079564812,4.5728499837548435,1.8027923661079246,319.38642440780677,1.4683737666013417,0.00031413879898944535,2.55615012273102e-09,True,1.8098371443546957e-17
355.64722488888464,0.9459004481087409,6.177451484623766,1.5752872995518514,350.2283401886797,0.9435461680153797,0.0023540164026070853,2.636907540629249e-07,True,3.9421826445923265e-18
327.1692702702088,1.1222161811394953,0.9575949640904529,0.5838405545370001,326.34918984331136,1.1221314308058616,8.47500802019268e-05,2.534319365516034e-10,True,2.344311121575225e-16
319.9600866039875,1.9030819759638744,5.388027366800983,1.0324388869960945,317.2725560626737,1.9026745338269517,0.000407438859807466,3.2771152198244497e-09,True,1.400081264866796e-17
303.66776479291104,1.664805658719823,7.525865032000622,1.5008657690199811,303.1700878483319,1.6646474100824276,0.00015824812003760116,5.173578023147246e-10,True,6.819696335813328e-18
301.6216240401404,1.985677266221124,4.807239663280982,0.6004629548316253,301.64623158813356,1.9855714226200076,0.00010584340901731052,1.9209916852686152e-10,True,3.3603489949211336e-17
300.938607779964,1.6206027020501022,6.112298070601981,0.4349796090812264,301.02930784765044,1.6204985498716626,0.00010415195145545267,2.2698398856293978e-10,True,1.291383737972325e-17
332.108952828371,1.2844656459929786,2.676800510528322,0.9115625584902952,329.8021528908202,1.2841172561109486,0.0003483860667684557,3.815261575291363e-09,True,1.9109564913407027e-17
333.5376504062818,1.0724461559989398,2.3245624875942754,1.0977334645366223,331.30359031162,1.0721648982556373,0.0002812547404469268,3.0028554769377818e-09,True,2.1765358613115575e-17
346.23589898802953,1.895277507404511,5.032235463680788,1.2703006221283553,346.67610108426146,1.8922178000947567,0.003059489083629992,2.1822612420938425e-07,True,1.3170173774986526e-17
321.9450763739877,1.9316995675358068,5.48702484778348,0.11885994440105456,319.02049334846873,1.9312175359411248,0.0004820270284923296,4.56618989617305e-09,True,2.9793198598685647e-17
302.1510238723246,1.0903190058619021,6.700751822977465,1.2444681496802241,301.88393434184815,1.0902363277467606,8.267790133356998e-05,2.1380788063024114e-10,True,1.0308659316371983e-17
334.27101292117936,1.0139546060267592,7.586081124283629,0.29362940927673925,327.36645841949417,1.0133014723823022,0.0006531168809550243,1.676350213106942e-08,True,1.1429959787844495e-17
316.09636540864375,1.4667943621418154,2.384163842769487,1.9479006713783658,314.92601753221965,1.4666786968439514,0.00011566496006067886,3.3780332323090147e-10,True,1.4415042809006364e-17
310.1956317733376,1.3504508998966247,0.9959919883498729,1.3752353025255313,309.86442117242024,1.3504212418399504,2.9658033293283142e-05,2.338097000444614e-11,True,7.745874607162119e-17
352.98886681198627,1.25709768773863,3.4650594978391047,1.0113287078003286,351.95753014523325,1.2551374059612017,0.0019601431754646455,1.386019634728715e-07,True,5.0074132588651894e-17
334.72535363155663,1.7600908011895235,4.964832093090106,0.6238382849132497,331.3228814473094,1.7591038528069995,0.0009869258440216185,2.253850260426138e-08,True,5.116410001269986e-17
319.6323138668179,1.7160527380693884,4.1861575001539535,1.0453740505474953,317.41815131825535,1.715764033596087,0.00028870264708542274,1.8262159971066435e-09,True,2.5072004538101885e-17
325.44433974329087,1.883668750884665,2.811309288642291,0.25116928445979725,323.7034045195092,1.883325420730918,0.0003433277126915984,2.441055191972118e-09,True,7.164904137100908e-17
314.13608456795583,1.1824799200227853,3.8466493544702685,0.20525260865875,312.44733958843113,1.1823563730165432,0.0001235465353417409,4.709004651161764e-10,True,2.0099788421105126e-17
320.0362649048858,0.8309876974392256,3.8703845461766377,1.7705040770347487,317.48986342736555,0.8308577172142869,0.00012997946019377332,7.647449786984056e-10,True,2.871673020601949e-16
343.2793903818175,0.9694139327456652,4.245109531462366,1.0501686436277808,338.7401082202376,0.9686349257210864,0.0007789804903491204,2.6534229541761722e-08,True,2.819378923555538e-17
338.4408165892187,1.168044927529364,2.319292162309031,0.7163689837582335,336.2417037299562,1.1676127442932975,0.00043217654955177197,6.686514754885263e-09,True,1.733781796326598e-17
359.50628265394863,1.2765952710444382,2.6689427096423928,0.36926992320864843,362.4750008296278,1.2736762802574686,0.0029186725537300204,3.1823323938861507e-07,True,1.0855998706172169e-16
304.2641384113461,1.345697225465623,2.4550043601219618,0.9915389669003881,303.9880326630259,1.3456524972761892,4.4728138031545276e-05,5.140223520779658e-11,True,1.6967960501276658e-16
317.7638615404436,1.0096550086532066,1.2544709935463656,1.9057226568126655,316.9916151057256,1.009605759426988,4.924913613522202e-05,9.008333303194511e-11,True,1.893019033072671e-16
336.33190503195624,1.0288573053262253,2.301777241797014,1.6517949933998561,334.0028985351691,1.0285340028262828,0.0003232983027711036,4.197171332159146e-09,True,3.1302541374141226e-17
300.3998530372187,1.026257854227072,7.978461208263104,0.33916565782645297,300.5112595784715,1.026175532995786,8.232100812746216e-05,2.2315842151857552e-10,True,8.957567673875983e-18
312.642067861757,1.655537490409153,4.57772551613749,0.6361593469493562,311.04824270377026,1.6553535565074706,0.00018393316261222891,7.390703463140806e-10,True,2.2073560389977866e-17
340.34011442652167,1.6525581005146819,2.599789137763904,1.7822075697975888,338.75788774680984,1.651743585333659,0.0008144981678316505,1.7013191285409574e-08,True,5.623174838019959e-17
339.03850156607484,1.5837640429010835,3.7304760519941818,1.0468380742178491,336.39021683028193,1.582811980544404,0.0009520384013036989,2.3955375755185048e-08,True,5.992948937740241e-18
311.25110328481435,1.5465642849185341,0.5111673984880342,0.22180275987348413,311.06799027331436,1.546545065512066,1.921939782997174e-05,8.638238614148874e-12,True,2.2651476957340767e-16
345.5305642855967,1.6785144557259744,5.612506723143634,1.2301723064025385,343.3587038847951,1.6760835184484606,0.002430784346829449,1.529306843832375e-07,True,1.538215283220582e-17
322.3597556907417,1.6815497499817793,4.921116214537532,1.213926232438356,319.48474103888134,1.6811597669964018,0.0003899795426199572,3.442757499694102e-09,True,1.3355026748541423e-17
302.0812003481259,1.963749021563957,4.316199112035086,1.2519812743241732,302.0361377583277,1.9636518408406598,9.718055912665864e-05,1.6417059078507074e-10,True,1.0154592392934815e-17
317.2213048569791,1.9984848560191864,6.625365914519632,1.8092919794481384,314.4634582461424,1.9980626815582327,0.00042217116678727295,3.2941661658987923e-09,True,2.651628383800935e-17
302.023515221078,1.8585796673339878,7.023453649408743,0.8033117050294318,301.9445009605351,1.8584311764937356,0.00014849043549977102,4.047525130915907e-10,True,4.582934685909118e-18
320.7759689660565,1.0577796142337945,1.2373529973554414,0.225668059575718,319.90774017398843,1.0577158924167218,6.372167061385618e-05,1.4645869808377488e-10,True,1.2197512087116126e-16
344.3196353785402,1.6851900209125175,2.20372182440141,0.5434724621160122,343.5017244668268,1.6842217552342267,0.0009682415144602515,2.41638305011905e-08,True,1.2922293179567056e-17
302.63745146657857,1.2903501558983683,2.7635786328623753,0.24419770785947226,302.4834649788973,1.2903076739995525,4.248185093149081e-05,4.7884308394695264e-11,True,3.016002751383291e-16
312.7453957252971,1.3640201458447292,1.000584916483499,1.4007798360118535,312.32773601414596,1.3639834258316377,3.6719977059202966e-05,3.6032196986974754e-11,True,1.2084084809384069e-16
330.1896082788486,1.520867072278313,3.099542742040034,0.26185557387124286,327.8284920082371,1.5204529446015318,0.0004141231735349543,4.503246395308402e-09,True,2.2358921096894903e-17
350.5868809377975,0.8335792189984969,4.2777687964521505,0.6917504898043803,345.7171739173223,0.8325042760436671,0.001074882026522652,6.092830710793124e-08,True,2.7552917003083673e-17
307.92095598549184,1.1526744453374747,7.2287846042269965,0.2971679012627207,306.3655166230606,1.152536726234449,0.0001377185252595826,5.777661609139888e-10,True,1.67728736867814e-17
339.8151444202908,1.1557832604719553,7.138351331812486,1.7978637743746093,333.071712030048,1.1547289117560164,0.0010543091566150178,3.955932391609534e-08,True,5.7441412719467964e-18
300.54510593411516,1.9143527476598883,7.773811666371541,0.7451172989910568,300.8108928853696,1.9141991987854758,0.00015354845736707752,4.1704516301546347e-10,True,2.6457506204396285e-17
308.7570675371427,0.9770272135772076,5.494289985459161,1.5579227620975298,307.31266652204414,0.9769312277320533,9.598551203726506e-05,3.3311693605075334e-10,True,7.999223627541877e-18
337.8097591613307,0.9463337467675951,2.3685236564785352,0.35408969699404275,335.2852014251315,0.9459991093942047,0.0003346324506683004,4.922722058211202e-09,True,6.287840037956301e-18
341.32552810152794,1.515921903350788,5.44525928724806,1.1783829639182433,337.33618385333597,1.5145026333337868,0.0014192141014452487,5.59155559722029e-08,True,6.410265722693845e-17
301.9695600522591,1.1262719580936453,6.841937308685564,0.06399345819354266,301.7452450860516,1.126185786128033,8.61717409719617e-05,2.2464022020779396e-10,True,1.0088652334171619e-17
304.0031596092735,1.8308338891177893,3.7842418784546306,0.5594997416456382,303.70555553711563,1.8307423064010835,9.1582558598463e-05,1.5810759534580513e-10,True,5.762240594262065e-17
320.86559719104866,1.0581672005098177,6.391997459628307,0.9972058077377433,316.9765811468745,1.0579045598112466,0.0002626382538309712,2.444739989563697e-09,True,1.7231166705193448e-17
322.18962139129513,1.027338641920197,3.724101652415092,0.5996145865851535,319.5931189118497,1.0271568245802694,0.00018181611436335828,1.2255642380859236e-09,True,3.490490103076258e-17
336.7163931580325,1.629697393652942,6.16710747168962,0.1911941033134118,332.1848997925596,1.62849080688188,0.0012065502114255746,3.655963636135222e-08,True,1.7308611828520058e-17
329.2640398429023,1.779301359614378,7.219951443029853,1.9465224634118057,324.54010499576236,1.7784152496856702,0.0008860926267249146,1.7301982970300963e-08,True,7.872485395095492e-18
358.13063324514417,1.1713617822485134,2.8152019447515775,0.5145058561181163,358.8484849353299,1.169089161845503,0.002272413735943608,2.0666706653853908e-07,True,7.288599289847645e-17
311.04249953362455,1.8251346282847454,6.439071798781228,1.8088660166929662,309.2677439187391,1.8248878333403051,0.00024679375085135357,1.1935889104076904e-09,True,6.957050887658677e-18
354.9651502141789,1.1811397388970268,3.026857449960879,0.6201960983860744,354.2807953980317,1.1792785616726549,0.0018610427472507691,1.3447712120317966e-07,True,2.1833823529299424e-16
329.82930566565153,0.8179944109122327,6.612494411988132,1.872918070589369,324.04205180480056,0.817634856529372,0.000359548204294645,6.178566100799779e-09,True,7.800496728496993e-18
313.813900889725,1.5243278754216019,4.845966015155709,1.2055515162933836,311.9289935306463,1.5241354125635445,0.00019246197437953964,8.836777884829659e-10,True,1.9271349818952025e-17
316.6481558570063,1.0034482936197655,2.184533134455825,0.8903602319203853,315.41909820987934,1.0033729221039596,7.537130550511576e-05,2.1030102982631616e-10,True,9.549738757573855e-17
341.67526278793747,0.8167880671567949,4.871729682594909,1.9935637294513817,336.09349995981415,0.8161599809038255,0.000628066065758673,2.0187210684351748e-08,True,1.2672976355095815e-17
328.94337275748234,1.511051198497312,7.4460604159535455,1.457531215636641,323.6933565564468,1.510322498782576,0.0007286860035048755,1.3711231018291965e-08,True,1.3465934933336177e-17
332.2834252492161,1.0299054839593933,7.996759031278018,0.36700383946806536,325.4070603499456,1.0292997953731575,0.0006056745499158495,1.4036319983721334e-08,True,1.0262286542912558e-17
324.05918260020457,1.6766741248546844,4.00530521555853,0.9386072080290785,321.54056534552836,1.6763040315838857,0.0003700901236246488,3.147173843153292e-09,True,3.371698232777791e-17
318.6978072930846,1.1026167765833526,3.239046627746031,0.3402319165221948,316.7690196081242,1.1024803031390586,0.00013647281167420463,6.326196839781566e-10,True,1.3521878078961877e-17
336.0289056095188,1.9719918964959928,2.0028943943801973,0.36591711835243734,334.96708264551324,1.9714150972865037,0.0005767922033348906,7.006154361020567e-09,True,5.707192972393558e-17
352.3669319037599,1.9357358191046026,0.7811800503554232,0.24673272228238563,353.13024875710767,1.935002342103929,0.0007334643415751718,1.2659098462277096e-08,True,1.7728544415687799e-16
305.7770204435164,1.0817663746629216,4.747387646491227,0.5005640733310003,304.9926573843425,1.0816907009116197,7.567356706818316e-05,1.8423378080040018e-10,True,1.0932450005067293e-16
304.1315817660106,1.3462340983103354,6.684182072853811,1.219369919972346,303.5058802654217,1.3461171528447522,0.00011694511542007874,3.5016319059545967e-10,True,1.884915917012321e-17
358.2965016609446,1.41713947687141,2.5670861712461375,0.331671957136147,361.9947178215937,1.4141102622977066,0.003028906564896352,3.08008807260712e-07,True,7.485973430641591e-17
305.80016209362543,1.1123058099318393,5.762735956507331,1.4765688992365147,304.8823997182591,1.1122122310501334,9.357860790168544e-05,2.738041100060846e-10,True,4.765749519671638e-18
331.0670420015975,1.8507838004192267,5.453760865063559,0.6508245295219187,327.479487405372,1.8499194803048757,0.0008643040236797342,1.6090671235028776e-08,True,1.0607109128862786e-17
300.80927360445554,1.4091048658460474,6.1379287576293295,1.870019411267695,300.88675619195146,1.4090150384346682,8.982721738075365e-05,1.9399844258174942e-10,True,1.2179765966091014e-17
312.79081607808615,1.8613456322939244,4.3655239668291355,0.17789303211059582,311.3122855746288,1.8611441689180082,0.00020146258600649693,7.899096247803507e-10,True,2.0520421768838196e-17
348.8827109923614,1.1382879196378761,3.388060422991212,0.7077271354989229,346.19212485100553,1.1370884173728584,0.0011994465870234369,5.56779941387977e-08,True,5.932634169264863e-17
345.2942322659317,1.329386552026424,0.7586876947607393,1.338397219730084,344.802724253899,1.329099899736143,0.00028664958878176253,2.7014993844666094e-09,True,3.827370481860486e-17
325.46007745484724,1.115157115661656,7.369321529667937,1.4355675611633552,320.2807996066162,1.1147455952480643,0.00041151460513524506,5.808456425858196e-09,True,6.673729700606828e-18
301.8104216318438,1.6366024361027383,4.6103595123421295,0.48564913645318974,301.7516740415632,1.6365180108852975,8.442506904964914e-05,1.483911346284855e-10,True,6.470463631581484e-19
351.0996229684192,1.0346179912957667,1.3309548154043898,1.4875007428683895,350.0962469533339,1.0340667526736511,0.0005512254386563416,1.3183459280610495e-08,True,4.572378479112715e-17
349.8373870948795,1.7186410103665237,2.5189708607621757,1.5611279846504078,350.5044721777704,1.7168632135801474,0.001777714032894597,8.27534818247711e-08,True,3.405042472640839e-17
301.0648738577106,1.203071439727943,6.251027531773579,0.5391147753823768,301.05383818488315,1.202992198999841,7.924055108643795e-05,1.7701575827897167e-10,True,2.2211620716577047e-17
309.7024514584157,1.923951194027255,6.367214342479366,1.8496547922150701,308.21643280237345,1.9237151901859058,0.00023600281277535862,1.0285736526459713e-09,True,2.0652125262911723e-17
338.53137570063745,1.677480583100499,3.685592032294012,1.206190577201979,336.08925863295735,1.6765048177640165,0.0009757416176889195,2.371879364436658e-08,True,1.5313917783812413e-17
334.87830450514457,1.1358344800760465,1.1905665517796538,0.5622971347366686,333.7375108790196,1.1356532447781047,0.00018123410511328148,1.1928284932858633e-09,True,1.1083180976141156e-17
317.60533310303276,1.3985768453286003,7.633189520745628,1.7597070968020525,314.0179941838499,1.398248261453651,0.0003285810311410026,2.8438081567552455e-09,True,1.630158557597476e-18
306.9753126673501,0.8141796964431187,5.630573476668404,1.5792438715697814,305.7844309558985,0.8141075112983999,7.21849208402226e-05,2.2387872653474725e-10,True,1.7627683375945927e-17
329.7669205370657,1.8194074078289926,2.0537421028726373,1.0775914642254416,328.3913925222232,1.8190654195371154,0.00034198571691161915,2.574965630335948e-09,True,5.0359370372194365e-17
316.8866756566939,1.2368537251858582,7.1571464217799345,1.4810620313195595,313.51779492143226,1.2365918639502602,0.00026185919958053084,2.036017532688735e-09,True,9.258395335720111e-18
319.5190266509032,1.0991881472456095,2.7425258537583206,0.31747924351960083,317.79366512152103,1.0990634107429256,0.0001247359692998574,5.333842989153686e-10,True,7.036265565289428e-17
350.68548583208525,1.5334864967616777,2.9298237762366073,0.07685587020056334,350.73494001622123,1.5316146095704082,0.0018717842348201616,1.0295644933513676e-07,True,9.392664993020837e-17
309.1799673830474,1.208129700595376,0.8818740585025255,1.2331650322491536,308.90807351174715,1.2081079732703706,2.17273110627959e-05,1.394259870074875e-11,True,5.3298636692400083e-17
305.244604996653,0.877710357104473,5.919938791396331,0.4141925711972315,304.3564168608028,0.8776377886590759,7.256823744084607e-05,2.0795616671832193e-10,True,6.1321532541486354e-18
338.7001970877189,1.5675029498525896,7.899314403569437,0.7274212077427727,332.7002137546968,1.5659616259568234,0.0015412616814666081,6.221429967462373e-08,True,5.87038798676265e-17
352.67679206389886,1.5129357665297982,1.7456124340562484,0.32427584556981737,353.10162000648285,1.5116576349668953,0.0012780823657737252,4.9197129204378805e-08,True,2.5411277908590648e-17
301.6689247581147,1.6069696490965857,6.171741392756521,0.9405803759648916,301.6157119759855,1.6068599684266813,0.00010968041505944819,2.548449938388116e-10,True,1.4084492620522087e-17
317.4435725172734,0.8743683723290528,1.676276927332025,1.5449510350694102,316.41439755350103,0.8743138894340764,5.448276810991206e-05,1.2686654952280978e-10,True,2.0810906122810825e-17
317.0064419282988,0.8980837594043778,1.670375353629383,1.1491621795370164,316.00997855041754,0.8980297314004978,5.40278827127727e-05,1.2116716427954002e-10,True,3.477772885689618e-17
328.246559685554,1.017292375234464,2.751235604304197,1.0894067210142322,325.84261947681995,1.0170797455492306,0.00021262793026820989,1.754965273611739e-09,True,3.7787829218700446e-17
338.58712483235604,0.9936465794374996,1.4469113699574652,1.6311271204425333,337.06686100503913,0.9934037497249568,0.0002428272205630106,2.4919796610946102e-09,True,5.458175804978207e-17
323.7254036215787,1.9799189112981748,7.041971650516844,1.4813142722187362,319.9076131671093,1.9792403109263252,0.0006785914955378418,8.876311777226356e-09,True,1.6446465793558066e-17
304.53130779278524,1.0127272738188307,1.1716713402950463,0.5352917055036271,304.3630643920647,1.0127106913135409,1.658249587900832e-05,9.410790681525881e-12,True,4.2035130948968395e-17
333.82753829485057,1.909230794136381,7.420033524810195,0.3082763958067078,329.0806726823419,1.907868634836018,0.001362120201754461,3.9098608623318105e-08,True,1.3285560381739649e-17
314.98600155278405,1.6238712683321213,1.8778571035113782,1.8386584310821068,314.1427348439944,1.623776461808361,9.480631973913821e-05,2.040212429339639e-10,True,6.815390898668556e-17
310.83787238701376,1.062010697603961,4.815339653307949,1.66700263066255,309.2411513881055,1.061903534640896,0.00010716257638568869,3.8667910429920886e-10,True,2.4062037363895135e-17
347.58649658567236,1.3934131926570346,5.161692179484636,1.815863596763006,344.4923377970801,1.3914128220118815,0.002000245183509062,1.2546164376183288e-07,True,3.891919560685836e-17
332.6372794510956,1.3929802727670897,7.941383508274706,0.19981707882680505,326.42778382962547,1.392103295239719,0.0008769556441694962,2.1883201419706535e-08,True,2.7109709183243646e-17
341.0556928566504,1.7532245557316908,1.0059035220091737,1.1160652595727008,340.58722524575785,1.7528459794593727,0.0003785727757716285,3.4965462440596388e-09,True,2.0700358415593363e-16
356.59781457667935,0.8109508596136575,6.24287634545339,0.6718349014931205,349.8460695801525,0.8089601669005604,0.0019904732259952177,2.194871019884585e-07,True,1.3396635151699636e-16
348.61609713661727,1.1090939914776778,7.176817665683126,1.2483093206727998,341.8737469172069,1.107233875281689,0.0018599816795234988,1.345164652569703e-07,True,8.484117948623038e-17
330.9534807279444,1.9814914903709169,7.1108787192539875,0.8410155289584132,326.5699185642259,1.9803626930028093,0.0011287718621347212,2.550597300706246e-08,True,2.39833398789691e-17
357.1931927244372,0.9057240992136238,3.4495603756267976,1.7671563968895616,354.7530724205985,0.9040495644246332,0.001674392470485806,1.4231850485938046e-07,True,1.738248266993078e-16
344.3559866674917,1.2331996295573076,5.381315580620421,0.8611746767868795,339.6207809599644,1.2318663031408685,0.0013332650137439324,6.140269519160375e-08,True,2.3003588232245537e-17
357.6545412037645,1.2832020786301632,2.9752040094715246,0.1480102007246984,359.5320303450425,1.2804602422610711,0.0027415608436598396,2.7552543227432325e-07,True,1.1321853534280586e-17
310.91379995136174,1.6754145181670923,6.6503889661333515,0.8886282801380945,309.0549859426878,1.6751845707199695,0.00022994631984340786,1.127279333602565e-09,True,7.511543813312611e-18
334.0374751712687,1.2455502204606608,2.338958169365265,1.940934437996751,331.9399114140944,1.2452063367172144,0.00034387986480158376,3.878644652756448e-09,True,7.24279480067219e-17
330.7823583000181,1.4451570536601253,7.2160642567800855,1.1639988111218686,325.3659316631835,1.4443924081949733,0.0007646295272570644,1.593789486899463e-08,True,9.131311460394944e-18
350.8862774137999,1.1472334267008284,7.206363076768811,1.4441959961964501,344.8982840319979,1.144873292652017,0.002359921361094025,2.1268771719187767e-07,True,8.630543803300078e-17
311.9284149160821,0.9602365933319457,6.230472753119166,0.5600287760984479,309.70414968083514,0.9601064004019416,0.00013019229691623916,6.330876992335696e-10,True,1.7538189890234997e-17
330.96250205599057,1.879090519836946,3.042106205910278,0.963050787754743,328.9852858421407,1.8785444127072273,0.0005461007505296922,6.3791890087480275e-09,True,3.87775584567838e-17
344.23930168416354,1.7138875016132502,4.5508497059152955,1.2075575160639382,342.3736749052732,1.7120018235484993,0.0018855884268163825,8.963793472074191e-08,True,2.0997278496176249e-16
311.3377727005443,0.9919470458834982,3.629806120814346,0.8066814869823021,310.0087217936221,0.9918667201310092,8.032551877002195e-05,2.337190504594279e-10,True,1.904007270745621e-17
331.02111769769004,1.5767813755393085,2.4080998205461412,1.5510208513646337,329.2058575205604,1.5764127873113387,0.0003685847607839344,3.467185905521633e-09,True,2.4177757968192888e-17
305.9000618115078,0.9086608517353116,2.399286227520774,1.5096054966214734,305.4386898465825,0.9086275004619315,3.335123065607006e-05,4.272399326873773e-11,True,3.1092423557505057e-17
300.742868496457,1.4745085625429848,4.1488209404650815,1.061241034151864,300.81680403858127,1.4744454085692138,6.315388217690439e-05,9.159404164629878e-11,True,1.470656508649477e-17
330.84545968517466,1.3284581892527831,3.0140001219223316,0.4330654194602163,328.34690448578823,1.3280929412493596,0.00036524398148681,4.021936761151732e-09,True,1.937893636391895e-17
329.07199575957645,1.9254086026247434,7.636187724050113,0.13919577822088552,324.3623170571096,1.9244077747118344,0.0010008075361979984,2.0376711231966317e-08,True,2.923841577703403e-17
340.2204498803174,1.6110222535349448,2.0166442124843806,1.653957165845793,338.94840583398235,1.6103982101477832,0.0006240331339091826,1.0253252288413134e-08,True,6.517947423187832e-17
341.2573222186125,1.8878812245048728,5.287283881466828,0.7809718687289335,338.90884036639477,1.8859702705282475,0.0019108718981109582,8.207851445386195e-08,True,1.098235238126976e-16
342.6277621075732,1.6660395274323005,3.803582677032426,0.12722403480169794,340.6029029228666,1.664678598536915,0.0013608813135874533,4.758179821679694e-08,True,4.0018956295902113e-17
324.17310467612066,1.2429638523171265,0.5187334721506004,0.6349033971064201,323.7744321932893,1.2429218215725144,4.2030689156001074e-05,5.5456051564848085e-11,True,9.00152007467593e-17
328.2710640731062,1.5525827733220359,6.481831668213856,1.9378519104150291,323.75585369802536,1.551927916265118,0.0006548462767083396,1.0780209505545462e-08,True,5.4936086131032646e-18
311.0385967980103,1.0550653571865738,5.352989307918056,0.0784314648794097,309.2574956779572,1.0549468512913385,0.00011850541919894019,4.760363685587436e-10,True,1.3841852011214136e-17
327.88789646299995,1.718235988114516,1.289208849643962,0.9074045144028584,326.99238474878194,1.7180528660997045,0.00018312123920666558,7.756048440759605e-10,True,6.183192136126681e-16
339.7931347656384,1.8743053296394052,3.182726746710899,0.3849151361686417,338.2687470177599,1.8732115968701246,0.0010937057888337513,2.698044692938343e-08,True,3.516049666568746e-17
325.646364005726,1.2443801860231734,5.0846719875982105,1.6108850790235236,321.9629606991999,1.2440202155815945,0.00035996641976567104,4.02181322254248e-09,True,1.0047048811241268e-17
301.3358113432695,1.007909744805748,3.873052153711641,0.6101141487832561,301.266722850989,1.0078678499427325,4.1894803871724336e-05,5.914379491178698e-11,True,3.0905968654749025e-17
347.83856825395696,1.9971854272210763,3.991392055031887,0.38239886642450494,350.52200956401924,1.9939102263984612,0.0032749589685271514,2.4185408786302156e-07,True,2.7223898826888783e-17
322.5626222953322,1.133155678241987,5.62700831793428,0.9655056296029102,318.8637025380215,1.1328691738456387,0.00028650164899589163,2.747352316283381e-09,True,8.06299327468757e-18
317.93271783275515,1.9838069850195017,7.700189688377539,0.955745820424988,314.6719931046839,1.9833118531520482,0.0004951272968741284,4.570579282738443e-09,True,1.8213936276475384e-17
302.81169758778776,1.84400422403732,0.5573369608252512,1.0393441262585585,302.7873313353858,1.8439916585133203,1.256552106262716e-05,2.9372968583113757e-12,True,3.1596660168697323e-16
348.6899667631587,1.2265984974648931,6.645195089164492,1.0318202394132643,343.3617707588644,1.2244953272809338,0.0021030134957776216,1.566881818404969e-07,True,1.0094448962567063e-16
349.0712318581894,1.0406910045631532,6.233352958082956,1.644729730690863,342.9662077151725,1.0390603314642266,0.001630562318476852,1.1078044963987965e-07,True,2.027832004109936e-17
339.93571309126105,1.4553162348339757,7.578389782856657,0.4624917329752657,333.82641279588387,1.4538301507853308,0.0014860213722210623,6.267642387873596e-08,True,4.8690469510186857e-17
341.9999119815619,0.9946213675399296,5.674984854707175,1.7393012509819556,336.06479136478066,0.9937323058151187,0.0008890285094632333,3.3215347623744254e-08,True,2.007028447121673e-18
349.3513878019504,1.227967232046326,1.0043108364155322,0.9004239306104366,348.7882743185614,1.2275131309224026,0.00045409363562287576,7.488300441412619e-09,True,9.749343661179416e-17
343.4738276931478,1.1628009405623514,6.195209244915212,0.9602695485620194,337.60498787756313,1.1615394604123608,0.0012614224715893415,5.767840143183004e-08,True,2.6193417430618458e-17
311.1006610572273,1.0488527930822271,3.3792027537028986,0.5168627624401095,309.8933264115532,1.0487744616606924,7.833121148894132e-05,2.1004585472448897e-10,True,3.469962687668369e-17
335.15726336431993,1.9681261794302485,2.166272295433764,0.28918906313948567,333.95051787318397,1.9675462560642054,0.0005799163085382664,7.057504900849266e-09,True,5.622798417702876e-17
339.71624937106856,1.873808314694143,4.8328933768983235,0.07290729885266332,337.21339476838006,1.8722641780662999,0.001544083122509301,5.350533412368363e-08,True,1.279037444282893e-16
328.6112629598492,1.8103165092466251,0.7548848377497446,1.6077492902923363,328.1039483598761,1.8101940011702837,0.0001225077448234711,3.3151784808865485e-10,True,1.070496061084813e-16
343.8112750695811,1.552168393556084,6.563706236889016,0.34530737170991865,339.50696989823234,1.5501376624187013,0.0020306180144549907,1.1312292762722262e-07,True,5.960232642868052e-18
340.3698458231293,0.943223755600733,6.993929929546046,1.3343896544030243,333.0859680935068,0.9423798577231088,0.000843866821445058,3.1056179080601344e-08,True,7.232721182625691e-18
306.4057089580346,0.925490140742953,7.033337740802397,1.9897923790224727,305.14331294228174,0.9253930066758802,9.7133711915163e-05,3.5515753922321495e-10,True,1.468034177670777e-17
322.0317743849476,1.9770391323603416,4.972052688035859,0.920730908205434,319.382888136663,1.976579475403544,0.00045965289127127717,4.06552634131928e-09,True,3.4453588875434862e-18
349.1842636741659,1.65403641079778,5.326015967021705,1.8925554092768198,349.5418669471508,1.650637809995962,0.003398287736929474,3.1306488855521927e-07,True,8.705288958781271e-17
301.0463542056268,0.9797039415165216,1.8991694680530482,1.751162743890032,301.0290548242696,0.9796843776086738,1.9563894600336242e-05,1.324744457627085e-11,True,4.253598902043079e-17
342.65852608335723,1.55759569851296,6.23969257306842,0.10254859457391212,338.39860163356616,1.5557989246917583,0.0017966860943225847,8.772687904573047e-08,True,5.5444811915485596e-17
347.24242141934104,1.4162300073191116,3.889312670770074,0.12447110117460856,345.12184445687103,1.4146328167649913,0.0015971116309627972,7.89231573330879e-08,True,5.507969958910199e-17
316.852103182146,1.0634794153328049,5.66965525104397,1.196823654949717,313.9860580518904,1.0632942898223683,0.00018512432360919822,1.1868272855093354e-09,True,2.2670269737684435e-17
343.0372679119444,1.632089830218931,2.209495779966799,0.43172460865036333,341.9309792435573,1.631242909086608,0.0008469021979234077,1.893439952611356e-08,True,3.485493539168374e-17
341.6438882778861,1.1167498695960902,7.28478313557928,0.7208327776990752,334.5575373506239,1.11559614079642,0.0011536793753042327,4.942436598197563e-08,True,1.3238229565306552e-17
359.790739063865,0.8485479058020109,3.5774418488996957,1.4083188383826384,357.4976737677784,0.8466218008829013,0.0019259012247675635,2.0369434199419557e-07,True,1.6231695715811773e-17
327.6898920469088,1.0252455126746443,7.761821401456089,1.756396125642092,321.76684497686335,1.0247994957382232,0.00044600944985654435,7.486564635173943e-09,True,1.27486652447179e-17
345.1267557414348,0.9895538916928778,7.9442665620680195,1.2971953883763148,336.764882130313,0.9882548470264941,0.001298973096295492,7.157008812001792e-08,True,2.080757418434284e-17
336.81114944824856,0.959345866302781,1.7014164506112286,0.3520910512257613,335.0137939602284,0.9591067113280118,0.00023915249843139256,2.47633771175986e-09,True,1.9052093689904165e-17
323.1660824246354,1.6393662115621153,6.82870171523146,1.6733396272616603,319.1777399487446,1.6388509491778929,0.0005152562302743148,6.15394833118685e-09,True,3.724310807631884e-17
334.4955619870741,1.260127827575563,1.629031248661153,0.9220637459171755,333.0347769841206,1.25986599148445,0.00026183385537631654,2.2357366076310945e-09,True,4.42191551887813e-17
301.17700531583466,1.44376126506618,6.948493338973634,1.0358288045816169,301.1898274775206,1.4436543151811403,0.0001069496160927645,2.6894708709445024e-10,True,2.6818581537858617e-17
318.5828029988627,1.5336618168405138,5.709727364233793,1.3469482250479237,315.6939819859278,1.5333541949925282,0.0003076195518363468,2.2961492896428653e-09,True,1.23285671331571e-17
352.7721233048763,1.2688001140595748,1.8569374409257884,0.19801765926648063,352.312930133677,1.267715020747099,0.001085051191480451,4.212099528592372e-08,True,6.5052138087800595e-18
329.9711578741089,0.9970925139405278,7.223270016584033,1.510887409727082,323.9692271370891,0.9966163611284796,0.000476143926161122,8.88588708570563e-09,True,1.4442925023006377e-17
331.915582423303,1.4537974503722053,7.572778030584088,1.2955349428295475,326.1545626159956,1.4529419684189724,0.0008554620323178751,1.9920915000579287e-08,True,7.071736770229736e-18
346.83002342151144,0.9790846029587432,5.224550283838243,1.3461790511298286,341.33368554920105,0.9779311178070831,0.0011534267465208663,5.840513932728025e-08,True,1.0891178265141126e-17
306.78579666119003,1.986171134678741,7.910301413385116,1.874470901313207,305.6650012879697,1.9859262108230884,0.0002449227998962038,1.0557564388437623e-09,True,1.2043466290297099e-17
307.20635021427995,1.2939133150750348,5.54719855639746,1.9177973544684956,306.1123949978571,1.2937971568949636,0.00011615781452069427,3.655505354925366e-10,True,1.0506694138432003e-17
350.9522521414047,1.9640235305562699,1.5291900511331205,1.0348703135316164,352.31665969710554,1.962639797670755,0.0013836886408581052,4.424465677893689e-08,True,1.4769498965859274e-16
304.0250234599906,1.4037328304519767,6.2476989988176,0.16933484901365214,303.4663917803202,1.403619233693776,0.00011359644142103395,3.167796317275642e-10,True,2.219033598228392e-18
325.23220657628036,1.1823356210305676,5.886810594811262,0.2678281453035604,321.04030472422363,1.1819663431399754,0.0003692734597589045,4.430833063973902e-09,True,3.3650684908542716e-17
348.3056666925907,1.0386853231898172,7.493105708697969,1.601790637946429,340.7312189790149,1.0370006828267273,0.0016845232489028246,1.171141871980644e-07,True,7.929233337929582e-17
354.3442487487492,1.76269963614845,1.5009224296381674,1.0541500720683323,356.08279923871936,1.761158516387633,0.0015410574865954716,6.227422128402813e-08,True,5.434912400095588e-17
341.7327240603567,1.306510255962063,4.29342082903605,0.4327278905285306,338.0753472313938,1.305495499551915,0.0010147231199385835,3.32902092413775e-08,True,2.2581334681223957e-17
351.54283314655817,1.3427786596070619,7.543511960778708,1.3740605166748494,348.052003636319,1.3392297578397456,0.0035484841205780937,4.1764673800384115e-07,True,7.06269041774234e-17
310.14936990536313,0.8836797312720163,4.393512047567027,0.6461909925953,308.72326483132616,0.8836017513939072,7.797963284255364e-05,2.452665196414619e-10,True,1.0282721188629562e-17
353.3668881172929,1.6869235471941848,1.276930472122284,0.9224678164061777,354.2763656370267,1.6858014429727777,0.0011220700267506093,3.419465664635653e-08,True,1.5024060636351212e-16
342.4952418022667,1.044807743889943,1.7594305320225971,0.08429615539766153,340.726625035374,1.04440947638568,0.00039826100497382903,6.499289149905837e-09,True,6.122761220492616e-17
313.7228265375903,1.6379028056552147,3.2840977430162717,0.07033548389523364,312.42756592636675,1.6377569312924072,0.00014587388892696134,4.738805676960788e-10,True,1.1670006446286508e-17
300.6168250283961,1.409536371298069,6.408784103941834,1.8321415971097488,300.7363597846537,1.4094437626662848,9.260842585539381e-05,2.0592883181726063e-10,True,1.5661776032482448e-17
308.8552868408886,1.4355963044314328,3.2915738760220052,1.8502931371394982,308.0026186402039,1.435506852380493,8.945185318559079e-05,1.9775434386274604e-10,True,4.2327220099476713e-17
351.21937688378347,0.8241515067287146,3.3509333620449917,1.6496039796933473,347.46792474730785,0.8232183646144421,0.000933095273434373,4.6840838169866764e-08,True,4.536709605869013e-18
333.11365916874183,0.8648508777872019,5.406044582329388,1.484932216429392,327.88051021196907,0.8644386658038645,0.0004122041335107438,7.849826769199937e-09,True,1.970149429275163e-17
346.03069796143075,1.1775166880022256,6.855470296248231,0.17550589694145685,339.7337976150106,1.1758828403433828,0.0016337510120934728,9.664674942042108e-08,True,9.276923599595481e-17
333.301786719155,1.287910426243323,1.8617231493305586,0.15454559519637381,331.66860723425174,1.2876327825645641,0.0002776412373583977,2.441400489409968e-09,True,4.3940247222894904e-17
300.7938559773273,1.336666877851151,5.305917235657338,0.9611767298519938,300.85369449178626,1.3365934279675136,7.344974693262532e-05,1.3670479358756073e-10,True,1.4665616199998517e-17
354.88161206151267,1.139558760211966,3.859982804972414,0.23599428566639014,353.4358583890403,1.137387251524451,0.0021713196555348674,1.8903198010895263e-07,True,7.677279146376139e-17
344.88592460384467,1.3630578560518576,7.5910112507352245,1.3875546963344545,338.78152241215446,1.3610949219459199,0.0019628141865500027,1.1991938769732652e-07,True,3.7956620737874776e-17
312.8366322070271,1.3110115403459446,3.1466170304256975,0.6456501004671521,311.5879039778679,1.3109069616873794,0.00010457835585844979,3.0270670407595497e-10,True,5.223557625006292e-18
337.67563701630877,1.464534828919776,3.8980828461992427,0.9832916865070316,334.56901508269584,1.4637241692291971,0.0008106410913910345,1.8599187759520034e-08,True,1.1036792804603872e-17
310.75912283433166,1.4042241650498795,2.623064939785019,0.9576269931068768,309.8950393143727,1.4041427470331982,8.141784718549493e-05,1.6949578325719127e-10,True,2.3451675460103118e-17
313.40596236559173,1.4014388642640028,1.6969126361368674,1.458854343751865,312.6834577805234,1.401373034766054,6.582938498693019e-05,1.129620433033553e-10,True,1.2953669262046834e-16
302.415912686125,1.7665095085212061,6.929507583860101,1.6728606788766356,302.235125909131,1.7663667510737728,0.00014275705308028973,3.943529838691446e-10,True,1.1327118033416719e-17
334.16986910443353,1.8922053160263426,3.1309978765589825,1.593465661009675,332.2225112606587,1.8914919109952961,0.0007133940249481515,1.1006098100966492e-08,True,6.144578120653516e-17
328.8416105338298,1.110864026362321,0.6128022163719083,1.2384408142285876,328.2910344628192,1.1108021658779352,6.186034649158128e-05,1.378943148028564e-10,True,1.4801498359149093e-16
341.14729984168275,1.4421563205265135,2.4539127896139465,1.3777406310993061,339.3386054398172,1.441458357758307,0.0006979484096086285,1.4358597705062667e-08,True,4.610163838408356e-17
303.62815994225105,1.8471897872651446,3.25498135892144,0.718946432812907,303.4103937754298,1.8471122744815225,7.751267158308333e-05,1.1203914731045365e-10,True,3.607041113013713e-17
310.0990715191044,0.9097900819398667,5.2009625305926255,0.6277211887007456,308.4717911764862,0.9096969864345298,9.309516633639534e-05,3.39000626982617e-10,True,2.939712123896455e-17
349.7620853832347,1.7959239616913005,4.112788712531584,0.8145540563249337,352.24260792727523,1.792540746728018,0.0033829254903681694,2.894729140575997e-07,True,5.133158027685252e-17
347.9951851409295,1.1227397023334895,3.7792094182245344,1.8138413321319244,344.74792316335544,1.1215391397111607,0.001200506482608932,5.6139720077582046e-08,True,5.766784929424713e-17
334.01508430647004,0.8128004433804983,3.589425869159401,0.2555100873624611,330.27277584323707,0.8124946975685924,0.000305741155776407,4.656129456368932e-09,True,1.9248292675415928e-17
302.9568176450582,0.8320079021498896,7.0669361913542925,0.5768759024393907,302.43888969199685,0.8319381260640216,6.977588557171529e-05,2.0029625060091775e-10,True,9.220359118428522e-18
337.84882871866466,1.9187518857139374,1.4604579498313024,0.5327714544037575,337.1288658205774,1.9182765646479785,0.0004753161197551157,4.9462036340264e-09,True,1.325948913296486e-16
308.949014601968,1.6557801464757227,2.3559933983691854,1.0704639341087594,308.3452581256978,1.6557041859144541,7.596043736413644e-05,1.2390442992532562e-10,True,3.015312738973839e-17
331.5215615735845,0.9873948182197956,4.028441062130743,1.1157676326859913,327.7853009031514,0.9870465021243795,0.00034831118935118113,4.906064813369368e-09,True,2.1937011388231265e-17
322.2344750771793,1.9053987291319072,0.6792641925629129,0.8310766301482757,321.83464848307227,1.9053257867564097,7.294226775490434e-05,1.0774248793142014e-10,True,1.496956074651948e-16
332.51094498251456,1.2165977065251263,2.5925392149705453,1.2621048403176947,330.20043832851894,1.2162688414609784,0.00032886146699351364,3.597154301383703e-09,True,6.268462917860661e-17
349.45024047670233,1.3155401953042043,6.42412500191823,0.05278374803284084,345.3364375552238,1.3130567699380518,0.002483219583303355,2.057828491640737e-07,True,3.2645463503552798e-18
326.13651075712477,1.7797674594769801,7.953958247441081,1.6281664732961372,321.3261711359424,1.7790000336118539,0.0007674131300200251,1.2735106166381668e-08,True,5.6831846477513686e-18
347.7813384951704,1.646234558743883,3.738040183660622,0.7614793962323244,347.20714460448596,1.6441903575332781,0.002044088808959879,1.124016446834743e-07,True,5.801200334252911e-17
335.80125279356844,1.3430838118662285,6.30396942337578,0.6689567382438315,330.4634564042147,1.342184576684518,0.0008992107749570316,2.44067534907467e-08,True,2.570467192743478e-18
334.6331266536944,1.189054257171466,5.935012942066464,1.4256888505583012,329.35145442516824,1.1883622238817844,0.0006920170635899916,1.6226091500747527e-08,True,1.69515227436691e-17
306.9062123909266,1.3877426151063386,1.0254301896321085,0.8450398136853629,306.68734399710246,1.3877184542979124,2.4160793627024926e-05,1.4799131385527977e-11,True,9.910848352696034e-18
329.7087348773506,1.6482821775700134,6.102442999381062,0.2745006378868082,325.4454437465987,1.6475402459454822,0.0007419184636453342,1.3160885935124893e-08,True,1.7520988263628012e-17
326.4434906233347,1.3618197840777952,2.9145882346487726,1.134012746652592,324.25489883966014,1.361551664031375,0.0002681179806806684,2.0657395641794116e-09,True,2.3597999316466672e-17
333.7898002214098,1.775265327512409,4.207070617134828,1.448402102580789,330.9230073109516,1.7744454336149345,0.0008198785113395698,1.5386134822894245e-08,True,5.2467305459933047e-17
357.104932627721,1.609625580991866,0.7697082407708028,0.7962478454377931,358.00943060634273,1.6088130760671828,0.0008124858026093766,1.912207402101883e-08,True,2.456524432225135e-16
329.3479706492965,0.9980933193650271,5.152365563226078,0.7094210036988337,324.9366550824068,0.9977279712728078,0.0003653428376180426,5.2546012682950125e-09,True,4.482032412071743e-18
341.88754740651837,1.379077266464051,5.611420874479746,0.5429897062120682,337.3045108865723,1.37774964442755,0.001327568261795653,5.37747051957398e-08,True,4.785729355003942e-17
305.5089490412045,1.8819832553898372,0.6414012955835527,1.4616610181993852,305.41999872974435,1.8819648177420714,1.843764146222843e-05,6.3034814471551394e-12,True,2.649457303786746e-16
322.4216660984383,1.7416093680039506,3.45425088275912,1.2380861294917869,320.37285836831813,1.741305934645073,0.0003034313361244844,2.022753051237635e-09,True,3.082908095873476e-17
348.37560991698103,1.4502088990978588,5.112813736002217,1.4328749764602906,346.0235487733358,1.4479291617438488,0.0022795795490924337,1.5780491761894663e-07,True,1.2520916457261406e-17
318.8588921587657,1.5771840457589148,6.761931522635942,1.588002198669554,315.5105186296084,1.5768147649138913,0.00036927763092247675,3.2141010252494175e-09,True,3.240564578501904e-18
317.6675703888493,1.5533748168584856,7.346702576018544,1.09134587348672,314.27998085054134,1.5530161940559961,0.00035861974767180887,3.054817813270696e-09,True,2.5168805316266876e-17
340.47337643510076,1.003666022234939,2.2877602412050604,0.1744858322414095,338.0794007768635,1.0032503766010707,0.00041563836576083706,7.268107257347827e-09,True,4.751173351014173e-17
319.16211421461037,1.3394892786850436,2.630853916434542,0.8052428235634592,317.61387309102383,1.3393454778493035,0.0001438002546533513,5.810866858167141e-10,True,5.1113254395210764e-17
322.47052131571814,1.1651130672791368,6.117343091805173,1.6346975784197497,318.5404073991959,1.1648006887819056,0.00031237532685630547,3.1703747803420428e-09,True,1.913478366005789e-17
344.13350495767116,1.7893641877621853,3.488861924130872,0.6725038499559624,343.0794662192499,1.7877819527805547,0.0015821743273092563,6.065432146653289e-08,True,4.63483146365486e-17
345.0201759993845,1.072824189984008,6.1596858667329055,0.20443018017266545,338.86454822870917,1.071563089863003,0.0012610372223257978,6.289867913989036e-08,True,1.9518767369455995e-17
350.4470230613201,0.9221066036809881,6.286584069612726,1.2676149168217221,343.6743813190498,0.9205794583442874,0.0015270352748107327,1.100618899330527e-07,True,1.7965587413335256e-17
330.1175169997418,1.4142672749498968,2.79320891706061,0.3511933061863307,327.89452131653337,1.4139185547410333,0.00034871677390945773,3.4349538032608527e-09,True,6.803977171723679e-17
344.636157715515,1.5495982868757467,5.1887394742458035,0.9882565956428806,341.60717803837855,1.547751648356035,0.0018465438065917432,9.471311999617575e-08,True,3.565913026149124e-17
307.4668421643719,1.0474460350211197,7.582491980773288,1.5289619707496351,305.9211666010744,1.0473195416960703,0.00012649279019434918,5.348551934341492e-10,True,2.9553628683379705e-17
342.69891417824505,1.502453531827673,6.95744336503073,0.1374051911698832,337.57436693461443,1.5006271117943062,0.0018263264621431637,9.357122373024048e-08,True,1.489993650335815e-17
323.64210164235226,1.3561710041696844,1.36847895813364,1.5965569529485808,322.6596194787132,1.3560597123880789,0.0001112914275119687,3.540935495898689e-10,True,3.596755568208593e-17
333.0575518230454,1.5745300291596758,4.947799112794968,1.320116756458657,329.3204397863693,1.5737677074943937,0.0007623068000496525,1.4865232657904063e-08,True,3.944964827544062e-17
333.3911389600128,0.842262198059329,2.875616725961009,1.0792471317127381,330.4156966427416,0.8420057450087202,0.00025644988710365893,3.1635051987801742e-09,True,1.0183361447890105e-17
323.4748539069109,1.797931136846012,1.5670744242485182,1.642851534926206,322.5013123492662,1.797764180470827,0.00016695577463865725,6.005461736972834e-10,True,6.667145632008486e-17
339.0565975118877,1.3747921124223956,2.8073697780625757,0.24244557504643055,336.73813180717696,1.3741549711755765,0.0006371288662119102,1.2380607170785791e-08,True,1.779790830270595e-17
314.1985407731768,1.9043707277237676,3.5638720288861663,1.6884906848164822,312.841014864816,1.9041804857354856,0.0001902412933062024,6.949758172680652e-10,True,1.713621659864396e-17
356.96074612295655,1.552835605664201,3.118988141878322,0.22845832451237946,365.5327777709785,1.547870348482111,0.004964488944001359,7.682380886771738e-07,True,2.9813579706456235e-17
343.7979525933997,1.2641756553708254,4.257253087855716,1.340833094639533,340.19009046105475,1.2630516562756406,0.0011239564097845574,4.2685400004383935e-08,True,5.848559451813399e-17
351.83038972570364,1.898223087053951,2.1321559130371694,0.2248471081338742,354.123888879594,1.8961356121464195,0.0020873697730109065,1.0513452041735356e-07,True,2.282418740132711e-16
346.43188111205023,0.9954379893093996,7.360718796790601,1.0284925006897918,338.6867948027593,0.9940568230515071,0.0013810850061955434,8.125169688453411e-08,True,2.286293198541491e-17
337.63631719626613,1.1879569243510817,7.0889059702733626,0.6255328615639443,331.16094076954204,1.1870169344361334,0.000939959643891804,3.0271056466219135e-08,True,8.3562351993443e-18
341.03722584793684,1.7850826906026367,3.429235142508924,0.6491301561693343,339.33269182585104,1.7838761036874917,0.0012065522426420838,3.467250274299292e-08,True,4.734246306736561e-17
309.2507847746742,1.432538774566272,7.79872652529096,1.8581690532345394,307.40098641528726,1.4323375527407722,0.00020122082643278877,9.990670706675973e-10,True,4.9281250410455285e-18
345.35794121905906,1.0072712518148406,2.8388017382932054,1.7581596095303131,342.4746303097343,1.0065749854262922,0.000696245591665472,2.0796882790106215e-08,True,3.533522501372145e-17
335.874837570007,0.9284783864886463,3.1056206841880662,0.5629307191886168,332.6411360725459,0.928120731930815,0.0003576489074493157,5.650381975820863e-09,True,1.7121724879229804e-17
312.38795824347994,0.9618308376262568,6.078933412506114,0.5757238999710796,310.12143272226655,0.961699204470468,0.0001316325079983346,6.477903621160915e-10,True,1.546493165156812e-17
322.44698402076966,1.8753659724975629,5.857112838971429,0.8788243191019705,319.2442746083036,1.8748577898471661,0.0005081774158508045,5.234545978724902e-09,True,9.913199638104893e-18
320.42166086828274,1.479803840633096,6.715109150149816,1.1050310928240121,316.7672476243703,1.4794242233693464,0.0003796136161292308,3.647620491191412e-09,True,2.2292574030958096e-17
327.783495385658,1.266056115974127,5.956545311469577,1.021258295188509,323.3014609353885,1.2655817407537509,0.0004743683016446904,6.918731722402663e-09,True,3.862763617176579e-17
331.14845321993846,1.6969121263993039,1.324555534731048,0.7833745939573463,330.2039599294499,1.6966776808414632,0.00023444424730584206,1.3105349170437996e-09,True,5.3420763360342444e-17
316.2008481513161,1.9894789346710475,6.505034596690112,0.2473540555903765,313.6330787222799,1.989092576281656,0.0003863556320048558,2.7573866195321983e-09,True,6.815957977984412e-18
345.2560055300596,1.5031550855080797,0.9305375952167796,1.7825393634897553,344.817250963616,1.5027571869712186,0.0003978939328272274,4.6040339387023435e-09,True,8.287477472710818e-17
303.69385737412676,1.4329566198520824,2.2716697470303977,0.22390856745773652,303.49158097044,1.4329143636370796,4.225617205838864e-05,4.294452851020412e-11,True,8.059959429506764e-17
337.52274671748495,0.8893327334092563,4.3605939954007376,1.2150707291915448,332.8889174475001,0.8888433159894215,0.0004894063569123595,1.1062922510136416e-08,True,2.9500408576342552e-18
317.0601720390223,1.2075034359734835,7.724344272098203,0.79288983668982,313.4250725511646,1.2072295608861514,0.0002738728073366396,2.2799954404314176e-09,True,5.419352156765098e-18
306.5689196099586,1.0793546563054366,4.200685096067753,0.851231960148133,305.7487400139669,1.0792834738587185,7.118228254218702e-05,1.64176072475772e-10,True,3.805237508977774e-17
343.0997548639627,1.8353471081851647,1.417503261268699,1.6059085429200364,342.69661192075785,1.8347039671146417,0.0006431313242094276,9.746313821539777e-09,True,1.8287135154103438e-16
333.87632131095063,1.2614872932168695,7.726436461313058,0.6406869065961809,327.41515160370153,1.2606567457062274,0.0008305257159956337,2.179464649035522e-08,True,1.2997911889327253e-17
344.0730607994926,0.9481447173045683,3.4266374300328937,0.5079925616858906,340.36739034850507,0.9474578979347956,0.0006867981032408869,2.1266531751876042e-08,True,8.183235309686187e-18
334.599199374744,1.5952328229993509,6.033982785100213,0.2688367067145774,330.06917625935495,1.5942389496362834,0.0009938483169103069,2.5046157244008823e-08,True,1.926220103457176e-17
300.9782703160751,1.2269463267138419,4.127840437624341,0.891073250419966,300.986014978579,1.2268932721795829,5.3054456487609456e-05,7.777157498516879e-11,True,2.359318829335932e-16
325.11709455065267,1.6931414440684456,1.0734943128616306,1.795301200173233,324.39437155273004,1.6930173699395463,0.00012407377285779416,3.5604147641187974e-10,True,2.3071893661671922e-17
339.6312446326587,0.8966624774207225,1.4355853982860083,1.921517330109859,338.03061472693497,0.896430204046502,0.0002322708346635737,2.5395568460263353e-09,True,5.465642800250871e-17
302.53506487721444,1.4263356694550768,7.0466054749189615,1.9442458577950528,302.24819870024976,1.4262183236989978,0.00011734542604821637,3.3003088425794424e-10,True,1.518482267753634e-17
313.1660987322017,1.8645336585174574,6.022926428599592,0.7999198652969781,311.15710658372063,1.8642587082583946,0.0002749487916635759,1.467399169981303e-09,True,2.3155056401643422e-17
306.5132063254906,1.9955830642197563,7.267828135560491,1.2391214206723007,305.5234857714819,1.995359626964637,0.00022343638142589318,8.73693401486082e-10,True,2.108185856815306e-18
330.8740375541623,1.5155722333874202,7.705691476242094,1.1350133206122932,325.24571349708873,1.514723517570166,0.000848697106559377,1.8710694721962557e-08,True,7.732716135172307e-18
312.0066764269577,1.6639184876116213,2.2002169598537282,0.9738104472876364,311.22919263100687,1.6638283218110017,9.016562372394271e-05,1.7689568544666325e-10,True,2.4357406105619933e-17
310.2068448735283,1.9485396224306313,5.725239105749771,0.9951466003634869,308.77420427827883,1.9483146230746053,0.00022499842968188997,9.263440987728272e-10,True,1.0325728570524336e-17
306.3880872516398,1.2898333322356148,3.9965906650511016,1.8005675987532974,305.6672362189085,1.2897529514277764,8.038063274480752e-05,1.7509350959181915e-10,True,3.583056096748799e-17
324.9271078932033,0.9723690935878986,5.9046445349674626,1.851214879168182,320.57342212128583,0.9720750859594102,0.00029400422270850024,3.4057800461635527e-09,True,2.38845416395417e-17
306.4623100370379,0.912419267020521,3.176430372581679,1.4911903604100336,305.8053002249556,0.9123735494408183,4.5717499562422004e-05,8.014041316590882e-11,True,3.495530041205565e-17
344.46343549945374,0.8890737212376648,0.8471366557219322,1.3214019328649347,343.524232291431,0.8888769864003921,0.00019673294687426205,1.89039839662813e-09,True,3.300143451330477e-17
336.299395615925,1.9925610656325154,7.078374469314546,0.9615068369277198,332.19522059735357,1.9908667862390166,0.001694220424957168,5.896854167841874e-08,True,1.1599099601047573e-16
351.1548874451206,1.4661113683022804,5.154459001091797,1.3423111251337616,350.7012307051763,1.4629724688389687,0.00313859644229422,3.0302101743956786e-07,True,2.032083934470884e-17
309.0156176665183,0.8101213175883696,4.443041466285415,0.6524271852621997,307.7266556989342,0.810054715141378,6.660225305684456e-05,1.9393489119000402e-10,True,2.6929057058369014e-17
333.2552402702473,0.9076883585045062,2.4347850025709126,0.8961760053808967,330.7785519775361,0.9074481895620629,0.00024016636287213972,2.579571291170986e-09,True,2.5539340117762247e-17
346.05088938187623,1.733227927228502,4.243595305412768,1.6357480093986647,345.1240263880813,1.731095092370335,0.0021327198493664265,1.1500880063871557e-07,True,1.4279074198734603e-16
316.30043259555555,1.9542145154775115,0.6314156625657813,0.08613243119402299,316.0091739638465,1.9541700764561136,4.4438983727134145e-05,3.7670634095916285e-11,True,1.423852547884699e-16
303.37375639854787,1.650269722076105,6.880780407350177,1.9980234568617277,302.9674897761743,1.650128751804971,0.00014096985752041583,4.136133893590117e-10,True,1.6710108429628623e-17
336.8489449791185,1.4605082598220192,5.926613361059859,1.541643779224599,332.06657456712037,1.4594777464373945,0.0010304836474079259,2.9737216606382052e-08,True,2.489166635269758e-17
300.6354698883614,1.2852727548325897,6.46933087816235,0.1944464433145427,300.72880513122067,1.2851875684196006,8.518622190951169e-05,1.9107958677841398e-10,True,1.2137806464489179e-17
339.7533760118639,1.7215245069782628,6.06568172860093,0.9011954457308411,335.85032964617034,1.719904077909879,0.001620365388378891,6.368000480884989e-08,True,9.656488141710773e-17
355.4393744549745,0.9812160230322623,2.0571306163873198,0.33837028546530545,354.2039948849584,0.9801697031566499,0.0010462687583792424,5.11172332019019e-08,True,2.507953670592598e-17
317.5923041073001,1.2422042280402967,0.7730363899441646,1.9785460413182112,317.1377784413762,1.2421664618364328,3.7766160771370965e-05,4.309276384980596e-11,True,2.1348815246729272e-16
302.96135055897327,0.8505416042159188,1.2401233778021274,0.5298186968006793,302.8503487981199,0.850528638664003,1.2965545132835408e-05,6.782940763063248e-12,True,8.634083270249841e-17
314.78144323563833,1.278959599779626,4.634106727542807,0.46116210585897616,312.74296773250074,1.2787947681909544,0.00016483081227632783,7.763952877465059e-10,True,1.921535257563276e-17
343.98683935379233,1.7650292272560935,1.4581708180413306,0.5692902987895481,343.5594105657914,1.764355486714522,0.0006737293701983931,1.1171373034732082e-08,True,8.555983488681206e-17
320.5234002670203,0.9859183245441433,2.2451401309761883,0.15519889523004077,318.98593629211894,0.9858179104844871,0.00010041367155913949,3.8809696301220967e-10,True,3.1434129181353793e-16
333.01741671607795,1.595675249555765,0.5329532454307424,0.28936980637707715,332.6193578723075,1.595569896411421,0.00010535285918393604,2.8515973356062e-10,True,2.296770694821601e-16
340.8207893907219,1.338291784148526,4.987933378152524,1.8905711736554718,336.5861535070101,1.3372016871966177,0.0010900597399138045,3.721199434450595e-08,True,3.39236610617243e-17
303.30925202748864,1.5462217599881194,7.662485374943316,0.6047265995741995,302.85496468589326,1.5460760770918807,0.0001456824251276232,4.711109399623998e-10,True,2.3206419015913098e-17
333.0650498822447,1.17553017904657,2.0976708603452674,0.08670524029937798,331.1396121685448,1.1752552021525315,0.00027497427791996145,2.616118318723198e-09,True,7.827739494830225e-17
303.89643507993696,1.0241416209716332,7.827020193228711,0.6284587033236081,303.1576079475285,1.024040483095642,0.00010113753250569734,3.434854266217322e-10,True,1.3840052130911565e-17
307.72629369515164,1.763955722046678,3.369734456379059,1.9852190366839317,307.0412660748528,1.7638517962654603,0.00010392556530404211,2.159136949974496e-10,True,2.984878003593643e-17
326.43889595533585,1.5940760923283808,4.538009628103381,1.7425080942717497,323.35315574435515,1.5936192500156119,0.0004568372153371399,5.097431742899122e-09,True,9.5831154807069e-18
344.94963238705446,1.7559613498036124,7.703418571950535,0.7188090954915691,341.83685934798757,1.7528084147953316,0.003152690920749485,2.440875314645007e-07,True,1.8107994073431148e-17
343.68111038287356,1.6719169077058522,0.9657927633601284,0.6251666105741549,343.30001160390697,1.6715013596241282,0.00041554360179439593,4.47992973746004e-09,True,7.980334648759157e-17
309.9958080710335,1.2502196201404465,0.8610672596466462,1.5157507388937457,309.70762886994584,1.2501961840352096,2.3436089482116636e-05,1.5754783588680685e-11,True,2.322391173877469e-17
327.21948147543816,1.7891998742321424,6.976624082263213,1.9542619983609284,322.8348497053171,1.7884416842429418,0.0007581775157803285,1.2473420178965704e-08,True,2.0295993076279715e-17
309.402323255278,1.6196349669809211,2.767798687559102,0.615406933812184,308.6559140460974,1.6195454218590792,8.954494546732637e-05,1.7637473282514156e-10,True,5.966297994224329e-17
332.9717579032964,1.284101645935082,1.1117184723305393,1.480218895281468,331.99248841113746,1.2839324831583658,0.00016916186618968723,9.105265589778948e-10,True,1.137919449946907e-15
331.7552571427362,1.9746706322968157,3.5278489258766283,0.2675871691265421,329.5873077825081,1.9739756310535927,0.0006949913779371331,9.865285714370496e-09,True,3.47486796482229e-17
309.3407135182623,1.0054774961756252,7.769941179725441,1.4044343144125284,307.31223061195317,1.0053378124853258,0.00013968300477351092,6.855259070941195e-10,True,7.956123274436477e-18
318.19657590115514,1.817397269213513,6.432218209834181,1.3801430682297904,315.2474663763428,1.8170007707891962,0.00039649521388092053,3.2104356764280506e-09,True,2.8198986519303646e-17
332.52250201858885,1.4518549924472786,3.8020787682017363,0.18558998375274016,329.4838187350315,1.4513083808269847,0.0005466033250534211,8.295240410473102e-09,True,1.8518345713943135e-17
342.204280663571,1.8973634049303683,5.419747141966681,0.13545082834968744,340.14565459981173,1.8952227296699498,0.002140572101890574,1.0315852768220724e-07,True,1.1935372033887446e-16
324.81063829237087,1.4982691550975917,3.9947245985098667,0.4244122772418469,322.1094721271617,1.4979248447232845,0.0003443073158964677,3.0584108394538916e-09,True,1.6334768493645116e-17
313.97647913360214,0.9383229028436837,7.739636043269744,1.0337293745248457,310.85845200008475,0.9381493430138758,0.00017355867005460103,1.1597532897436119e-09,True,9.02595740278e-18
319.73112660851035,0.9719001771271895,5.261426441542447,0.7769122107968099,316.54492760796677,0.9717081726653127,0.00019200304308341072,1.418793278185559e-09,True,1.025273030239222e-17
337.93436598937,1.1440339016895877,1.4542341344070557,1.2614711836299652,336.53616814221624,1.1437629950631343,0.0002709039401930902,2.686260281272021e-09,True,6.131833066265867e-17
320.68090864306254,1.0832757757559528,4.874142155937892,1.2240030692967565,317.628887288278,1.0830600866908975,0.00021568744827212734,1.616783228271613e-09,True,1.4472915148942214e-17
312.2696237150169,1.1954612990006956,5.337900971026152,1.418411092706538,310.337090755865,1.1953150947935325,0.00014620356334110006,6.438222293648792e-10,True,3.380761873829269e-17
335.19404250314716,0.8253573285938969,1.2440765244412004,0.37629931621783574,333.81626876641167,0.8252189528489146,0.00013837478762638124,9.5735590953702e-10,True,5.032971606252112e-17
305.820763685172,1.8765801483695708,3.0585039184958354,1.8878100705733096,305.39810285553943,1.876492645350481,8.750287671983612e-05,1.4236993613896752e-10,True,4.137779252586476e-17
309.1889871707836,1.9662839808620904,1.9975710596877299,1.685645915531865,308.69678302030053,1.9662052578377274,7.872291204942331e-05,1.123136628163091e-10,True,9.992446997473052e-18
314.00658157278895,1.1638180828970732,2.134280346498773,0.5361581731615863,313.0224895317113,1.163747438357987,7.064438210471477e-05,1.5698138030914033e-10,True,1.0586965939701932e-17
324.5129953960686,1.1099295610282927,4.695844779329358,1.3442286474748784,321.0974270687005,1.109651813589,0.0002777447684826109,2.6708103369972302e-09,True,3.925150525412721e-17
320.2939449028351,0.8038668469498345,4.170824088740428,0.8026029735677432,317.5279790556506,0.8037309490267334,0.00013589705872610599,8.643750318684037e-10,True,1.2282062729225694e-17
328.7614112514664,1.7362544612875899,6.242247001385183,0.8214364553968015,324.60617969213644,1.7355031565840058,0.000751291953132232,1.2750452003365426e-08,True,2.3704255684330614e-17
351.56134507847986,1.1815011522846524,7.563344327990421,1.4837984926047003,345.7814904235726,1.1787986757409028,0.0027022044989714633,2.720447781769043e-07,True,1.7733662906039552e-17
331.01611796615305,1.9096483047124402,2.804629916949744,1.9505878121186215,329.2242594248429,1.9091277288071726,0.0005205701938888598,5.7113787693825794e-09,True,2.815295954865666e-17
327.10997533620946,1.2948549092746948,7.474185022386461,1.4675666945240804,321.80156130259695,1.2943110460463727,0.0005438544128141887,8.815507814646387e-09,True,1.533478451287e-17
317.9003553834087,1.4785293045482042,0.5953732734201296,0.9965611101229862,317.56284879094864,1.47849352266708,3.578184854153762e-05,3.258268452397315e-11,True,1.259777219123658e-16
342.52603515452023,0.8710461743731477,6.839189150016991,0.0709839769126686,334.986722140611,0.8701756231472474,0.0008705150663379163,3.615956239160508e-08,True,1.7621400475664003e-18
354.7256657398365,1.1340197646463803,1.1410783504553792,1.854208496281238,354.3802628313881,1.1333412714110465,0.0006784746296309302,1.8605702908176374e-08,True,5.5464819536392116e-17
308.8302094240134,1.4357545144733095,2.5589331755010574,0.5109857634698163,308.1533096695589,1.435684095438697,7.041891195725448e-05,1.2265544227055334e-10,True,5.2007199367754755e-17
330.6483077357557,0.919996225708949,5.79857540027942,1.8897381575391379,325.4838524916987,0.9196016082481365,0.00039461078903830994,6.671774045335897e-09,True,2.5134014518105725e-17
335.2016947749691,1.0954345113305344,2.5910638308518217,0.28694125165703566,332.69324498895895,1.0950811377825098,0.0003533688717433032,4.676281256182207e-09,True,2.6377700385098756e-17
304.5893668714306,1.0171730783717323,4.397756790831167,1.3039082319791095,304.01961549125923,1.017112354899891,6.072334647363212e-05,1.2536762720985296e-10,True,1.4714595441338604e-17
303.60903880780313,1.3821773777937116,1.7698561099101402,1.7831613321664719,303.45015995638244,1.3821457339059071,3.164386284398168e-05,2.49606189303537e-11,True,4.448510495708627e-17
355.3714169642024,0.9897163825479063,3.5573821877085114,1.6023879230062257,353.0087411309764,0.9880238296807228,0.0016924209360182337,1.3193116529928489e-07,True,1.5691076664156085e-17
313.67426212352336,1.8237393178678187,4.33593218506172,0.42555255303498907,312.0869308169441,1.82353065404521,0.000208662953590508,8.690180656301879e-10,True,1.988493661509409e-17
357.3311909530957,1.0336657466963788,2.603486020891013,0.450355320103714,356.5114020865749,1.032057316237111,0.0016083144740142155,1.1598525352187786e-07,True,4.3082425107211457e-17
330.91114182337355,0.8818752914164889,3.3483958858027214,0.16010053343815805,327.70245079356266,0.8816182533576526,0.0002570350690666702,2.9897695585498244e-09,True,2.08064109113391e-17
324.1597920379698,1.1689569217962326,7.003162875865038,1.2845003254789389,319.4698300417376,1.1685715973469568,0.0003853196144353566,4.834840331397276e-09,True,8.565201590949484e-18
323.6988204845922,1.089478536633156,3.6014468160986213,0.8799331483899333,321.0683741928702,1.0892698929395497,0.00020864215852285322,1.5350836656320625e-09,True,3.3333294484044714e-17
347.2315853225767,1.8987715481856697,5.072216956792483,0.09246534840415178,348.87406285896,1.8952110769548953,0.0035601729559868026,2.982747874192701e-07,True,3.726459423000331e-17
355.6721710267283,1.1548812114432339,4.260540121049486,0.42285588623240267,354.6292697186065,1.1522653542314987,0.002615584894265179,2.7231747000849037e-07,True,3.3659863782467186e-17
346.9475457197183,1.3775089804524723,3.473548982909549,0.4171971779489341,344.87426724414314,1.3761437223608124,0.0013651988864687278,5.920519117834045e-08,True,2.6408643482008538e-17
325.3913079143176,1.0739269089273848,3.9727915470447708,1.4277108144683217,322.3352459287739,1.0736772620925674,0.00024964458870286547,2.246114540898754e-09,True,1.0444584786976906e-17
329.78818452502725,1.198255847255868,4.686778147411901,1.61311810214101,325.9149436554922,1.197826980903662,0.0004288602876233642,6.064582597866223e-09,True,2.427601449631616e-17
352.00176256834663,1.1696802136870292,6.922166847138923,0.5773146288304104,346.95513639714596,1.1670368845228367,0.002643064722796051,2.6444139647821547e-07,True,5.5493198704402207e-17
310.6516293844593,1.0431938413380157,5.05367908169906,1.410365469813945,309.01280852965095,1.0430854119810864,0.00010842895449404581,4.02435316258445e-10,True,1.130328794719077e-17
336.97580131373815,0.8197215836154303,2.809357144907147,0.8840202726688029,333.85488870550097,0.8194104630242338,0.000311115716300114,4.874896352634454e-09,True,2.909785170692004e-17
348.65276630649953,1.8773803437692456,0.9937102739988892,0.12481253603974932,348.95997230408807,1.8766858003396043,0.0006945319618457667,1.1467795385518382e-08,True,1.0963926049751314e-16
359.9167016918278,0.9205687756947254,2.0706139220144326,1.7449594676556532,359.25314861753805,0.9192218394454894,0.0013468437435648715,9.250567109770019e-08,True,5.3373751595282497e-17
342.9626483695077,1.1898507940931689,1.0670667281002602,0.3882703685689868,342.037095408944,1.1895504034913083,0.0003003873336046577,3.2682557485297062e-09,True,1.8841631307088255e-16
329.0315886397992,1.7091939239581273,6.129825403518767,0.6862230698328657,324.88804154980323,1.7084523141908783,0.0007415971267325459,1.2640516429519568e-08,True,1.5760552675283637e-17
348.0446134008096,1.6200431841935865,1.8461358978149645,1.0561313824493659,347.7948513694173,1.6190105042924396,0.0010326506837180067,2.921742887776127e-08,True,7.30379417167969e-17
346.3493116209552,1.4840577578157612,1.6506263059271935,0.5568107861935968,345.6129655498975,1.4833237425903643,0.0007339992887726655,1.5936624294106947e-08,True,5.186571001399714e-18
342.55752218781424,1.258839727320095,2.0303647781334195,1.0912650850126555,340.85677652877604,1.2582811430006995,0.0005585737005271305,1.0618868324417584e-08,True,7.148728635801862e-17
339.6035265102035,1.884761114944886,2.739841790916495,0.3043069094168549,338.31524566528367,1.883811237721518,0.0009498569829875185,2.0240380558861175e-08,True,2.407752969112091e-17
301.8692737875615,1.7278341807903639,4.48024034451006,0.8671544526781559,301.8171447696876,1.7277470766225405,8.710401814142163e-05,1.496820936186663e-10,True,2.5816184237839432e-17
351.85884753056905,0.9525535651032235,5.128069331491981,0.44419218112314623,346.8109066068901,0.9509727657936032,0.0015806833263247114,1.1598329550645761e-07,True,9.220739178938975e-17
346.78033989001847,1.6285255809981412,0.8647396424682574,0.8565211062922001,346.58920725971376,1.6280757469800973,0.00044982853798942335,5.4800545341714996e-09,True,8.944957933049972e-17
334.943475087576,1.2556012973307422,5.007254151832819,0.5413347859434007,330.5348209785217,1.2549300470982931,0.0006712356812737816,1.455117535636517e-08,True,1.6541422860920735e-17
353.50473225891716,1.3271742582873134,7.514828599709838,1.4124722692860439,352.3478821421896,1.3225828475335453,0.004590687854958994,7.228988091116627e-07,True,4.131763870488655e-18
338.26399100375363,1.3376473747200541,6.395873716494668,1.7300403513257399,332.75505377406057,1.3365780747917315,0.00106926483528914,3.509303327027806e-08,True,3.2392522326381714e-17
347.70187373619336,0.9250805105900103,6.659311222901363,0.8125238397275247,340.38201697311024,0.9237778239217942,0.0013026081981198905,7.84700961759786e-08,True,4.608163327037945e-18
335.94638354815015,1.1608417311661163,5.622110246776865,1.3331310070814524,330.776733473015,1.1601328310760362,0.0007088825113465807,1.7578733498213436e-08,True,2.0701781586188648e-17
335.707745156866,0.8221327859823627,2.482714848549184,1.1203025105664486,332.99019829360486,0.8218732828723352,0.0002594997444522209,3.3655754375657657e-09,True,5.038571219086214e-17
353.5256085001061,1.35294386375155,4.090530618202836,0.7026669871853083,353.5909886239016,1.35018547369461,0.0027581329226733895,2.5713426679920813e-07,True,1.1047556893574614e-16
321.6263987828914,1.6271729441781988,0.8995421491353756,0.0792799141815264,321.06101272699595,1.627095143255443,7.780077986713498e-05,1.4288851365919773e-10,True,1.5212422975455145e-16
328.36062699053247,1.8052130346745208,7.077408001499,0.8616014086908329,323.836560505928,1.8043766764207985,0.0008363431228642354,1.5130858075344993e-08,True,3.82849623559891e-18
301.68480654592025,0.9100988456785369,3.757285227737625,0.2394038322233918,301.55837323066226,0.910061214429179,3.7631196409102625e-05,5.294882949778443e-11,True,1.008170997249732e-17
315.79714260762916,1.3590027162668528,6.014400785747897,1.1959154452383725,313.12248170212615,1.358768417453138,0.00023429733389390833,1.4798207073525928e-09,True,2.168330057360027e-17
313.47839961148946,1.944035642820108,3.9656383850894965,1.8940943144118474,312.07303641440984,1.9438324355912344,0.00020320645578381628,7.730897811804626e-10,True,1.9905835353750653e-17
338.7706002013533,0.8606346830004189,5.1991039817687446,0.4285494003875661,333.15506144756745,0.8600593574915281,0.0005753096869512691,1.5821939654876768e-08,True,1.7353199446645245e-17
319.7529688122606,1.1269014907064072,7.89299670668446,1.9090807010142707,315.4286189195682,1.1265954909502258,0.00030599666883591553,3.087345635615066e-09,True,1.9602050258964587e-17
319.1551439813951,1.5541891911802832,1.1319413884581753,0.14552558871477678,318.49785544356484,1.5541123225872568,7.686844917656778e-05,1.4384986900016983e-10,True,7.81465310848021e-17
335.5858434939166,1.622980407490426,2.3581901818011173,0.5127430451075857,333.87668633496327,1.6224625171946403,0.0005178834729889412,6.822796430730706e-09,True,1.1382357598412133e-16
330.56008947641874,0.9020022605732212,4.143837500436241,1.1992870618351306,326.716169574775,0.9016995227531303,0.00030273378746242227,4.032628489168136e-09,True,6.927519258085188e-18
335.77512862888386,1.3489049735355108,2.607801935357966,0.7059704669270476,333.5406294904869,1.3484400898890738,0.0004648770436119425,6.602825202803529e-09,True,8.265731089304975e-17
312.1037645184352,1.7406147893471644,2.310450025130553,1.328751041871536,311.29775770979035,1.7405151926096,9.959653115035276e-05,2.064140538206797e-10,True,4.493652518312635e-17
355.5573509720371,0.9767543262383742,3.9430701946601636,1.4249934483422977,352.80132443119925,0.9749270838499509,0.0018270867157482104,1.5567267518185539e-07,True,2.28471305733324e-16
323.32961247765616,1.3856370952836605,3.3383510241078223,0.5619425046156926,321.0775180618745,1.3853909461729916,0.00024614743068683645,1.6799819697583587e-09,True,2.7206590139239848e-17
342.81172136383645,0.962557902255673,5.178099311788284,0.524783170350483,337.2679556708263,0.9617048955091099,0.0008529749500113596,3.179655161084481e-08,True,2.1139045292666948e-17
359.18982478235563,1.5245092397189384,2.2532368386252326,1.356610274553601,364.57018229328355,1.521177628079408,0.003331261201972961,3.5043755724263337e-07,True,6.185066899876022e-17
329.13874896427444,1.4636980191471674,6.1062155988726206,0.3431014494719784,324.65827051737597,1.46307605253579,0.0006219562428938453,1.0368483559454982e-08,True,8.891536177795056e-18
356.5064197994366,0.8005133839223992,0.5311909320761383,0.9347840306645278,356.06298623681903,0.8002658503895076,0.00024752999749377873,3.5353979214345986e-09,True,1.2704166089751541e-16
318.9939950378274,1.7527192371125875,1.4716231651206417,0.1472334671663576,318.19538742472776,1.7526091362792815,0.00011010057208370008,2.612224032804516e-10,True,8.640993600695119e-17
340.26608132795195,0.8380617920248488,2.3081977045248037,0.11488690808660476,337.6133964449098,0.8377226245427174,0.00033916170055553637,5.781575936466721e-09,True,5.0203455814712224e-17
357.752675658304,0.9687366345146209,7.4032831895011055,0.326088688279159,352.21614341583023,0.9654620255507413,0.003274105560463268,5.034034162429252e-07,True,4.803031215232868e-18
353.60949226134295,0.9388832680627222,5.603322651812696,1.3069060569060675,348.2331006806414,0.9370171817703745,0.0018659210980573916,1.651942902475536e-07,True,1.7371473424114438e-16
315.25334266498766,1.2053386542853588,6.5511263306266505,0.8013373442331444,312.4021065384193,1.205124968398485,0.00021368450518437896,1.3816895441358694e-09,True,2.5575070116737376e-17
354.40252016821455,1.3305949547007785,0.6538165974670063,0.36122101443118904,354.44962515459935,1.3301367109904993,0.00045823647655777316,7.233721217119102e-09,True,2.3051353642184726e-16
311.8324601236206,0.857866870055074,5.074323160792926,1.7116811857264795,309.935069413461,0.8577703395745341,9.65300904227446e-05,3.9011714399847364e-10,True,8.332606126290815e-18
345.7507544927944,1.717244320925874,6.910146640057381,1.0196573422710016,343.2908128688625,1.7141970323566351,0.003047053685679981,2.3488355897345646e-07,True,2.9568491135181627e-18
309.33799789142466,1.4972858649794047,7.807512846490904,0.7689886599545949,307.4924382703675,1.4970737130695944,0.00021215084666370137,1.0631467984941558e-09,True,1.612433883345208e-17
304.7995260519576,1.5878994945797174,1.1048916443073968,1.3793664934049232,304.66007478775714,1.5878743542869547,2.514027894052952e-05,1.3822046075838847e-11,True,1.118550783472135e-16
357.36837186047416,1.0461945125835332,4.328613875295009,0.8382859066818473,355.8583609083028,1.0435970608595169,0.0025971535284537105,2.9819556260245044e-07,True,1.977255105948796e-17
339.4479672326172,1.1215877332086144,2.820884970690073,1.538022618010384,336.698993468798,1.1210668441963911,0.0005208788713600754,1.0140863191731475e-08,True,1.4224870720210453e-17
301.3465394747258,1.0846671529926752,2.000434342712181,0.29003489640187363,301.31293739742716,1.0846437730265106,2.337994904384583e-05,1.7120842185815387e-11,True,2.5864595120229198e-17
301.8574340535415,1.7147219423117848,6.440907228967054,0.49246187951318854,301.78667265478254,1.714597996773966,0.00012394523247859904,3.0534015576909715e-10,True,7.706078209479444e-18
345.6176113411711,0.86793801240274,5.437085957048649,0.09453943591056806,339.4175494184361,0.8670028544169645,0.0009351151144310477,4.287134449599668e-08,True,1.0699126863970276e-17
353.3478522909314,0.8691294390900582,1.355718758474092,0.129767341805124,352.1136736386356,0.8685934195147401,0.0005360045882715523,1.4987046531856612e-08,True,3.052106866056381e-17
311.29015000302644,0.8155831877434272,5.204348576708936,0.8240472673107728,309.4300956885162,0.8154928594745762,9.032791068108781e-05,3.581699324600714e-10,True,2.1696380668402422e-18
344.18314475430293,1.3467660584050267,6.425083809398279,1.3814674660451942,338.9682604878887,1.345103130741043,0.001662840490181637,8.717380212710328e-08,True,1.628370054536111e-17
343.1296452042585,1.5440610597510322,0.8149311309467713,1.2363948507128855,342.6891053649764,1.543750105100162,0.00031095194319159174,2.707678655384377e-09,True,1.1545579743951438e-16
331.083335099224,1.9227890743531715,5.132154073267766,1.0511314140595127,327.81767591015273,1.9219229952012962,0.0008660635714257494,1.5580449783523478e-08,True,4.39401896767943e-17
307.15070257752285,1.4596474445182581,3.1334114268180224,1.9059947063096592,306.51550984169745,1.4595708954186566,7.654895851320103e-05,1.4108852231410567e-10,True,6.44552432053415e-17
318.35415529787736,1.5183465277905794,1.4275970690227582,1.595631881502057,317.5534490374924,1.5182584859154102,8.804168308682543e-05,1.9208254699353763e-10,True,1.2217453098716751e-16
327.6494197879985,1.695090972563666,5.889339648341045,0.35251351895745314,323.74241118269305,1.694441986962237,0.0006489759049000584,9.69652908873656e-09,True,4.7765617487679405e-18
309.76404131765645,1.0716891282068675,4.880327995777016,1.520759613220357,308.3206259968475,1.071587496722899,0.00010163114131593198,3.426523537398805e-10,True,1.4740533925340643e-17
301.7306849723657,1.789996266170712,3.953132855942159,0.09595347697710752,301.71065520814716,1.789917369039384,7.889701287236087e-05,1.1845577751521987e-10,True,1.7055400729660705e-17
309.3887701293346,1.7871322798871923,5.582951501232165,1.2162187730574692,308.06297184501096,1.7869424714317357,0.0001898077399121805,7.155445696632858e-10,True,3.2984643594857854e-17
357.26245094170497,1.1591816252011573,7.135018853225563,1.622188943380614,358.4980046808068,1.1536177609599279,0.00556261113947845,1.253101751050375e-06,True,2.100653748415139e-17
332.69381132627905,0.8811002657083239,5.996831168254083,0.40584077011853265,327.0442039334161,0.8806619802267331,0.00043827681155972733,8.670030965747456e-09,True,1.1189499505118288e-17
358.49520378911393,1.0502424914754398,6.905860983543891,0.38940658296767444,356.5509785587234,1.0459082632029173,0.004333397157117246,8.311154053434188e-07,True,1.290261615214093e-17
329.30614516999464,1.0713622708620851,4.9921306785936475,1.9884195248589982,325.1041155920985,1.070977557935595,0.00038470749341695717,5.433073251530044e-09,True,1.325579563247633e-17
341.87925450224014,1.3406943233347057,2.90735735270767,0.17111617116587008,339.54085726733945,1.3399150194885214,0.0007792845690415634,1.927714266638674e-08,True,2.454814083165602e-17
353.9726325783481,0.9609391806067181,2.9266324226017413,0.4020037685249804,351.6725156418922,0.9596958123700364,0.001243295409512331,7.282716937424471e-08,True,5.350739407197151e-18
316.81084077979665,1.6967817677385328,1.198924433684135,0.2855333081639751,316.2116455050619,1.6967073347771249,7.443283954030996e-05,1.2186776478877667e-10,True,9.090908434576586e-17
353.2090789550785,0.8303698864934888,4.098329860035783,0.21294923920930509,348.77114612913994,0.8291196150675328,0.001250187395470566,8.403048541833048e-08,True,3.705794905244624e-17
308.5797113039444,1.6267377617771663,1.2237561008567086,0.4131482389216305,308.2670201210262,1.6266992459928054,3.851575195332828e-05,3.2407747124210274e-11,True,7.666135592877046e-17
312.6061123397249,1.6895037386097735,1.840568009578812,1.3732137898320937,311.9189712226536,1.6894227761905065,8.096227819964068e-05,1.4106737139871693e-10,True,3.3608185448877773e-17
303.4475827258483,1.1992803134478995,0.7765361096783907,0.21441957678781992,303.3737033467176,1.1992683444954644,1.1968948321748048e-05,4.113473497221965e-12,True,3.2573795784243596e-16
319.0892910895788,0.8480018363753823,4.250077520334058,0.6686563355739363,316.45836996710227,0.8478674166857489,0.0001344188930979318,7.965354693290426e-10,True,1.3821576331952008e-17
342.78488606981153,1.9958620192672718,2.9020993187995425,0.2081671554446084,342.2820232510174,1.9944696479982285,0.00139232933691198,4.1932131521381694e-08,True,1.6096246489071876e-16
318.9266581048089,0.9750535234132149,3.857393190258549,0.7595542901802315,316.586820551727,0.9749118296947151,0.0001416929481672454,7.703325023250653e-10,True,2.3631474944062413e-17
344.9809993107359,0.9530066950071647,4.742229423907907,1.1181529125609055,339.8616035897786,0.9520836427791041,0.0009230141037072272,3.812435345019837e-08,True,1.539041900323768e-17
306.3607324130056,1.8080368219013823,5.39607009790548,1.0871554175161735,305.56281631448144,1.8078860192989328,0.0001508021630840112,4.393657055381497e-10,True,4.327991955255015e-17
340.1683864466298,1.9068736275751204,2.035346906644954,1.7537677514747876,339.33099069740877,1.906108502287615,0.0007651122392822972,1.3048222818935134e-08,True,1.3267550001204738e-16
323.1508904724312,1.397952456804172,1.0160770664331529,0.8506983212617784,322.4355311425127,1.397868698903104,8.375770675852549e-05,1.9430932146510328e-10,True,1.2827502927331844e-16
358.09878083332205,1.0238005328666284,3.0283615663748833,0.28604480425083584,357.30005782107133,1.0218562364102461,0.0019441246468792593,1.718095029662948e-07,True,2.0625842601659446e-16
335.4397972486172,0.9637495590752764,4.369698795489652,1.4858118663639839,331.06703062485497,0.9632824870133597,0.0004670628567017421,9.20521485400616e-09,True,1.4343218982555855e-17
333.89687175695786,1.6360706831354235,2.7006403765172498,0.7169332979366166,331.9172572991129,1.6355499918565066,0.0005206845096699091,6.769246930361682e-09,True,4.549338391121624e-18
305.380420474827,0.9408426864054504,0.8671676848725575,0.8573790512183989,305.2227143013974,0.940830429157533,1.2257242351995194e-05,5.5654815269658116e-12,True,6.290112377746563e-17
309.54322725730424,1.3920515656560561,0.8021207859572088,1.9947240853119472,309.2954181427959,1.3920280613788267,2.3504263034178677e-05,1.4195204259010314e-11,True,8.250091410642737e-17
325.3215238224083,1.7555304693403464,7.441578445672393,0.40265360984782883,320.85398984280926,1.754847138411468,0.0006833207210570589,1.0207821256848148e-08,True,9.739078181185874e-18
312.7775111494434,1.228791746284787,7.220014773825581,0.2957801727908573,310.215158488342,1.228590488920205,0.00020125617855765507,1.1860243291398743e-09,True,7.507079300364508e-18
348.28175324141296,1.1646861747722912,0.8394497460681364,0.994173186737186,347.6953145732229,1.1643506411165332,0.00033552936888741757,4.286870444401712e-09,True,1.6731464470302035e-16
301.99093361262044,0.8043977602244543,6.638051867218601,0.5394521664252077,301.70068580963584,0.8043382770237357,5.948305089234453e-05,1.4982617064953922e-10,True,1.2672660143040458e-17
345.40942618259794,1.238644696521995,3.8815181202669473,1.9557375498640883,342.2171932545944,1.2374942116190037,0.0011504387782387273,4.6124752450648995e-08,True,4.167092655877849e-17
314.57467676363274,1.728599146884546,2.1864203799971635,0.881645727415267,313.6500173696765,1.7284861490906307,0.00011299752246353839,2.714519849571939e-10,True,6.571130803858312e-17
310.2630186870272,1.94710990307892,6.054930839547734,1.894025153460566,308.7517414068891,1.9468725607256927,0.00023734132184391734,1.0313835575451707e-09,True,1.8601651423286087e-17
319.77731662389385,0.8629718068060783,7.905479537974905,0.9522735761394677,315.2438042467018,0.862740489106184,0.0002313153986470866,2.301247207344136e-09,True,1.3250334492529367e-17
331.4933516973218,1.8748519896476572,5.471283201556473,0.05180297266502956,327.9289002055137,1.873944418266582,0.0009075538230638387,1.7558011316208077e-08,True,1.1367301568355292e-17
349.51422397866367,1.548745411934183,4.050203536377327,0.0629672751999463,349.0145169784609,1.5464045884915907,0.0023406653244583994,1.5811813396804512e-07,True,1.9142489008500712e-17
331.8997430750289,0.9715268044265892,1.9629728149552235,0.6288097465886898,329.9801469418237,0.9713310643664214,0.00019573846642405768,1.5937437242352141e-09,True,5.0961819827825196e-17
325.16748313425245,1.7262569073298337,3.2073283050361274,0.3672934971943801,323.0948922534006,1.725913914231629,0.000342990449028547,2.649176004088028e-09,True,2.304343894056904e-17
320.9761621145575,1.4383867763197822,2.216068239660167,1.61384586200675,319.58547625535107,1.438235372774267,0.00015140293860277447,6.06912391494429e-10,True,3.834943639564538e-17
347.1380847629628,1.4132798491874072,1.056270976026705,1.2783430195060392,346.65017031701086,1.4128011402291665,0.0004787018042514425,7.15398947337773e-09,True,1.5240565717545361e-16
331.3876747593002,1.9533572113062132,4.707568844538662,1.349106542837184,328.4395821413516,1.9525128571900048,0.0008443394888780789,1.4627330250083212e-08,True,2.1018065377226793e-17
304.34894276052927,1.1623208931513367,5.080388174855297,1.4216071450277408,303.7756106764693,1.162242373339423,7.851962876120888e-05,1.8315246378850575e-10,True,2.1289926343549617e-17
347.39140741808,1.7428133027237949,1.2100505653138756,0.683665986792184,347.36245918470473,1.7421050668411668,0.000708223138462549,1.2744165428927619e-08,True,4.891909725474049e-17
302.89264572390334,1.6689598714119813,4.419787905476047,0.056251273922520814,302.6833616356736,1.6688704840685984,8.938717925656976e-05,1.6412623996801552e-10,True,2.849003159171851e-17
347.03477655831966,1.3472191799116133,4.621471035442921,1.835704263941944,343.9492732032073,1.3455481667793974,0.0016709228477147363,9.028450130662911e-08,True,2.702163326333043e-17
328.93226589272973,1.3671472751718325,2.047842121174598,0.716249729004013,327.2894262293238,1.3669107695925615,0.00023650395049157178,1.6287795463741831e-09,True,5.171141043299822e-17
359.9988811825205,0.8470542462376413,3.7532827543612033,1.9880778922080613,357.6103708205593,0.8450233348952501,0.002030684330095542,2.2701229564215773e-07,True,3.649737482419955e-17
348.23867374364755,1.9714728639865065,2.4918875478525244,1.751046477130118,349.47771745576654,1.9695832824040271,0.0018895005000037215,8.10824754943275e-08,True,4.309316025106064e-17
315.86930396173636,1.4587533416341025,5.269281259278008,0.9062832266103554,313.51289919801707,1.4585260406180618,0.00022729971544631746,1.3005945268774106e-09,True,2.5513497588414796e-17
308.98549768622354,1.0134946177492576,5.9916770158223365,1.9341895089952172,307.4030545852477,1.0133852212843732,0.00010939604750785931,4.173765830773221e-10,True,1.435939703802301e-17
306.6408622279937,1.268723792109205,5.222042048490916,0.3064607270577095,305.68856766558906,1.2686203009319077,0.00010349088217212723,2.9512512001311125e-10,True,1.3433723083436913e-17
326.316213872816,1.2171373166174857,6.892260301155747,0.3446838886887296,321.3890448330693,1.216680352056169,0.0004569579566006877,6.604716065969175e-09,True,2.1646531966758242e-17
321.46775835490195,1.6993399348432487,4.993066749979977,0.45148786729168483,318.66122723057896,1.698964564662615,0.0003753670397866118,3.1408473503505152e-09,True,5.0224269152647254e-17
320.80163152532776,1.9997067181555725,7.365488228528547,1.9865313745935125,317.2344640050767,1.9991232357949587,0.0005834759656204276,6.394993624912135e-09,True,2.1971309323249696e-17
304.69283088709136,1.427086787004775,4.521443707326052,1.0964369302656534,304.17023411423827,1.426998074005395,8.871280847478405e-05,1.9090515489066287e-10,True,2.8920591333755484e-17
354.66621326278823,1.2025752612211735,7.811647244901442,0.3635791502904547,351.18784124276937,1.198555742310127,0.004018910983007086,6.079280395654704e-07,True,1.8518401921026642e-17
359.7421684844732,0.9869390479464225,4.793493795005117,1.7891008670730686,358.72104287944853,0.9837081246619026,0.003230427187783248,4.96096736795042e-07,True,3.09372300343679e-17
329.67215589591973,1.4890287546110539,7.376436140079876,1.9987060938973105,324.34579676432594,1.488281988928523,0.0007467510150627821,1.4667468079641138e-08,True,5.777409592181131e-18
350.1858644348498,1.2046563262203158,5.531571244065433,0.12316998199891636,346.1949534931876,1.202584754232695,0.002071414968174551,1.5701944635336432e-07,True,6.566332691021169e-17
347.4592657562484,1.2961888734391915,3.622971547621193,1.6940706309344151,345.0200302458541,1.2948361261835866,0.0013526854352468919,6.18203582395314e-08,True,5.15125130062346e-17
310.79603158306475,1.2493087863034487,5.9057013534841705,1.560429349509828,308.97760728362215,1.2491574802847543,0.00015130536447879444,6.542155282896083e-10,True,1.7504432670301364e-17
308.73610322990976,1.400205612198493,7.924889637127769,1.259379863771559,306.9675650432869,1.4000127994653113,0.00019281179728099866,9.359004614450548e-10,True,1.9313689876971926e-17
329.80423561916,0.9607405142424065,2.4888501281576585,1.9720566499983014,327.49204997590226,0.9605355228607197,0.00020498963839312912,1.7432934874701238e-09,True,1.35065172750136e-16
307.2698815997315,1.8406006704703513,6.696103016040689,1.7691290971592837,306.1508206532543,1.8404005753245174,0.00020009438308504814,7.627488577861557e-10,True,1.3291538898266772e-17
323.3170567223463,1.930529058148354,4.831510582975236,1.5194615606916602,320.59569487789315,1.9300505906026724,0.0004784630021557995,4.543525786936208e-09,True,2.6749416484857725e-17
307.6593721676016,1.8756615798011285,4.299919177835388,1.7486125109693458,306.84457360535754,1.8755228532514117,0.00013872618835108921,3.613657514956696e-10,True,1.7995864377009727e-17
305.63236022882,0.9737605248757981,7.476880804998275,0.755148990216949,304.5022475640099,0.9736575847410487,0.00010293975720727794,3.77542044928289e-10,True,1.443501778826798e-17
307.2893322399833,1.0317217529220184,0.8545112667626371,0.4423163666841688,307.0755785014194,1.0317062941477624,1.545876608667763e-05,8.169311181155145e-12,True,4.8456566632637825e-17
336.73110690059417,0.8787136083403683,0.8410873763843697,0.6232051418035919,335.79954566008956,0.8785992285807802,0.00011437913864487492,6.209432404667104e-10,True,7.122293443594412e-17
308.1298050165336,1.4255546273954538,4.868786143977863,1.329647460614331,307.03816338262806,1.425433310473586,0.00012131655779988785,3.6406803559629227e-10,True,1.2844567171772699e-17
314.89095507415834,1.651826500256223,0.6877301671929535,0.8829815418600284,314.5754023365159,1.6517899501875282,3.655003880724201e-05,2.9887588024089235e-11,True,1.4678134466819366e-16
328.20363002192244,1.6487097390428354,3.579119793013414,1.6002011919025887,325.6930015847688,1.648266377687583,0.0004433566509547996,4.704297357293963e-09,True,5.764703756160837e-17
303.05158504410355,1.75053252004517,5.692904582414727,1.4653321553073306,302.7809224528088,1.7504107500397208,0.00012176971486846236,2.9058090423433406e-10,True,2.6688570009937482e-17
314.1671985466081,1.0963290931689533,7.989906984904417,0.5174854027056347,311.01075569668376,1.0961171574084951,0.0002119342789569324,1.4815011253138253e-09,True,1.8326632720971673e-17
322.79665923585117,1.809563532185787,2.545156094197733,1.9077237111133616,321.27465787770967,1.8093147544900172,0.0002487763802753234,1.315494388880042e-09,True,4.5063056074427885e-17
310.84767485416796,1.859448545090925,1.69791690114759,0.062216932026431984,310.3254586322769,1.8593762713451334,7.227364465869336e-05,1.0113284692242254e-10,True,7.356404596554233e-17
350.0869822814735,1.605955703943891,3.7012945180258545,1.2549405365619544,350.4225141493646,1.6035286022199609,0.0024269366519425214,1.650719876630936e-07,True,4.059523178905341e-17
357.4623016867363,1.1943446388803935,1.3898642243103483,1.8617421211281924,357.69389497603845,1.1932772030831562,0.0010673913669267863,4.4430310504838976e-08,True,4.4133012914275354e-17
341.7509342785006,0.8904646540449588,7.517313425922076,0.680629300513805,333.6734315218005,0.8895723076363816,0.000892309505847712,3.690272949321724e-08,True,1.2032958776659696e-17
339.4992533049431,1.3107887719952345,3.8138467106206724,0.7941061606617076,336.1898266559328,1.3099942826994295,0.0007944691610964203,2.0134708679630157e-08,True,4.150372428958481e-17
351.1681256258599,1.7987896732023154,1.8074115261440926,1.1122773534774884,352.2820786733303,1.7972952257721935,0.001494391084067248,5.634605463952313e-08,True,2.6857962363010758e-16
346.5557966967502,1.9257374331505357,4.085625194596248,0.49326143474227874,347.326359147822,1.9231038600916754,0.002633413463140813,1.595957193162356e-07,True,3.348991166147258e-17
316.0646049209107,1.5230926315128155,1.9690261351045006,1.1302436845250081,315.10068364188464,1.5229920640478236,0.00010056721880198933,2.461897873383869e-10,True,4.952563191368942e-17
312.2432274003327,1.0981757084854697,0.536238336805382,1.6958204393729133,312.01187505270485,1.0981602609904166,1.544748714823679e-05,7.904933659124655e-12,True,1.2861051130608154e-16
313.1933098848012,1.4620436882854093,2.6857007802973385,1.821946456711696,312.11634294039436,1.4619398245438657,0.00010386347293153174,2.686120765942895e-10,True,2.2918695202027828e-17
318.86184395894475,1.1364035880779897,6.924670808119908,0.3718825893451404,315.14268986778586,1.1361388751003825,0.00026471069053695474,2.2870702732209576e-09,True,5.217708416979472e-18
334.46391011290103,1.5701422505887286,7.546802847604405,1.4780726536234416,328.77508376670346,1.5690277582759575,0.0011144605411126547,3.17716582388747e-08,True,3.1418965545682503e-17
319.0159115572422,1.2114001698486567,6.4736962822179525,1.4408948109258568,315.5173030999321,1.211128476333849,0.00027169124957434465,2.2652332480147333e-09,True,2.2636645370386148e-17
307.67301207149836,0.9669162316765604,0.9546080649796304,1.2942001331490556,307.4175081844761,0.9668995819881989,1.664967822784279e-05,1.0133704935999488e-11,True,6.767633450764236e-16
325.76095936602894,1.4683389225226002,7.4657703513150695,0.8394212097872383,320.8762047844727,1.467764554332298,0.0005743595666569443,8.623645194980993e-09,True,2.518539701151714e-17
306.2153819796118,1.3738485973614045,3.5578368991248213,0.7493285633674286,305.59942993028164,1.3737728107545788,7.578646075874531e-05,1.4606708903638888e-10,True,3.150504329792863e-17
331.3519390243466,1.3999000701305393,5.791407888252025,0.4907275519881508,326.8023878860241,1.399239346168619,0.0006607115775665111,1.2384353810312526e-08,True,4.52236073920952e-18
327.54981581420515,1.4410122041873201,6.668134315466249,0.23175361940395928,322.8548620084264,1.4404276757293322,0.0005845192519120052,9.206076076126672e-09,True,2.046006476190471e-17
332.0514515210024,1.0322652209073713,3.8921227006116768,1.1460860240107682,328.44338753784785,1.031896178439156,0.000369037180878934,5.287336157250026e-09,True,3.8773373461622105e-17
314.1425393817223,1.079637762940303,6.970297992654905,0.7393563405284154,311.3036575655287,1.0794513260553313,0.0001864357186948191,1.166276574118861e-09,True,2.330100404597993e-17
332.39431867615593,1.6565448305001598,5.735113237720236,0.5675774170786904,328.25260397607616,1.6556843026448613,0.0008605099571719996,1.7898126473236037e-08,True,1.2102908437644096e-17
354.1901030287682,1.0765244765701947,4.060568655218864,1.2948024749801368,351.75398398640885,1.0745828714824501,0.001941446426323064,1.5866142131423484e-07,True,9.257270750699494e-17
331.4534364411079,1.176422894162925,6.3762300853913745,0.1276931633816234,326.1189137644003,1.1758414846446041,0.0005813981508085958,1.1367512171204216e-08,True,6.3448088373776685e-18
322.7530360756369,0.9277442372038834,3.1011998718034475,0.5367661182001161,320.4531054645285,0.9275982287474105,0.00014600757685955424,8.796133977093794e-10,True,1.1986743335994797e-17
339.3226158437834,1.6726563948671425,4.786418553925105,1.2159663164131687,336.14261906702893,1.671388377820703,0.0012679768581432993,4.0188295965614893e-08,True,3.2852307065203095e-17
303.42893203584765,1.5145191779750287,3.222797086698435,1.924566455017768,303.1914157016235,1.5144574134436883,6.17644447007712e-05,8.663950298653693e-11,True,1.797312088814532e-17
317.64053336180604,1.6209184729031918,3.711789253288971,0.27736709140924093,315.7926311434354,1.6207054597018127,0.00021301215911737485,1.042261653430655e-09,True,2.4933161237711396e-17
352.5340782416269,1.1720497096993334,5.9817715245670104,1.386099166262538,348.696637414192,1.1694880254388884,0.0025614342675531064,2.499928917532662e-07,True,2.5134719019020513e-17
308.9058852389152,1.3476512040545106,3.4783535720941345,1.5178604790222527,307.98633596800903,1.3475625861889706,8.861765881179071e-05,2.0672806444263659e-10,True,2.1754279908278582e-16
341.8165334640741,1.1112490368689236,6.706810702040954,0.5315665541933633,335.2533034682367,1.1101395144723467,0.001109476290733806,4.610584300296073e-08,True,2.4514894707575616e-17
305.9204751141932,0.9135193440298184,4.784658370074805,0.8809430864149338,305.0723667133225,0.9134545053646103,6.483850496222669e-05,1.6024584458884632e-10,True,1.542247690614938e-17
333.6736227370101,1.9499466603179278,3.0834971972069605,0.5558566596023056,331.8145713793774,1.9492432745105757,0.0007033754482891793,1.0359062724768452e-08,True,9.172460371754566e-17
325.8041360325159,1.853137794959595,4.40610783233015,0.7436711090590571,323.0807633501532,1.8526325433904933,0.0005052462142352961,5.354866317649143e-09,True,3.310989257629124e-17
337.3967782597715,1.0163169270992918,3.897493971506421,1.941808987798343,333.4516086582852,1.0157967962362622,0.0005201198962457971,1.096678394121527e-08,True,3.8573525774396405e-17
343.05610636606275,0.8773103029697092,1.8300944653609559,1.0801143089321505,340.9809576667245,0.8769564553322953,0.0003538415193668457,6.1180471852694576e-09,True,3.945003952248944e-17
337.4670180597647,1.0063152662154167,2.732454982852551,0.15220693977376054,334.65532464781563,1.0059223833259086,0.0003928765297280167,6.35978000883117e-09,True,3.425637013170386e-17
308.891319906467,1.991621285255394,7.963664285294643,0.7882976361351659,307.3116622083338,1.9913377197627709,0.00028356406634362415,1.426279710000044e-09,True,1.710634027042829e-17
345.15100451116405,0.9095188432820777,6.402804926818284,1.945600912932423,338.06078256535017,0.9084668096879533,0.0010519821805038676,5.1413620439496065e-08,True,3.759681955709179e-18
325.8331752239069,1.1289888718708772,1.7083262995294675,1.2129911424841806,324.44695711337545,1.1288567039217845,0.0001321673429948263,6.060978906674628e-10,True,3.678590440467106e-17
338.31839705580256,1.0559909924632018,1.8672138682570751,1.9438432523983877,336.42836136373984,1.0556723237509942,0.00031866468740384595,4.02480382770218e-09,True,2.4983996589460597e-17
346.27066586779836,0.9663454153479145,4.151472117155251,0.2388629451888648,341.8806306966016,0.9654068138204722,0.00093856224346686,3.9283975296717076e-08,True,3.5157461158056125e-17
319.19781820072643,0.8160333360159218,3.861002135181031,1.1033974519052034,316.7508356814501,0.8159131126927835,0.0001202226598488926,6.632894083529258e-10,True,2.7860962653657535e-17
329.36986185633054,1.2466743210054125,0.7853641724208885,0.10162624022298047,328.6940095724,1.2465827140743002,9.16066610479259e-05,2.7006423730728693e-10,True,2.0024985572117225e-16
358.3901020837121,1.5960356458387617,1.1679050507544149,0.7618716787705733,360.23636460195,1.594637048393511,0.001398539686950387,5.775830018256494e-08,True,1.7902706385744296e-16
312.8154878159154,1.5795387507554128,6.080774758700718,0.3792453825333781,310.7245094493609,1.5793116727252505,0.00022707685185087802,1.1783112390024896e-09,True,3.4265164745183157e-17
319.84632574574084,0.9540957491071556,0.5417617162316382,0.19606497721847016,319.4641558405175,0.9540714227297865,2.432635376700148e-05,2.3602001212343984e-11,True,1.2646636616725676e-15
307.9901833686748,1.8702905802745895,4.000831761809959,0.6845646252101775,307.1835245062353,1.8701582024151011,0.00013237752878232376,3.3070579354293766e-10,True,6.741689686248954e-17
344.55055922107897,1.8017104800937604,5.713723906077322,1.7544866333807214,342.7744596112181,1.7991551076727859,0.0025552154618031678,1.569591716634091e-07,True,4.244653140599732e-17
340.3888805801792,1.5060578753328504,0.7393761933825689,0.5779716131403905,339.8889000755488,1.5058298346646772,0.00022803919670593082,1.4714672713960713e-09,True,7.806292437463472e-17
339.90092066565705,1.014053503232097,4.1964961997933,1.8052553149735577,335.57021393928835,1.0134056490906853,0.000647836891980984,1.7249430600433604e-08,True,2.0894219345028115e-17
306.06016459731495,1.8365726250354497,7.499712430993924,0.8020204700093938,305.0908612650023,1.8363679922492795,0.00020463199212047173,7.940494957738814e-10,True,3.5012106856255504e-17
353.6641937098051,1.8782305486698394,0.574382967773427,1.5798740131800706,354.27765045331915,1.8776683177670315,0.0005622231952147839,7.70759307431424e-09,True,1.6426175221087551e-16
353.3848525426691,1.5434139010657466,4.3203287512686845,1.2487722983672946,357.0912362628557,1.5392887039559577,0.004124684203239667,5.129065493978842e-07,True,4.9914447896316435e-17
315.5805197169911,1.592444598493284,5.309363631970535,1.8695716114986785,313.31382457526945,1.5921985083479717,0.0002460887505016282,1.3948107414033386e-09,True,1.4686941406958404e-17
355.89958913930946,0.8496035573102282,5.241847484727993,1.4990678831891446,350.6568880416491,0.8477590063827536,0.001844370389642374,1.805378322855554e-07,True,4.1726276538860687e-17
325.943016927576,1.4615358141349089,4.440380301642973,1.162142040317236,322.838043994697,1.4611414708614074,0.00039433914329796703,4.130203518998292e-09,True,1.8392881372929653e-17
337.1311604572383,1.9118111849509876,4.896564773216853,0.05936884991490468,334.3050236678766,1.9105063539414875,0.0013047941442358105,3.6865264203944945e-08,True,5.499317197661646e-17
309.04170315302594,1.7358692043542798,4.018551850282083,0.6292296493582669,308.07219757574586,1.7357363962620924,0.00013280773151962653,3.6066774459773446e-10,True,9.386846071383888e-18
331.62454009209796,1.950383706694078,3.022643023089681,0.1942696795122319,329.7437592864426,1.9497888722064787,0.0005948271650585249,7.322540692728827e-09,True,1.2694802818154024e-17
324.10822483051254,1.259369858551874,4.495534024423245,0.41390351201629816,320.9796504332238,1.2590708379915938,0.00029901783391931625,2.726360867398511e-09,True,8.086335936329335e-18
353.95641259215876,1.9476991572269047,2.092126238118971,1.6252948606674074,358.10060951582295,1.9450143088008867,0.0026846756540221985,1.727719959005011e-07,True,4.573440328077404e-17
336.5253670381958,1.054539503228487,7.601973489534718,1.1197024258318542,329.3970368509351,1.0537509202336799,0.000788559227910831,2.376689608125288e-08,True,2.5713169007963465e-17
331.8406205019352,1.0506205317519381,5.569888856308909,0.6082072698153469,326.8905349260686,1.0501405337196614,0.00047998931918057997,8.713096072859694e-09,True,1.296767668067835e-17
314.27315129820676,1.0860002042382821,5.0392432711313075,0.9092828426982913,312.0806780722988,1.0858558694106621,0.00014433412938671098,6.982333486889941e-10,True,1.2598613325039029e-17
302.9097415684489,0.9959665578460104,3.911814831003261,1.253154950935539,302.6210287979835,0.9959195961280594,4.6961642069860936e-05,7.58812764865939e-11,True,2.612168494920746e-17
351.0259072296214,1.733979733348287,1.6438782832035206,0.5809384356167913,351.7505683633649,1.7327125583958127,0.0012671330393528423,4.1913121242331284e-08,True,1.3920484393972567e-16
343.577541106872,1.5617651738346605,1.0787358602758994,1.0459671367201948,343.0285959644083,1.5613393623090799,0.0004258064967099248,5.028870731689237e-09,True,2.9785138291687954e-17
313.06215387543534,1.8903013272570273,4.622692520033362,1.5050133053478398,311.48380554315713,1.8900816621449297,0.00021966418640107226,9.256965997662689e-10,True,2.2829532348561753e-17
346.6348233016363,1.116061685664759,0.8299111752049274,0.9401363189046427,345.94897870844284,1.1157779121990659,0.00028377029374166123,3.1719514631046622e-09,True,7.053852190910384e-17
350.1255675692994,1.1542880089251377,0.7903412702060919,1.0157438150338172,349.6435377990393,1.1539331417529521,0.0003548622869203106,4.885265280929749e-09,True,2.188786165533344e-17
330.0032025143454,1.331968582014467,6.792100181020329,0.8850023600204638,324.7813254907634,1.3313332782830072,0.0006352918347206378,1.1896739223985159e-08,True,9.186323493751678e-18
302.54291888974404,1.5999421658539492,5.465311404400515,0.38395067450770165,302.34031684607174,1.5998392658441523,0.00010289978342446021,2.2637259712961608e-10,True,2.148427447019615e-17
333.511236434185,1.1669238674954576,6.4560618308083395,1.1930238846540462,327.8735919898167,1.1662600458950425,0.0006638065120568914,1.508835816256317e-08,True,1.1436257329596297e-17
321.30766844752884,1.267240663077519,1.1957517190607647,1.5355538879483541,320.4928591834389,1.2671635236729086,7.713922483978436e-05,1.7977046020473981e-10,True,3.3694100858773025e-16
355.4470962807867,1.3225574422877964,5.146417196981284,1.761043903393415,357.99649440172294,1.3181100214751529,0.004446721664922636,6.991477207840102e-07,True,1.7741465877812473e-17
344.43112860399674,1.3732969542488513,4.565077718791194,1.3389760875176269,341.0327925895187,1.3719113076517588,0.0013855866121418358,5.998495063621647e-08,True,8.524446947354769e-18
306.6835852842715,1.6389592964411763,3.6831266700298233,0.09538426860808259,306.04011981748243,1.638862189675029,9.710656455694346e-05,2.015902537969254e-10,True,2.444128232160984e-17
316.9104196308537,1.1618970780940034,1.6749912625472267,1.1303216205764632,315.96998620186594,1.1618272052714718,6.987266592585885e-05,1.566059423788059e-10,True,7.494843137475079e-17
326.76272302876293,0.9681945205526121,5.209364619279703,0.45904956611337044,322.60048121769177,0.9678934769430654,0.00030103998085852506,3.6286882538141324e-09,True,6.331665613444181e-18
355.851303978309,1.544878660186631,0.5500012047245476,0.35787309630513153,356.2558332128663,1.5443781322618804,0.0005005204274616448,7.497289062097096e-09,True,3.3315764264841955e-16
331.11511193913043,1.0602930470044822,1.6572666343857982,1.7520938699722748,329.5600399261192,1.0601180510329686,0.00017499480706603579,1.1644473893977358e-09,True,1.129548822301221e-16
354.50535681801,1.547557758083653,1.1178350147374387,1.5741062755725879,355.148186013682,1.5466064003838036,0.0009513307958495324,2.6904000034361014e-08,True,1.1519318857383528e-16
334.23782818766057,1.3679959573422273,0.6957119874891946,0.9767331991151399,333.6481236937719,1.3678691945566919,0.00012676230128658524,4.842489546075661e-10,True,1.0716102511980874e-16
323.98981002789725,1.0627553535813312,2.55253676019191,1.1458184999196046,322.0413741822254,1.0626000840971839,0.00015526860771570913,8.764314467665692e-10,True,7.635117751413198e-17
329.39176148146714,1.580459340199066,0.809387782628799,1.6917264683395252,328.7846477940646,1.5803388669219673,0.00012047290847616674,3.686224169706495e-10,True,1.9675878577038819e-16
349.2638300096822,1.4590906641371233,1.187492821722263,0.6171718560816815,348.97465169421,1.4584450420104909,0.0006456093748906543,1.2751741755826088e-08,True,7.162443157754561e-17
349.4797492958064,1.690036083086468,5.938395466939552,0.9758710407269563,351.4069716786246,1.6856784966306249,0.00435707787698685,5.085788563907531e-07,True,1.4193366306034538e-17
332.5759682097828,1.5369200215258285,6.745806863390804,0.8501106986769486,327.49260400177,1.5360314856107156,0.0008885154338083352,2.04813047949602e-08,True,2.6501418164435677e-17
331.8623830693838,1.6737682346548282,7.0830188327974035,1.4050791058531162,326.8565179288568,1.672798335693774,0.0009698766322666497,2.2328787608052163e-08,True,2.314732597515795e-18
342.13755904400495,1.8713190201707255,4.095515293284363,1.4530990782031474,340.5978558952427,1.8696737438718056,0.0016452143833738486,6.191554616613592e-08,True,4.675420481847843e-17
305.8995261544937,1.2572726983901386,3.689484765234174,1.9035796292377667,305.28235849149104,1.257202662132645,7.003612146346355e-05,1.3603017825466493e-10,True,4.751708886992199e-17
340.5016672027952,1.2734754469022924,4.053348352962207,0.7013069970881386,336.91790630427084,1.2726128838645205,0.0008625385131941202,2.452457786647248e-08,True,2.718347140539952e-17
324.72661098412874,1.8381899620816575,3.151197700166207,1.640955003853504,322.78222614588606,1.8378394310297523,0.0003505284581935074,2.5937117274428466e-09,True,1.6313695738234355e-17
316.1280044068809,1.2456164834441819,0.8905298899157543,1.5850242526989284,315.6467820413149,1.2455776531796563,3.883021950004036e-05,4.502535731631739e-11,True,1.8178555485256976e-16
356.8933511034194,1.3988465873881508,0.6771605354359336,1.0413477695829731,357.28230549368294,1.3982523363043786,0.0005942393548013733,1.1728970906443323e-08,True,1.359050968693309e-16
330.3948984647732,1.0649137483056896,4.395484448548062,1.8683899522637786,326.54079005062226,1.0645394748348653,0.0003742682552347374,5.21558939070543e-09,True,4.013934035536323e-17
314.77615432047713,0.823662092902615,3.8515812291373672,0.4475915578306864,312.8874163545056,0.8235728390843452,8.925346448412131e-05,3.537857378233334e-10,True,1.8506919355728637e-17
322.6497996763529,1.4030259655035584,5.235792369457403,1.0730108214245577,319.363414187277,1.4026829786113053,0.00034298370285414564,3.1893989159290405e-09,True,1.0487093408606732e-17
302.01128620691907,1.13724331927551,2.229909843226401,1.7663527300834503,301.9230815367642,1.1372145231270427,2.879612359572832e-05,2.4871533320283826e-11,True,1.9706369336930276e-17
306.9867893606723,0.9136449155651832,6.156015534432667,1.9793140852236946,305.732017130701,0.9135567406467965,8.817462080456251e-05,2.975822224698343e-10,True,7.818726695133407e-18
310.3355461796208,1.6806588762255088,0.7176446693151799,1.9701741161764896,310.10956332764613,1.680631745486546,2.713072321692049e-05,1.5745754863527577e-11,True,1.3057745935752257e-16
310.76884094034625,1.984209804664882,1.513872331521364,0.7987617867199814,310.3189143962283,1.9841410775822403,6.87269969449821e-05,8.569667595218655e-11,True,5.205744362112988e-17
345.10215245792085,1.4700727401966338,3.36135937213818,1.6956183640177325,343.1264766802206,1.4688163890953603,0.0012563045433364207,4.655793706294011e-08,True,1.5926071519957433e-17
304.1931415878715,1.772750735765651,2.7906955256467354,1.4289381645932393,303.9414876537208,1.7726840198502247,6.671582864050855e-05,8.678570947883749e-11,True,1.6462062685917698e-17
344.7553179315435,1.500150797771169,4.587551924464362,1.2498204431619404,341.95392413596653,1.4985329236254952,0.0016177989231007247,7.522257317189954e-08,True,2.6037576751479625e-17
300.6708302997875,1.6294023364716312,1.8270830069654405,1.1839044728628516,300.72068236876544,1.6293718562603345,3.0480192002083262e-05,1.9294481966749066e-11,True,7.907462511549875e-17
358.707880454829,1.1667370621844726,4.184613190252478,0.42709337333483804,360.91617574871316,1.1629300376811451,0.0038064358969278765,5.886063997544829e-07,True,3.778547191896994e-17
344.7937722512666,0.9305478666451685,4.530933067310812,1.1109045389308712,339.8285246098996,0.92968861317441,0.0008592196443294761,3.382642915068584e-08,True,1.7550211771361943e-17
338.3852021073754,1.8448637694266246,1.1284369630258733,1.534307852845666,337.8044088651614,1.8444938712166978,0.0003698950835127637,3.126413963555828e-09,True,4.161432183917549e-17
352.7521286695737,0.8726483880933354,5.723954017255227,0.07786594898610005,346.5613561270555,0.8710582005815926,0.001590059539972454,1.2797177039038667e-07,True,1.4380543499939585e-17
310.4915208325799,1.385444222037119,6.317413570841705,0.605571165009038,308.6777329825082,1.3852690901102502,0.00017513113800736446,7.888616776724191e-10,True,3.8593972228938976e-17
306.9249618605052,1.6473688217714364,6.22548458125811,0.46824725277115253,305.87740602540686,1.647206076014772,0.0001627451938956825,5.627685379518735e-10,True,3.402967614211386e-17
306.14291832469047,0.9372815731601594,5.6022542885746445,1.9103149458607893,305.1413397196972,0.93720322865774,7.834427428951015e-05,2.2812987905297508e-10,True,1.3309754961070066e-17
307.759705051062,1.053361264784828,6.328018721226708,1.5558342688090967,306.3620271869583,1.0532511241480798,0.0001101402323845353,4.043637881650721e-10,True,1.0804032507751434e-17
347.74802860415406,1.036255150987661,0.6523484625624812,1.016544500012592,347.1779379501089,1.036030784904528,0.00022436393443354253,2.1486994446970163e-09,True,1.0905980132873901e-16
341.4381027593978,1.7999606361623521,2.3734727755565155,0.17510818759987434,340.3947593407473,1.799055642815505,0.0009049738984636994,1.9448383495251197e-08,True,2.2101501302088142e-17
344.71089073399656,1.608523231409759,5.442457934657469,0.9728238607370799,341.85472047956324,1.6064792063063895,0.0020439131603269363,1.1194304261042352e-07,True,1.3699278426704818e-17
330.6640254252154,0.9908459318266909,0.8039658493232658,0.6985418190849518,329.88494756546373,0.9907647167107373,8.121484710784269e-05,2.688457763306492e-10,True,5.3659930535719527e-17
305.11912056663556,1.304963566871242,6.410225326273594,1.2468593727834116,304.3059779731377,1.304847234881935,0.0001163316299817713,3.593252889576316e-10,True,1.8885138441893262e-17
314.0736550280421,0.8009428446702841,3.9679198289813797,1.6317907104614229,312.22001263810586,0.8008580814568289,8.476288666893267e-05,3.267861727367373e-10,True,2.5322190463723573e-17
326.7836050302,1.2778432361293335,6.649128735803511,0.4539210573931789,322.00481121671754,1.277358366938143,0.00048486208305002207,7.108140356085565e-09,True,2.137130508085791e-17
305.1907062716461,1.5920091552318156,5.086209026441179,1.1079496381812046,304.5675222168545,1.5918940338048213,0.00011512113806966472,2.8892466340187296e-10,True,1.0708891241611461e-17
312.3121013291374,1.1761808240197549,6.57661271990498,0.4772301107087228,310.00182144575336,1.176008364591641,0.00017245851949556018,9.086183874627454e-10,True,1.7656158033312954e-17
354.092386741446,1.02784634224539,6.4884575668765585,1.1276604495327476,348.71857713406933,1.0254065649326547,0.002439518658265103,2.586544702003905e-07,True,1.4932552655719457e-17
317.3468929016377,1.8761980111131364,3.493867434714284,0.42588248555603986,315.72582876126853,1.8759671366832178,0.0002308733725670777,1.057351543382625e-09,True,1.4336205432866022e-17
308.7048348843599,1.1776614956546352,5.364062992197956,0.7972874255000354,307.3545100977649,1.1775481490969593,0.00011334617219753251,3.8547840263916995e-10,True,4.921840061973784e-18
324.4857131579701,1.7073672780563438,7.583420496134121,0.05873891011038121,320.00116600693576,1.7067325980464123,0.0006346710007519443,9.00917963656502e-09,True,1.1224653840172589e-17
330.8845461395359,1.5571239836446031,4.388610719668147,1.559197233837187,327.6002936575511,1.55653359954398,0.0005903751720065678,8.928616666218442e-09,True,1.5799217043062737e-17
323.3718549612142,1.7317344024706336,2.4987673209792147,1.568803265501163,321.81489712927424,1.7314909184508174,0.00024348269892927578,1.3208868751930871e-09,True,3.474476729612282e-17
318.1423005999717,1.220090869714201,6.586184273037498,0.899582465448811,314.75536406936124,1.2198286778423861,0.00026218978693757236,2.0848773494873845e-09,True,1.068845827984404e-17
327.3915126942113,0.8756847708289648,2.9645801594004966,1.572764234889878,324.77522529442143,0.8755025010100477,0.00018226832985258735,1.4890645706624208e-09,True,1.570264289866615e-17
305.35323828837335,1.640757671698918,2.85874548796231,1.9602250309128177,304.967340675704,1.6406887009438451,6.897065419075213e-05,1.0088229186236274e-10,True,4.0457706488702933e-17
309.807316282211,1.0899239630561708,5.247191234356652,0.0545700936270607,308.2718064836278,1.0898132786057289,0.00011068405094649622,3.994953214166286e-10,True,2.2384831249717315e-17
327.52683519388376,1.6280254196341166,3.421275280520017,1.1673282883990088,325.1329434311446,1.6276238706378174,0.0004015451009305257,3.89536863984684e-09,True,1.8942246295223647e-17
331.5685125765914,1.3385766684452658,6.494962560985158,1.2408901926711386,326.39431952596595,1.337889044273543,0.0006876101756069167,1.3996115730724015e-08,True,3.3146089824473316e-17
315.0276005863877,1.0993021235322495,1.0587651972346062,1.8149980384153597,314.47842891257136,1.099264962392267,3.716109358554309e-05,4.6396877321081615e-11,True,7.239002610772792e-16
302.3348506021354,1.6860104968928926,4.51399819998113,0.4658944876961305,302.20692168578705,1.6859219515133423,8.854522062871568e-05,1.589214709888646e-10,True,2.409691751402892e-17
306.0588816916325,0.9017455312267659,7.687541550372059,0.56616773357705,304.7818648886487,0.9016451826809545,0.00010034815768298543,3.881284161831727e-10,True,3.7967542786958255e-18
322.68595790865027,1.632403760828403,6.323192929344895,0.23762948676978912,319.0110603633405,1.6319346970695126,0.00046905864242202764,5.116468517077903e-09,True,1.8464036068320128e-17
343.5079756373388,1.9303680933430056,6.476945793774444,0.9428285988466464,341.8251579603432,1.9274552868819474,0.0029126170225890727,1.894384690638363e-07,True,7.225843506828778e-18
313.43596363012875,0.8044185995940688,4.6550110061831385,0.858358891651921,311.40835921085323,0.804325038161711,9.356103791331072e-05,3.944446311367409e-10,True,2.3113159188620992e-17
324.30581542027846,1.1578368917077348,1.2346512269890346,0.6516809975489937,323.34563809297845,1.1577466452774343,9.024615649979641e-05,2.738007450668239e-10,True,4.908730599058378e-17
326.7553325660257,1.0214687687118371,2.0844624457790055,1.976526975672612,324.9807672926806,1.0213169724686348,0.00015179535683736075,8.863648797850801e-10,True,2.1186550149105716e-17
341.93565143141274,1.5248376971872681,5.962286945810558,0.0998389081815591,337.6354691029591,1.5232422579132456,0.0015953689103553209,7.036366713620816e-08,True,2.4005188862154895e-17
317.04943100210994,1.3138581949375285,6.963705982262454,1.6697717769608478,313.76953758848975,1.313582078919876,0.0002761138833308739,2.134321636352629e-09,True,9.987396163480343e-18
348.02702860733274,1.3849746084793777,4.408297584335363,1.9892312824197123,345.5831008476959,1.383150243914066,0.0018242590063674994,1.055589441823706e-07,True,3.2396128755425903e-17
352.07124192835147,1.5206599433830825,1.8519339120247504,0.19657495597757568,352.39401242310737,1.5193563241357246,0.0013035685017446339,5.074561311051702e-08,True,7.934635008708389e-17
311.6394789509524,0.9106687036687603,2.0083053192660887,1.6651793339242038,310.8280375186466,0.9106250965613305,4.360703201882159e-05,7.54108859100899e-11,True,4.927963649180747e-17
326.4987421751536,1.9149391285578834,0.9740055631971442,1.7186788137262428,325.8836733295832,1.914796981460494,0.00014214668068096066,4.167084313399722e-10,True,7.759882620014049e-17
317.32125377392055,1.896417183818507,3.3364360178652643,0.06477818730422123,315.77726096489306,1.8961934347613185,0.0002237480743830564,9.82805471855283e-10,True,1.6716077310834425e-17
310.72782772522515,1.5193487228296285,1.3109441376598103,0.8804908439010828,310.2899444899397,1.5193032582462036,4.546453445773585e-05,4.896707503082673e-11,True,7.948515855774807e-17
313.33872496527164,1.9039159980644698,4.684613951429944,0.18186946477524085,311.71217901274844,1.9036876268946445,0.00022837017504280505,9.947826385515792e-10,True,4.997645248496642e-17
315.10147433357855,1.9767944609416104,0.6734953556519092,0.16833414203276892,314.813257505441,1.9767508136996237,4.36472063201327e-05,3.566631861459071e-11,True,3.609761044964662e-16
311.5527989374501,1.8853891607643312,7.2607605408413125,0.4306938396984722,309.5233021337722,1.8850956277638566,0.00029353136329680007,1.6371778905622252e-09,True,2.4166328758502116e-17
330.09044696024586,1.8040731588598669,4.2331366108368,1.4508745078825298,327.2504407914478,1.8034299819587616,0.0006431677729494134,9.128155775444622e-09,True,2.144957677373873e-17
341.9602531967274,1.2598518690100255,1.8706322718426605,0.9583081900313838,340.3764701190302,1.2593531952265096,0.0004986653485444949,8.434971441320469e-09,True,2.7746429958319184e-17
315.94666790465556,1.454104050438067,3.3331256717076343,1.6861242656529583,314.364013134474,1.45395070927824,0.00015334056296021045,5.968668499346088e-10,True,5.1187048183048244e-17
339.7330135664953,1.9521386074575553,6.394299273921008,1.3431135303416741,336.58073881367693,1.9501013991719445,0.0020371191714688443,8.911414191740742e-08,True,1.3498593594581941e-17
308.78497649719657,1.7064835995655354,0.6464496887425272,1.366569331854919,308.61553601872333,1.7064616358254365,2.1963730030733208e-05,1.0068195614858016e-11,True,6.924013422069026e-17
340.13332300297657,1.5559323854613842,5.901848706487019,1.319507110946815,335.7913958251381,1.5545131504623466,0.001419180970211101,5.40288264159467e-08,True,8.731097548363778e-17
301.5338206091518,1.8580100962665818,7.666896304786961,1.8454800037931374,301.55976539420953,1.8578533176392114,0.0001567781771808679,4.50189489129042e-10,True,1.1011924355562983e-17
331.66852193412853,0.8813212519801902,7.008390105133477,1.1883406134206616,325.37586758014317,0.8808680181632975,0.0004532246345295397,9.182362990540188e-09,True,1.8885160881855394e-17
343.9018890590313,1.3369746122015749,1.72983037804274,1.3511239634676095,342.64924738371997,1.336404726003662,0.0005698756946219114,1.0503291145300836e-08,True,1.0802242223006229e-16
351.7523474145403,1.3356904417899649,2.3506911627902585,0.4395357053820744,351.1937073743074,1.3343433478628677,0.001347032586393056,6.134070408138946e-08,True,4.915456046056683e-17
340.6456937965193,1.5020438567993382,5.7585115180513915,1.184921403070327,336.27688470465466,1.5006613635599075,0.0013824399946072545,5.324482312431317e-08,True,8.027293682469753e-17
319.37761614631216,1.9761472164093625,6.200707683635161,1.5765398067328795,316.46565217224827,1.9756899755444024,0.0004572369095059679,3.955454342739864e-09,True,3.194762026410073e-17
328.15423583227084,1.4417799850189157,7.349088130799274,0.959409069353806,322.96411582212875,1.4411301484187968,0.0006498252203684946,1.1379750205931475e-08,True,2.3140745409929905e-17
305.95286415174934,1.4547297172029192,7.7410590271495865,1.3607926048156027,304.8632597039432,1.4545655841814469,0.0001641323774865374,6.439858605014948e-10,True,9.188197630019064e-18
357.038082037104,1.165774063059601,3.553655383972086,0.23383742189368845,357.17050695873166,1.1631974637266946,0.002576334433532634,2.648993737292644e-07,True,1.0340000718349886e-17
307.8880472366208,1.808573056410457,4.738065968442395,1.5278649795456023,306.95272956744617,1.808424333686291,0.0001487222931389507,4.3102681958418914e-10,True,2.6545617819805618e-17
355.1950248095267,0.9704195120452117,5.498596956193043,0.18518235902672525,350.678633446202,0.9682066505205177,0.0022126339920113224,2.2753268280312696e-07,True,9.292971544177654e-17
307.1035857663178,0.8575212967756325,0.7555349092058854,0.9185916444223486,306.9113532766027,0.8575100900588556,1.1206711616776748e-05,5.1600495507030625e-12,True,1.4044882985186762e-15
344.76062372551473,1.8680137682793623,0.9418139734383606,1.949451807772205,344.6517768592999,1.867518714915707,0.0004950476336097984,5.730045162625253e-09,True,2.3769097286785323e-16
352.7336628982844,1.2361483208244681,4.436005634787613,1.576164546714846,350.9036748632257,1.2338405384106652,0.0023075880032756083,1.944105271503673e-07,True,1.1136834901718919e-16
326.5198963650033,0.9843768943941621,1.0446801448811707,0.937082525880624,325.6040705964272,0.9843001197663974,7.677439166324293e-05,2.361014417689842e-10,True,2.031219954003544e-17
318.08186089553516,0.8993925469298614,4.263007770652898,0.9685550973611302,315.60137453065,0.899258824513836,0.0001337216766072956,7.394180537356623e-10,True,1.0689726764081563e-17
301.58530113802817,1.4234434459502316,4.5103403515153975,0.1496176676603414,301.5293193941583,1.4233729690175618,7.047681395061614e-05,1.1871931864310608e-10,True,3.022214208609396e-17
331.8251369711319,1.6576393702691337,5.088503341318856,1.4237564266205247,328.15522926870983,1.6568806925037154,0.0007586638708937879,1.3894524499351833e-08,True,1.3636421356911573e-17
317.38219674884806,1.0246182153087344,2.652971073259928,1.0828149998657108,315.8564798575517,1.0245214886596639,9.672630897030118e-05,3.4010014343783056e-10,True,4.9575856075478425e-17
308.3799742011109,1.6881886830041584,3.1548159702654592,1.9226652470412555,307.6549782871873,1.6880907126589986,9.797014388648585e-05,2.0127325065513764e-10,True,2.6812566595007443e-17
327.8798899765192,1.1197127401454006,1.7168915382605343,1.4644210911965732,326.40622327921125,1.119560501752626,0.0001522375728726514,8.199018171004504e-10,True,5.5041570531982493e-17
332.03236916698745,1.9599890866294947,4.997432660586478,1.4906903073083788,328.9198645479123,1.959057928441313,0.0009311404107188599,1.77774626765614e-08,True,2.886062626728162e-17
338.60026576041935,1.5824080905859819,1.351656817569277,0.2485862426280272,337.6763023458547,1.582031390243117,0.0003766965650371671,3.777827846732029e-09,True,4.7485918298867647e-17
334.85799088388404,0.8633911292576033,7.04350074600238,0.7661368099173527,328.01319182389045,0.8628498524517734,0.0005412632359427622,1.3569887168239951e-08,True,2.49615502683378e-18
306.1877577112817,1.3088401228993214,1.7999976116664413,0.6556511930466998,305.85223609169844,1.3088028132453933,3.730961670962937e-05,3.7218375930521955e-11,True,6.652600409887213e-17
346.3158016087335,1.6187504455187867,3.8195847469681574,0.1919431568455125,345.00113555037825,1.6169716889001575,0.0017786710329429595,8.558568600821361e-08,True,4.565729251517463e-17
324.95794611219696,1.5985045873563917,4.210282443523604,1.6041977179792841,322.1905849758925,1.5981150525499677,0.00038953113551154495,3.670912463777846e-09,True,1.7281445050416016e-17
328.6807608562843,1.5292150619192997,4.004045202790204,0.6542882354982865,325.7414206883665,1.528753382817275,0.0004616736006892598,5.501335476746388e-09,True,1.9586311776220113e-17
324.6497997883548,1.216283324763413,0.9850508438708612,1.126906206096484,323.8841174037633,1.2162045847083052,7.873985607923936e-05,1.9902885505216713e-10,True,2.1397932169264484e-16
324.09261714635636,1.1430282516497199,6.137187339942297,1.6507011638625995,319.8813069387971,1.1426874942371237,0.000340753536454739,3.876141636921869e-09,True,2.845040810417665e-17
320.26286538559793,1.4527438555994174,3.758539945122935,1.202185685860261,318.0654487736239,1.4525131336732877,0.00023072054308856992,1.38304097354779e-09,True,4.9321886140711647e-17
346.75658926547766,1.4011950655342202,1.9668166417412751,1.819259811175546,345.7161412144503,1.4003637669541271,0.0008312769170730071,2.1663020141724775e-08,True,2.844973555465412e-17
304.9924646305741,0.8476759160577203,4.790700786847806,1.662684200587394,304.28128082405584,0.8476195574080028,5.635851991000674e-05,1.2980756741923764e-10,True,8.511179971362021e-18
336.07392834989537,0.8493880681866409,1.3380083567024852,1.125449821722599,334.5917824645592,0.8492263714984565,0.00016169541258443233,1.2755999725076835e-09,True,4.4028932744099546e-17
351.2354451692765,1.3320026137238878,1.0222110529841157,1.3825286722101304,350.9686948532339,1.331426386137113,0.0005762163504047144,1.1236370107940609e-08,True,7.050369479893847e-17
338.1073483524521,1.7728973000750197,5.1106357855197455,0.7758734825091463,334.85662185239204,1.7715848534212497,0.0013124063129668765,4.034080329379504e-08,True,5.256262706011926e-17
351.59637761224474,1.4362687508064345,0.8763003887990566,0.8952770425144086,351.5540456316885,1.4357159535111377,0.0005527876778811516,9.617415748389557e-09,True,1.5211091969687278e-16
337.60326099275363,1.998892386308918,3.4008096236858334,1.454478731959587,335.94759796711605,1.997829922506179,0.0010624402224227363,2.358031638061018e-08,True,3.466874768914622e-17
309.8304223900213,1.0878658256503488,6.361912679551124,1.3974433405157507,308.0274123251401,1.0877345514495198,0.00013127363867704124,5.62152175474597e-10,True,2.873200479222618e-17
336.5932107605886,1.9458975534929142,5.983570244182584,1.9018095038493155,333.0918041577001,1.9444072701228536,0.001490236428151666,4.694190862445331e-08,True,3.816391651292736e-17
324.8345896080658,0.8979820922040047,2.3758964552387165,0.8725306767869305,322.88095497159236,0.8978520177465059,0.0001300737260165581,7.314821861152764e-10,True,2.830784550931713e-17
350.5532503995385,1.485941066159826,2.830105200418078,1.561520144909197,350.28211376158924,1.4842385932095563,0.00170238526244879,8.768782083193366e-08,True,3.1702040511655928e-16
330.22641773266855,1.9021874604986924,0.9479836668808845,0.5492673529677937,329.6197726661465,1.9020070916821397,0.00018036812683133236,6.897212800894514e-10,True,9.430069785268812e-17
312.432345789128,1.8537239898751077,4.6069252812886345,1.0057262942193446,310.9250630959717,1.853518776881087,0.0002052121730395475,8.20980891012085e-10,True,4.735758241375903e-17
303.4920168874005,1.5471972873602395,4.885111180328943,1.5626355129954,303.1474430946685,1.547102003772643,9.528338581233092e-05,2.0178398922239438e-10,True,3.149735222363136e-17
300.7341832689931,1.1528008970743069,5.994207180813609,1.8814017512788015,300.7793708522051,1.152729791798402,7.110512742677703e-05,1.4847808460821106e-10,True,1.1760307825723513e-17
345.8829748194765,1.8910781614594687,7.8538736492890315,1.19031736834137,346.08773070125756,1.8864963507262502,0.0045813213600063695,4.893732121472087e-07,True,5.664259996772797e-18
359.53739064890453,1.2206310598525234,1.476726475156596,1.4347100967011879,360.4369923844115,1.219262489828699,0.0013684976258930507,7.239793114660952e-08,True,1.3756097297899379e-16
305.1572806121988,1.2979069074083596,1.7832215594906187,1.4038484541596794,304.88995252765983,1.2978730950954593,3.3812282265553224e-05,3.063455354940357e-11,True,6.780679147840121e-17
309.7229600878116,1.3781104110795481,5.9691517635282665,0.7352535281459854,308.12639070816414,1.3779531009529629,0.00015730948895429443,6.376310422137614e-10,True,1.3261761207353776e-17
345.64543402269317,0.9629596435093967,6.801103797066486,0.8542224427322153,338.3438433381593,0.9617535081049912,0.001206071474958462,6.392944704910694e-08,True,1.6387254470093698e-17
342.3600148019659,1.6745685791002736,4.630478205320594,0.992666222083745,339.77227452913235,1.672994370228088,0.0015741457976932059,6.3074492530807e-08,True,1.9221576782107678e-16
333.60288383195933,1.0280181900554464,4.707017291981348,1.104842451236343,329.16629309335815,1.027549909564279,0.0004682719074753213,8.58369200288359e-09,True,5.255776108374687e-18
321.4482729634317,1.9510202819748454,0.5985731932677021,1.7433812722225845,321.1082277822282,1.9509579844980325,6.229740038503626e-05,7.642820309652246e-11,True,4.606868657879886e-16
301.821365710399,1.6074330336699205,2.2832051683861407,0.3625220805279031,301.7865268901947,1.6073918445222153,4.1189111736175e-05,3.596901669284385e-11,True,2.1766706467640442e-17
329.4893089610129,1.7371912780888876,6.466240623582168,0.06329553130156843,325.1443136587436,1.7363809543900288,0.0008103088284833728,1.4870375217147402e-08,True,3.438201080103772e-17
332.5852910932844,1.4057402060839173,1.9366040081642355,1.0041962749145363,330.98594267812956,1.4054399310207137,0.0003002724567045,2.606499064849943e-09,True,2.938029730543342e-17
345.47769028252753,0.975210775738593,0.5676941671042117,0.7530886894439973,344.9079915931305,0.9750523292782104,0.0001584453346868623,1.125695733735057e-09,True,1.2163118659902453e-16
335.0548229412015,0.896225433482524,2.2957751499259698,0.3292680620127723,332.6321406486748,0.8959703643900602,0.00025506611561114905,2.9768526745665914e-09,True,2.608937166311457e-17
333.3786541230454,1.8666388819630224,3.1568485275137963,1.0436387954927127,331.35157506335486,1.8659718530591136,0.0006670191969373659,9.706971163087154e-09,True,8.614216305661155e-17
329.09674085508425,1.8497364639722218,2.171183422666887,0.34362393897375804,327.6668774502616,1.8493877417009885,0.00034871964840389643,2.6228295934153962e-09,True,9.605959190037363e-17
300.1289227503739,0.8986029168611331,7.180510062858585,0.7000286102249289,300.2689571926815,0.8985393916650162,6.35250445987004e-05,1.5151824346110504e-10,True,7.264090369329858e-18
301.75738658982044,1.460046434608437,5.675738007654288,0.6306498401955564,301.66468322247357,1.4599544037557046,9.203065518921427e-05,1.9754325279160682e-10,True,2.2613124257011027e-17
302.9325139820572,1.956662436721814,6.944985901287944,1.6496615668314858,302.68842117859714,1.9564977000896466,0.0001647361566528556,4.755143040514578e-10,True,2.5117346832442e-17
352.84786988335253,1.4310390685504304,2.4711405779452695,1.9187236574278375,353.09796493802025,1.4293286425012357,0.0017103328732098317,9.317598495836285e-08,True,4.037247208806834e-17
330.53652698089417,1.0785506560300147,6.898714345675791,1.963088401365097,324.79400902640566,1.0780276618508164,0.0005229842217744704,9.9574237914844e-09,True,7.440696963875254e-18
328.90682514619107,1.5777594257296084,6.0579618357392375,0.8332056289813912,324.63492673910775,1.577095437302262,0.0006639774662680999,1.0961078027955993e-08,True,2.5030224880792165e-17
347.50618226407136,1.2989137637146844,4.3143120911257995,1.2569228277362834,344.5234521935874,1.2973516172506656,0.0015620643901842835,8.207383445779107e-08,True,1.0439284603474004e-17
355.93572295049086,1.0539207436546272,5.893690544522741,0.18121184289761222,352.4307563510583,1.0510441502620675,0.0028762361749533356,3.572176064823907e-07,True,3.222765232935177e-17
309.4868142827716,1.9851579686964205,1.3474327758992244,0.2766424613424102,309.13724625137,1.9851023869334519,5.558170735947745e-05,5.560903024454939e-11,True,7.19095403438491e-17
335.83616280552536,1.2524045351778361,5.801742509248458,0.8734056583440835,330.7102963164535,1.2516190347312692,0.0007854804485452596,1.9998021765059734e-08,True,2.6608831923149038e-17
312.17606460353,0.8070504588380787,7.4534853777616705,0.2756917355712199,309.48977846175944,0.8069218283036492,0.00012862980011742382,7.343119814050619e-10,True,1.7366287293672333e-16
315.75270847504515,0.892549611607983,5.118794850254301,0.7644497780249353,313.2153241798151,0.8924176698102569,0.00013194108280411852,7.14921958443042e-10,True,1.398859745078604e-17
351.9686191644568,1.6310840433312483,3.9882410318570543,0.493416958082785,354.5214497016886,1.6276482505140506,0.003435460408389211,3.324088084538686e-07,True,2.131039386993354e-17
349.0506911868647,0.8800051211044471,7.800302257802022,1.1665719794647176,340.2112398982933,0.8785705439404518,0.001434477193075274,9.997091999329351e-08,True,2.4703751631018913e-17
325.50426488255687,1.7217596195022602,4.56866297175548,1.3028659399187232,322.5857830529967,1.7212906108468722,0.00046900370328499915,4.952103035777414e-09,True,5.744123082779655e-18
335.60293177714436,1.0701556508844385,4.796155735037366,1.2264682410606074,331.00860822740435,1.069588787110976,0.0005668515661423014,1.2207320411809875e-08,True,2.3907220650536828e-17
358.2510339426048,1.0964367833751818,2.4057206581766386,0.2534168799142635,358.26068632885216,1.094682180336424,0.0017544718345777592,1.31204180039701e-07,True,3.3631036447703277e-16
351.42232015435695,1.0468693331114491,3.548633289471076,0.8988854364476315,348.55073736180935,1.0455234140915601,0.001345841879771684,7.714011734763678e-08,True,1.7656396991627675e-17
358.76875140763934,1.5691781643800295,1.1641990526009063,0.9043412087477132,360.6195175659787,1.5677755159816775,0.0014025892047870143,5.919356508476941e-08,True,1.1733678071888043e-16
349.3817417383224,1.123056881745096,7.560349940542791,0.11635306534323966,342.44861997074116,1.1209953647305775,0.002061353338854789,1.6367566396116512e-07,True,2.6304979911688427e-17
329.87957912239085,0.928304228864899,4.838225344251931,1.4411580520219982,325.57009854333575,0.927969850104523,0.0003343740108999573,4.749476076441178e-09,True,1.675381701565361e-17
305.0721516629957,0.8269372981548909,1.145969603456595,1.8285691462749591,304.87310958593025,0.826923473301846,1.382484500768346e-05,8.037159155528557e-12,True,5.748420268567844e-17
315.8456268314451,1.9871656516808038,6.264604374547649,1.8400137273542816,313.4100942684297,1.9868005353704374,0.0003651138483677283,2.4619988349373012e-09,True,2.6702285997974557e-17
359.04135039860313,0.8412345829406589,6.743006469326008,1.5436241329355607,352.7630338128328,0.8385533831973809,0.002680810148292706,3.895949853612299e-07,True,1.7175585393164832e-17
318.5685145706016,1.4791251077495642,1.646579040156103,1.8782763906701856,317.63205363893246,1.4790255804512091,9.952704625847956e-05,2.5209671630092343e-10,True,9.151833517570925e-17
331.80342138037025,1.0595422194401922,6.093384552078475,1.2726604684685454,326.4617874556967,1.059029038284226,0.0005131713039579246,9.852008129806895e-09,True,2.813229461916091e-17
304.10625890833495,1.1571683066043972,7.125230376245094,0.6989319982095018,303.40555834294724,1.1570620615435108,0.00010624472486839062,3.3601820149875923e-10,True,2.5491622658119566e-17
348.11087378040787,1.7381361230085834,7.7528023891738185,1.667539867301855,349.35223237492426,1.7330047739066237,0.005130670013840005,6.790881199293756e-07,True,3.597888230926076e-17
344.08937357034375,1.609019021040313,7.857318521434191,0.6110884044174972,339.16531101526795,1.6065573546656262,0.0024615062717894863,1.6010289736330742e-07,True,5.0696124426043144e-18
349.7174717651272,0.8174421719958848,2.4865329428859804,0.2597679734851436,346.88838073614113,0.816780502807437,0.0006616455199313321,2.366851644564342e-08,True,5.7441239017490575e-18
329.6519498574821,1.223752796355847,0.9117215317194807,1.7385878672404962,328.85818389511104,1.2236471604621053,0.0001056355275615506,3.661801410237069e-10,True,1.060213707870588e-17
302.46261264978983,1.7168116669400573,4.893853540440309,0.446937437186976,302.31068342838165,1.7167130453504271,9.862139588501902e-05,1.937452596786259e-10,True,2.8476721233216024e-17
352.23905035844444,0.916385259383756,5.771517795010887,1.9187953426881044,346.2412476383951,0.9147362122332449,0.0016489163110691187,1.3083944191748974e-07,True,9.051097573780816e-17
348.44538582913196,1.4070602922324518,5.607579883937045,0.29282130736288375,345.415776151689,1.4047290897183993,0.0023310329491365513,1.6956491582177237e-07,True,1.3020654350610652e-16
324.6144641451205,1.0810294587021103,2.4494711419325403,0.10532433479936948,322.70889287394726,1.0808700915835334,0.0001593662073698105,9.112070563258928e-10,True,2.7023182784678145e-17
318.5071523849657,0.8658046992438875,2.0671696425770465,0.733213754169146,317.179847854347,0.8657340830559368,7.061597172372075e-05,2.1622699128461562e-10,True,3.1190584650663765e-17
321.7290636626346,1.9626859788108155,7.142805182770458,1.1315646137221935,318.09537281979465,1.9620923129106984,0.0005936591203143424,6.779802473695402e-09,True,4.222407720889801e-17
335.3737184616534,1.5517852686395193,7.509150464159893,0.20764012273400373,329.62960503527364,1.5506196625099566,0.001165570797146342,3.5332416051032354e-08,True,3.0939052868667724e-17
305.2147136749534,1.0439479667636269,1.1799078646534578,1.0950975297328072,305.0163223154768,1.0439297793648552,1.818738774307794e-05,1.102856382605179e-11,True,4.520569626183249e-17
340.14583159708036,1.8223434962096374,1.6943096753308684,0.7262236636222186,339.349850856772,1.8217339868785074,0.0006095006664276895,8.664702152166989e-09,True,1.0805779079849332e-16
335.5704187127083,1.8212919629844164,4.590257225390108,0.9568648078156091,332.5950134349592,1.8202585700540426,0.0010333688845027063,2.4045870984136556e-08,True,3.946943848486576e-17
333.2163158457148,1.1759634119057893,1.6345763984986372,0.6546407050504598,331.70646215141704,1.175740226619468,0.00022318355823441028,1.7280867472982988e-09,True,6.71416314100477e-17
323.0092752892996,1.7540708832606606,0.6386290878940499,0.8370551694071436,322.60553689671667,1.7540039778401335,6.6905321619858e-05,9.890715570574361e-11,True,1.784225819704706e-16
354.15841560897854,1.2316171123403163,2.638935493608921,1.1372221615808167,353.65203775850574,1.2299898014793487,0.0016272125904293125,9.827053847036714e-08,True,8.751139385694904e-17
318.27287393830466,1.9222484262354098,5.622637507930263,0.6700592420181879,315.7001375493886,1.9218685581616917,0.0003798652801042342,2.7936136229081654e-09,True,5.179753993592385e-17
354.9976187742524,1.3568841393938071,5.343626476271649,1.9934164511073253,358.35226729936284,1.3520435920638458,0.004839738564803912,8.087651573461809e-07,True,1.1086707762753371e-17
328.89931079726443,1.5447103062606882,4.729347973155725,1.4565907615307767,325.4656284302591,1.5441705872726206,0.000539711556421775,7.431645854128991e-09,True,1.0970957740161431e-17
348.9356781892333,1.6177046724252189,6.767861415775908,1.4631661467106496,348.22783058222353,1.613824074715511,0.003880182945880442,4.147638275263512e-07,True,2.027867455029182e-17
346.3722017193471,1.1582722345096386,6.620000347879481,1.410599928706901,340.2434924240896,1.1566658562473064,0.0016062830337069593,9.522862508695423e-08,True,7.315386978443686e-17
312.34925295838184,1.9806980914269243,7.971696736367788,0.3272150131732609,310.0460904109476,1.9803448027653168,0.00035328639666914904,2.264938610090556e-09,True,2.6911201070767932e-17
311.3091583416042,1.8735945285422906,2.6801014997868213,0.37397585593922145,310.47510321056296,1.8734781774953624,0.00011635078655536725,2.603728138550379e-10,True,2.5580769578926406e-17
318.02821683511183,1.1547154115464986,4.475587532052996,0.3543707780619403,315.5703517603798,1.154535605976971,0.00017980452844829564,1.0410792941033883e-09,True,2.0917612021774534e-17
325.5980968405319,1.534162002251096,6.210854515636676,1.825906880686527,321.52150229837645,1.5336377131464478,0.0005242822019346761,6.90271346211982e-09,True,1.2363916181633488e-17
345.23587817642164,1.0088489460812775,4.236346297320731,0.5712372596474513,340.862999259111,1.0079149733781023,0.0009339356412543264,3.706192085626435e-08,True,1.1046717566172574e-17
324.39788757556977,1.9931208782185308,2.551793123235037,1.2606273362271012,322.90466712821006,1.9928102482283305,0.0003106281104310935,1.8797690919615214e-09,True,3.2911753601289526e-17
311.9050249760451,1.2515253096391923,7.765018370513751,0.8864450107443493,309.3956858131798,1.251319091279214,0.00020621714364148745,1.2163366298881834e-09,True,1.8617857235698432e-17
352.46801244064557,1.1192284238256516,6.512918731442808,1.438628872018919,347.4798087860172,1.1167661347161306,0.002462048692571459,2.4041694942044294e-07,True,1.3556487704667555e-17
321.5056901400642,1.2711463177493179,4.717475842365599,1.0097678032901658,318.55141678418516,1.2708832604197051,0.0002630552688667008,2.060745968154106e-09,True,1.7170872406885087e-17
342.83820962147325,1.6466568989752348,5.979440643016075,0.7540043746304526,339.27001835895345,1.6447253657225849,0.001931436915836568,9.633681351265315e-08,True,2.7433697993446723e-17
325.42239888001984,1.6180724228605876,7.060715139253965,1.4376498532460822,320.9834093431732,1.6174689217012042,0.0006034925145041284,8.644879481801344e-09,True,2.468610451895808e-17
301.619032651476,1.120138444856858,5.3358943546570625,1.5493098742149096,301.4967140919349,1.1200730181958016,6.542653106481251e-05,1.2999166142904287e-10,True,2.2747455337403635e-17
327.2505462666713,1.7962043402447048,4.534400179668134,1.20484579170226,324.3151341478767,1.795651748036695,0.0005525855524249412,6.6555850941511956e-09,True,4.109967161437232e-17
321.81163220890676,1.6437587283880353,1.6401104519849565,0.7236999850038127,320.79510412780013,1.643618298910568,0.00014042901733614507,4.601309276780648e-10,True,6.230184770709269e-17
349.08537672180915,1.1384771995590417,6.087216229696728,1.83642546896609,343.77820998733665,1.136638844255458,0.0018382260614223727,1.292421612509831e-07,True,1.5118343524042927e-16
334.3903577855949,0.8513710276231009,1.5799039576605776,1.3643609597712443,332.69029106221683,0.8512035783993597,0.00016744787289173923,1.350849474380887e-09,True,1.3971143176455e-17
339.5009443170085,1.168798607230526,2.994468021019896,1.900432873787089,336.66524288023663,1.1682237459314204,0.0005748494485723098,1.1850533180875007e-08,True,6.143362061009663e-17
314.2243739096544,0.9553607679763554,2.697056665841758,0.7696709188790428,312.93282479028613,0.9552880093018749,7.275847173770791e-05,2.0274287325479532e-10,True,1.829208715485909e-17
314.9129305025639,1.0086156572494829,5.0215317334866985,1.0721111028658132,312.5966227593666,1.0084764400669965,0.00013921648081830436,7.016679777014911e-10,True,9.276704900588391e-18
315.1899421172704,1.702433445435831,6.0486246823804555,1.8604002687593784,312.7762514017013,1.7021463129076388,0.00028713075784257306,1.7703494154331086e-09,True,2.256982781888966e-17
328.3141281738068,1.8152838346039821,0.9018391959675376,0.34833729251843204,327.71053006845807,1.8151412163794627,0.0001426177774382417,4.470811873332536e-10,True,4.0318350722040814e-17
348.2767854211364,1.2243913388499872,1.7401323433952713,1.1680000149367284,347.138144445364,1.2236862624735985,0.0007050584148715355,1.7961517236423063e-08,True,3.4843677588588685e-17
316.5047553947276,0.8543567487344994,2.0102526363491684,0.34916654548087706,315.3426815578145,0.8542980487878122,5.8699796941270905e-05,1.4974582390384182e-10,True,3.685943296118685e-17
306.953355109692,1.1169990888352763,3.270845601646845,0.22353436719081238,306.25660639919244,1.1169392445754498,5.9844147331823965e-05,1.1249462916146922e-10,True,2.307465884853291e-17
342.029969181758,1.814907041826698,2.3970294365702594,1.4556615361272385,341.08559236127195,1.8139416221505398,0.0009653976469029504,2.2029255163663498e-08,True,2.561442959659829e-17
308.5293493974163,1.3813057738512162,7.815088865723018,1.2668986208937973,306.8194791312487,1.3811204900771412,0.0001852828988437119,8.752313198121092e-10,True,5.457116926161463e-18
349.3275696315954,1.7365665437300661,0.8734920332673183,0.19004563388227114,349.4830227226651,1.7359825413123835,0.0005839936299378423,8.787744818331587e-09,True,4.510172006522093e-17
351.2588127423948,0.8305206814421647,3.188209157999676,1.6896168877645263,347.731412040528,0.8296105745308432,0.0009100626397523566,4.427156912304745e-08,True,3.3202464817161365e-17
333.42259224789194,1.0741310252788974,2.571593338355357,0.12018719867016088,330.96509992955055,1.0738268270602296,0.00030419471793092785,3.5007370331885623e-09,True,6.910942948322921e-17
309.93881676707,1.6658592806953432,5.413844736687003,1.7359915337723195,308.5218249450101,1.6656811121899833,0.00017816782702048607,6.783394605033232e-10,True,1.1535489884172737e-17
307.5962134338715,1.8811079154564883,5.553048716651059,0.9588486629033813,306.59439469207535,1.8809319399745024,0.00017597490310844588,5.788773595996631e-10,True,1.6047937075068535e-17
305.29234122029175,1.4715310542473663,5.667222729037341,0.6563933659471693,304.56417504747117,1.4714125237748892,0.00011853014111519052,3.313618275165024e-10,True,1.9348394576729365e-17
337.052174414982,1.1079817830266716,6.504165912407184,0.9775750033923482,330.92514671620137,1.1071907482181271,0.0007910118551844993,2.2953359883365558e-08,True,1.4568968312814118e-17
324.7898499076878,1.4648709421372659,2.9421768351352617,0.06542574879143369,322.7406656438262,1.4646109383082415,0.0002600020387917379,1.790232831470945e-09,True,7.242692399930896e-17
332.8810690711091,1.6830465792412264,4.240878984678879,0.17806551759354433,329.83486433748106,1.6823217581633803,0.000724808470425649,1.2607420617442852e-08,True,3.8444756803189834e-17
322.3089842448734,1.9214778616203083,3.86367012886012,0.725314485820435,320.15726828791753,1.921109520814881,0.0003683381071314051,2.698295911634836e-09,True,1.535524463808609e-17
335.1177526025181,1.6723971315579793,2.0577894748960874,0.9810136677212153,333.6703827941122,1.6719381262213007,0.000459000141578188,5.1951004115439086e-09,True,2.1257994691834578e-17
338.25403340469734,1.071111535432317,6.860792308497106,1.7322523041578894,331.6252975459058,1.07026370545233,0.0008478025977350508,2.7382251931961097e-08,True,8.675070726107407e-18
315.41401721817897,1.9266713763562453,4.9003643981870155,0.7722193057196756,313.4696936157358,1.9263931383876576,0.0002782364934704438,1.4751173766680442e-09,True,2.0743773654221674e-17
342.7417192686634,0.9442827383167973,5.892199218581008,1.4719140015782008,336.398498626469,0.9433859558039568,0.000896746851377668,3.566146296342758e-08,True,1.6778029406824635e-17
305.3140847026972,1.3220464533332752,0.7324084126454912,1.5114379776947366,305.19653886783124,1.3220319382437031,1.4515084018630988e-05,5.553314809125795e-12,True,1.7301846027220642e-16
324.021876372685,0.8852093318532777,2.143374673501755,0.49658255007793545,322.2918249460874,0.8850986625557992,0.00011066876216423002,5.353142316098169e-10,True,3.197891456084741e-17
347.8784868107475,1.3194562886616015,7.317478213256683,0.546612230548076,342.3976350600066,1.3171198652464173,0.0023362445278708043,1.7888731340414113e-07,True,6.701489793913924e-17
307.3219454704247,1.0619887789775007,6.047454668373851,0.9357114698288309,306.0608871015457,1.0618852901588467,0.00010348846524335072,3.534105946977091e-10,True,1.1949140909507772e-17
338.8548292406642,1.212061227089103,1.2595987889918203,1.6367860778492445,337.70193505150536,1.2117918640747525,0.0002693604921933476,2.522157024747179e-09,True,4.982861381143905e-17
351.6689108060002,1.505049043291438,1.5221357005956664,0.06040150065112622,351.7967365883886,1.5040275950523463,0.001021416857226168,3.138186558450041e-08,True,2.1629234369292002e-17
322.0476402775816,1.282224247106973,4.036572181108618,0.15341127665008997,319.425977736285,1.2819814114926362,0.00024283386441964906,1.7499169832285654e-09,True,2.1295860984669058e-17
341.8340144325576,0.8093185175459348,6.628988880644021,1.200110000774436,334.3774331298669,0.8085671074358932,0.0007513812125564163,2.8897485120945564e-08,True,1.4554973032917467e-17
333.40003693998773,1.45800619008773,5.243718452458832,0.8744769887560928,329.23052303021376,1.4572629194027629,0.0007432554312788556,1.5253688091173556e-08,True,2.380396976125765e-17
358.46205356461724,1.3052057457149946,2.543053480493435,1.102957630102327,360.69582716902715,1.30264826539208,0.0025572434095873365,2.3691332756322838e-07,True,8.006105421397659e-17
308.32664153539065,0.8406338944601471,3.5739918966991384,0.34197419388306594,307.35065258925147,0.8405800017829382,5.389255513229097e-05,1.2207657767230248e-10,True,1.5822644365779697e-17
318.7341243941647,0.9189260672509196,2.72568447869144,1.0121010386069151,317.0193819337329,0.9188284705448303,9.759631730876624e-05,3.8878056907555746e-10,True,2.4828934647721192e-17
319.13360228818584,1.3801032442932648,5.702233775256053,1.4175102598761813,316.0728036114588,1.3798184595197798,0.0002847825816327742,2.19185241123972e-09,True,2.794299600194129e-17
347.8516532791965,1.129977909689458,6.877630754196336,0.30291376772316886,341.46045716201854,1.1282111512894224,0.001766639556349176,1.1884368642742738e-07,True,3.812449358708331e-18
344.5190213260895,1.8676646753112431,5.566227814564774,0.4915437241225571,343.31410043230187,1.864989982190711,0.0026745267732598992,1.6634727227211503e-07,True,1.702182705531892e-17
325.08226137661404,0.9437692102051689,6.272209182249289,1.2427483239031836,320.4493405293412,0.9434689401685726,0.0003002663791338725,3.657462344767098e-09,True,9.50955711979277e-18
338.13006156935495,0.9292203071471503,7.641068445320967,0.08745758956024266,330.465244221432,0.9284662179312987,0.0007540644041354786,2.4811716257142172e-08,True,1.4164515031313026e-17
300.15938155965836,1.0780340082330886,3.706682108347855,1.203291894689145,300.2568096199618,1.0779947077320844,3.930045266997554e-05,4.8334237847274735e-11,True,1.414516600136659e-17
329.1061152559578,1.8622984467354524,4.912340556233848,0.2915497497538633,325.9315509312025,1.8615989931206876,0.0006994432341450535,1.0380619931754941e-08,True,2.7963943518376055e-17
345.83365737972326,1.6921198974404512,1.5529505437608504,1.4772554104786957,345.4688768886338,1.6913398673193107,0.0007800143486793292,1.5772461004369024e-08,True,9.555526526042752e-17
348.12943537860446,1.9275837566610448,3.0169643604426666,1.2247048549565407,349.42855131425506,1.9253544146523733,0.0022292265826402277,1.1542603105169597e-07,True,2.6336521724615166e-16
333.7041320335902,1.1904894382146194,3.0771440301875295,0.5215418274271455,330.9057009544208,1.19008773492057,0.00040169778762591757,5.506423375095859e-09,True,1.7609758507360482e-17
335.75154583171116,1.896003405481282,5.013364825327354,1.1407421186405928,332.6719012339766,1.894822126166653,0.0011812491179017906,3.01967272681839e-08,True,1.4290727663926974e-17
342.4170929938998,1.82861965069076,6.938070980999735,1.1723108924767802,339.10946824696236,1.8261582224038555,0.0024612875041023384,1.4078280209567562e-07,True,1.0231851329062062e-16
320.34734983007695,0.9245953191310505,1.980020176476955,1.6560369828489574,318.97272130201384,0.9245123539791726,8.296486939463289e-05,2.82483366946931e-10,True,6.153296066801161e-17
306.4812930260934,0.9674393716184787,6.7363300175840575,1.5817064087756014,305.2565895865904,0.9673411931935773,9.817807754595331e-05,3.4735553247298695e-10,True,6.438576942542493e-18
306.6346926690113,1.9004145370229557,1.562721281986913,1.5541176116848627,306.3670389414608,1.9003654408265158,4.909615190678168e-05,4.4533080799065074e-11,True,1.887408190801303e-17
342.1400616085558,0.9217320799619276,5.691370786260486,1.2688470229640274,335.96071127494,0.9209117233477528,0.0008203261147913441,3.049938341764596e-08,True,1.066286777612942e-17
335.45952390244327,0.9384662383821146,6.223756784939472,1.7805124069823957,329.374106508048,0.9378925564385179,0.0005736678132739289,1.4130322786727095e-08,True,6.0084951372813266e-18
321.2325190787731,1.2798525507384533,4.889920707117972,1.9685245368702209,318.22374520301935,1.279584861614635,0.0002676870084916723,2.1153263702870297e-09,True,4.380793261702976e-17
358.6118329160916,0.9907100835592528,2.2443816918161508,0.31612030927271234,358.0042374741076,0.9892537490956692,0.001456234561861799,9.990172184723197e-08,True,2.3238281113819202e-17
307.8336445711492,0.9924678992363931,4.012221537232858,1.7064745307847262,306.8549979571388,0.9923993465911513,6.855247846296051e-05,1.6677891210712815e-10,True,1.447519108972576e-17
327.4967991054572,1.1353887037492316,1.7561186352826241,1.9911325065037584,326.0119574366399,1.135235315042918,0.0001533878872942945,8.190194796470769e-10,True,7.751112104266383e-17
304.97145150105456,0.9777962101259483,1.9345476184597967,1.8332990400226714,304.6666410958772,0.9777690900792682,2.7120020557872087e-05,2.6122255199111933e-11,True,2.0965442824249066e-17
313.5725393922181,1.850933547558138,3.308912945691259,0.8769434279268629,312.34382675958204,1.8507685652861021,0.00016498173592008542,5.361159428008124e-10,True,2.4659406668278163e-17
342.73148015802855,1.3963056915308103,0.6018157782026036,0.5966205646036904,342.31998548693906,1.3961030649212534,0.00020262534063545282,1.2689213952392652e-09,True,1.6104511873890286e-16
338.069201623788,0.8616676476464399,5.123077220732956,0.74131543684688,332.58820772248,0.8611222889897078,0.0005453445012398382,1.415549238437184e-08,True,2.2412692958647563e-17
351.6160775928971,1.461654606222681,6.864858047414888,0.6613905052286184,351.43882791165504,1.4572908970627432,0.004363119141338732,5.900185990632165e-07,True,9.430638195141875e-18
322.6028676971523,1.2382427293250384,7.392205311323107,0.09012713282477523,318.0467635977322,1.2378565697406985,0.00038615503875340614,4.5455865998499176e-09,True,9.381646982045695e-18
315.32799941116514,1.6499391856369223,5.5158626616828945,0.9772651947447205,313.050887092389,1.6496797883363894,0.0002593958072052451,1.4933276094902563e-09,True,1.359196541422028e-17
307.5533122099836,1.4659036298077908,4.710441675035359,0.7887921619341488,306.5875596732621,1.465787369006633,0.00011626047694347991,3.2421431945554344e-10,True,8.668341135267752e-18
356.7852304146879,0.8570238579229451,1.4872703320327831,1.8801136711161415,355.6799642992088,0.8562995957059099,0.0007242339832062685,2.823382911816533e-08,True,9.263627305038782e-17
315.62984624440526,1.1038168631226026,1.8354593957206293,1.032857946623122,314.6668257364219,1.103751208209983,6.565476821761355e-05,1.4440199152874052e-10,True,4.312866128848237e-17
311.80426442649576,1.6529668872391157,5.653646375098613,1.3086309995804197,310.02708536625755,1.6527580996251876,0.00020878666619255536,9.477355903147911e-10,True,1.680228681369683e-17
333.0342433940712,0.9688752612615406,1.1078578795559908,1.656626308843932,331.9126137636043,0.9687487870931152,0.0001264734941639461,6.742615395197957e-10,True,1.0275275741642344e-16
334.0619436358372,1.1584605069104033,4.008938783081295,1.5548091498686398,330.39211833728046,1.1579696498213559,0.0004908486630306313,8.426016733646256e-09,True,1.3193536353515816e-17
336.41759122012377,1.8599888053763165,0.9366303329360148,1.962582466795762,335.88815431608896,1.8597175365696286,0.00027126715585934155,1.6508286213983904e-09,True,3.603307439053022e-17
346.29297114770935,0.9560231729065315,6.816863224427363,1.6260672112941648,338.9396638458588,0.9547732630838154,0.0012498404504914231,6.937222461715047e-08,True,1.1000226011902282e-17
339.0073034477491,1.2007984544470633,7.928181107369113,0.5548046448359895,331.75874767502967,1.1996897783182732,0.0011086343267660823,4.1802024265507884e-08,True,3.109200873110406e-17
312.54044504264715,0.9225234329627882,2.8248694626122943,0.48543979192431763,311.3462903330054,0.9224586417350823,6.479106283539174e-05,1.6487049854889858e-10,True,1.0884743160836477e-17
314.3782366378615,1.2908189510960433,1.1432898711469561,1.8996220560952624,313.8344689539668,1.2907741756971463,4.4775341757320385e-05,5.7139648339438753e-11,True,5.1107792078666355e-17
312.6959903462024,1.2656505441014256,1.6244961101808215,0.4811406585092907,312.0200311125114,1.2655965765263613,5.396749134243075e-05,8.372203396534296e-11,True,6.196940280010522e-17
359.8247335127691,0.8586821375644579,4.823737713157073,1.0255050569664932,356.4956273309087,0.856212194803189,0.0024696131247487554,3.2963652008231753e-07,True,1.1085877444077126e-17
313.5324214068509,1.667613946240688,7.870767154913363,1.2122997007659762,310.8512023823768,1.6673004495967743,0.00031349451493445997,2.1289793204911684e-09,True,6.861877069224635e-19
343.6291880085707,1.6415043841031394,0.883217800358332,1.3009246308254863,343.2538794670899,1.64113240991836,0.00037197052954272256,3.6552368024314293e-09,True,1.3251590302422623e-16
313.59646302263786,1.5390350280441527,0.5884128994524592,0.9263720342931565,313.341498631149,1.539008607918078,2.6420109439571772e-05,1.6635221392064192e-11,True,2.0041669417533027e-16
342.3151355840822,1.7340496010642603,3.011551122232313,1.40182376113337,340.91133359051844,1.7329043625326925,0.001145206111468462,3.2420099175386904e-08,True,4.838397667128794e-17
325.7560975988909,1.2860783314662387,4.619114588562585,1.4153357906318729,322.3994835769775,1.2857290596473843,0.0003492681460993393,3.6727549020816253e-09,True,4.9330003060696303e-17
310.31554360352874,1.4129255635715325,3.340547416481119,0.8356293735881803,309.2894243745346,1.4128262627594723,9.930056243105327e-05,2.4962925531299117e-10,True,2.918208044169817e-17
330.12109841229255,1.6899877557561758,3.182167642241815,1.6011672884294856,327.8644456936692,1.6895140765923693,0.0004736738607755879,5.303030898332911e-09,True,1.4266745286831032e-17
355.90597186275903,1.3150997268041964,4.731114822257771,1.081993048939422,358.5478589156912,1.3108947105926725,0.0042043861299146884,6.300816091650927e-07,True,1.5371366408692792e-17
354.3089182150876,1.1465362689288943,4.9650679798660775,1.0390037970409862,351.94092012106125,1.1439788350019948,0.0025571751257274004,2.5880117193748397e-07,True,1.390013974610561e-16
356.3802425855651,1.3667172590553194,1.5805243118323142,0.5744547181958366,357.14051755726274,1.3653745779624544,0.001342619815799428,6.127706555911862e-08,True,4.789265515078912e-17
304.32391297461277,1.6263257086228045,4.67508210838996,1.8929541080232266,303.8803260716698,1.6262237070676362,0.00010200133412339242,2.210449602007896e-10,True,1.9199111671535568e-17
306.8981976351265,1.5225227291522163,2.548490948093046,1.0182805949396487,306.40181790991494,1.52245839883409,6.43302226694082e-05,9.545675113110456e-11,True,3.5245606188406587e-17
320.7824754577832,1.5706924691124446,0.9073253389350631,0.9537600859008621,320.2197469111311,1.5706214129993492,7.105599022849342e-05,1.2286693213288873e-10,True,5.059105982809574e-17
350.17785858854336,1.3482893343742934,6.836232034017379,1.6416638662454677,346.40244862556364,1.34538615155939,0.0029029068750437157,2.7593985987968785e-07,True,9.554378379927187e-18
300.0357000731516,1.2397187258340376,6.763632501646494,0.7358541551886374,300.25281164342283,1.2396362892804937,8.243636861342443e-05,1.8493055774567383e-10,True,1.3182842841835303e-17
338.7483752081069,0.9818066211152905,5.4243468591209725,1.0485351571811907,333.1877058970792,0.981120303811565,0.0006862975629237698,1.9740801624693523e-08,True,1.7965127544002327e-17
310.67606257982874,1.9439031086356109,1.4028960285081173,1.722618224858276,310.25725548950186,1.9438410248959095,6.208366834908283e-05,7.135238220034562e-11,True,5.0491762140686484e-17
347.2877425302204,1.8559844317876855,3.572181855954288,1.4361250276508781,347.8575465707218,1.8536873208839235,0.002296984601416006,1.2630234586499216e-07,True,2.194936499573561e-17
313.54507322153034,1.795014359654323,6.497456767438963,0.8779802245008665,311.30744347132094,1.7947253239722512,0.00028903399607712585,1.685994904604685e-09,True,1.621415805385519e-17
307.4482246660076,1.2177223131761248,4.86741642921822,0.8540218343602507,306.4109916987601,1.2176239730783334,9.833981886243739e-05,2.789290196733735e-10,True,1.2637180130932321e-17
339.5947737976909,1.1255665993218453,7.748645134419517,0.09671959371172816,332.22945515207107,1.1245164426420935,0.00105011656404392,4.0115708064706104e-08,True,2.479201542845232e-17
303.567035613302,1.5272891098722772,5.680073708340619,0.07343353547493549,303.15882059042394,1.5271796413775212,0.00010946822492642292,2.698297316321332e-10,True,2.458827169599521e-17
338.5545326969953,1.6583882361589508,2.7041764694597203,1.7440894879228368,336.7736554930032,1.657646087644816,0.0007421345864750345,1.3927659806378694e-08,True,1.979854437772785e-17
336.31880397581455,1.2958561149369314,5.1492549136311325,1.6092074253367177,331.81276036847555,1.295075803934494,0.0007802918143806528,1.9188056877573816e-08,True,3.2770017916396035e-17
338.2258773849054,1.8833363611979903,5.651161264764914,1.1641579964842068,334.9669295658571,1.8817829332257519,0.001553374735527147,5.323671125283882e-08,True,9.368403438639256e-18
342.2979372229454,1.7843401243102086,0.9040413758019514,0.4415236766662891,341.96218476289795,1.7839603629103418,0.0003797579181287304,3.481738141284825e-09,True,4.250555167124917e-17
306.0283184141551,1.6759703829250125,1.1001039379906339,0.48400170786930014,305.84624176085936,1.6759411985772947,2.9184329934286838e-05,1.778336054908973e-11,True,1.593036147642207e-16
336.13282054772435,1.8233505480803827,3.0076370862063504,1.7213692526445827,334.263407685988,1.8225881816436094,0.0007623532480191516,1.3188754179470932e-08,True,1.1247659863256946e-17
300.1898195106349,1.6006551305296681,7.91503810367492,0.8188583582287422,300.474388869497,1.6005281605779769,0.00012696961140605583,3.4028528901344684e-10,True,1.1123900146306926e-17
327.9917814094494,1.2032506504989757,7.005248798133736,0.7149627516339861,322.7223953514941,1.2027429711515858,0.0005076710368634918,8.310526423730937e-09,True,3.4149010529151853e-18
350.3423030481547,1.199979617189845,6.497675583750931,1.1066216913255855,345.41625610551864,1.1976764622528082,0.0023029608165377594,1.9412049905466145e-07,True,1.2583262556529e-16
309.68696761625085,1.2214422896523331,5.032965829808465,0.15297565247039022,308.26162245180467,1.2213234124944825,0.00011887674667369846,4.1117697343088975e-10,True,6.612272116349568e-18
340.0030891071489,1.1403224914113916,3.2295375422631127,1.5174137550789697,336.89231001979164,1.1397080946958191,0.0006143828235992981,1.389197317310902e-08,True,1.5576083819405093e-17
300.59990496910075,1.2913228588180414,1.8842598656804799,0.1653377554249606,300.63467361638544,1.2912981315227134,2.4727279314106744e-05,1.60138447323325e-11,True,2.0620534033070723e-17
353.3185999287908,1.3063317422562468,2.390942852074945,1.897101319292378,353.0330934813628,1.3048271114662402,0.0015045518314231333,7.895858361894551e-08,True,5.569672486987119e-17
346.0957055611483,1.2775084613996768,5.656962951588186,1.7103451468828703,341.5239729279831,1.2758580852963863,0.00165028437084222,9.173244825829018e-08,True,1.0523500472993634e-17
309.7566461757106,1.219454917456328,6.055780282836016,0.312916113812724,308.081750531881,1.2193142159693588,0.0001407009106681218,5.763010677666852e-10,True,5.9540079805115026e-18
308.38805438258447,1.0158996372082145,5.882668212817086,1.2203809784885944,306.9415980751142,1.0157960143447808,0.00010362249093600796,3.7249760550893216e-10,True,1.1941066093214176e-17
304.89426072126776,0.9700382695263767,1.7433617759618392,0.08925093518896002,304.62201866917934,0.970014114485743,2.4155019751499093e-05,2.0882287135124992e-11,True,5.7154484990923e-17
351.9422653069567,1.0763765838854915,7.397905801219981,0.4824593881632016,345.35865443662897,1.074033904202967,0.0023424557890593337,2.238934653536905e-07,True,1.927430294125347e-17
325.0328001441044,1.6258974594629905,3.164737985250296,1.8173883017893397,322.9272116144647,1.6255826752933777,0.0003147818028418452,2.3667709113033027e-09,True,1.5776576683085538e-17
327.6771617579334,1.3362962245857077,2.2582722320510764,1.5854884009153742,325.8964170692546,1.3360660457092388,0.00023017731039717482,1.5660718852364065e-09,True,6.305583900470502e-17
300.29678462590795,1.4332743475356937,2.161224281827059,1.609448503159225,300.3705856536453,1.4332435795294522,3.076798394247266e-05,2.2298915733314784e-11,True,3.6103493536779966e-17
325.93825429220306,1.6551828680003626,7.795907524046265,1.2218524845318788,321.0762574001686,1.654496455909932,0.0006864011514392354,1.093899139483658e-08,True,9.571841907600845e-19
304.30950101908536,1.1967943564962864,2.2780501768486294,0.6799153053893839,304.03292248592385,1.1967573042412147,3.705221539784359e-05,3.967367065327654e-11,True,6.822630714512857e-17
322.1632223447607,1.51361665887474,3.8352422606133527,0.6477113882881113,319.78604927724155,1.513336686626482,0.00027997027361048766,1.9746473957510553e-09,True,4.209082326061492e-17
350.41203303583114,1.3168415265328113,1.915182653011607,1.2323676566335933,349.6777934711817,1.3158587804521005,0.0009827132201372423,3.286057363570558e-08,True,4.2707453249490335e-17
324.84463365530314,1.6435192044680234,0.8776376146597232,0.3841343580465694,324.2451630550301,1.6434218249052748,9.737933700468555e-05,2.257438173815514e-10,True,8.644557222897139e-17
311.52667737272174,1.7940570878934603,7.6835970589470906,0.8111863174854825,309.3658315398445,1.7937652861119946,0.00029180008284644546,1.698619211289301e-09,True,1.1305955516991664e-17
319.03812127206817,1.801254414521406,6.819861240927407,1.5259295804160584,315.7967767224649,1.8008193977938516,0.0004350128153759908,3.912178359813644e-09,True,1.0319361212629886e-17
342.7772934871477,1.7290083459630148,4.761919384605019,1.821281152953433,340.4347758116415,1.7272603964613347,0.0017478739197418307,7.558193840421267e-08,True,3.4920482391736934e-17
344.32881357332695,1.8124409077054786,6.726804853827372,1.3655831145860347,341.9833203139325,1.8095705547233922,0.002870156882682117,1.9609940432500773e-07,True,1.0261997387747972e-17
345.9844868999263,1.4881190489360114,7.531136270885814,0.9549200272256759,341.058845501578,1.4856392716426552,0.002479599865584628,1.7742777160554913e-07,True,1.8248730855967338e-17
306.58646249247676,0.8594554312829766,6.194994353553501,0.47169338726196874,305.39065776200493,0.8593743128838142,8.11181320131989e-05,2.67149203229505e-10,True,1.3063627256213831e-17
309.5647215898637,0.9321160514982252,3.211672444637925,0.15814337106655002,308.5544974072314,0.9320567491053304,5.930225856572945e-05,1.343289006389726e-10,True,3.9483261248878296e-17
338.95609425041056,0.8850945489122924,2.135131479765244,1.8326814326275918,336.5821363306015,0.8847858820731129,0.0003086623300720881,4.5091075739870876e-09,True,7.180976015094542e-17
310.13510024811404,1.1830051567012645,1.2215324603005315,0.47397580612572304,309.71939411683167,1.1829736671306317,3.148954057132703e-05,3.006145831891133e-11,True,2.4766286139042326e-17
354.4807576778702,1.494563305030217,3.7760221320326575,1.11901285799183,357.6650971851536,1.4909462071768274,0.003616689622395223,4.0823099438396364e-07,True,9.659064429653796e-18
316.1087073813605,1.2002722684534453,2.899997269814219,0.865837037487629,314.62357367497265,1.2001598585536075,0.00011240951064459112,3.8919324127242225e-10,True,3.305196083306679e-17
308.77141111828956,1.4830031646059783,3.434791247711435,0.3016558781662865,307.9047833406091,1.482907512824598,9.565156262750452e-05,2.1875262806422712e-10,True,8.484166191305114e-18
305.59659325859246,1.0946357515364862,7.61039933613234,0.6197524410888612,304.49480005850796,1.0945180409110882,0.00011771018627162955,4.3912636602626986e-10,True,8.24308656197438e-17
301.1213769532907,1.3275162742786317,2.540711917925113,1.462464300959685,301.12180922378553,1.327480525301247,3.574894472054218e-05,3.266429719743523e-11,True,2.927520500991454e-17
330.1490077272556,1.5381231264405422,7.839016933350997,0.4460116307291784,324.55438298175756,1.5372906001026931,0.0008325086681761186,1.7669672775597884e-08,True,2.062531381808617e-17
320.08182251886956,1.4865187777731799,7.320160178221547,0.398667375776205,316.22085306695453,1.4861204378868869,0.00039833590119329543,3.985099654795843e-09,True,8.018287530389955e-18
331.928457251191,1.4406781490447562,7.213225931272091,0.5239267308608585,326.3895232569217,1.4398565682359783,0.0008215622438202711,1.8564957532035278e-08,True,1.7359861918210476e-17
351.9070736754774,1.3203067843117606,4.146139727213195,0.9270086406789817,350.6288370032626,1.318042491691995,0.002264117657502632,1.7496226280869608e-07,True,2.017138156650621e-16
300.64121273370256,1.2223373615801918,4.179681257272584,1.5317315867053487,300.6972853253792,1.2222851608402852,5.2200664479011895e-05,7.542759030145028e-11,True,1.6205763487186e-17
341.1374877766107,1.9108078284349979,4.926439239081794,0.24595315316260585,339.0595958175691,1.9089869817399767,0.0018207730147171068,7.368030388420439e-08,True,3.5065141319119353e-17
350.43545824437416,1.6302203495505851,3.807538265162847,1.6376323533516117,351.2674312276659,1.627546471975595,0.002673679370310206,1.982046799268281e-07,True,1.1245937216341469e-17
316.3598235214839,0.9615029889878998,4.660053862923803,1.3987571061162831,313.95714338628494,0.9613657303176253,0.00013725794879617816,7.21478337231702e-10,True,8.636941899041412e-18
321.3957901382046,0.9301538943648625,7.729807729173736,0.069774662932411,316.64481742244106,0.9298818421953589,0.0002720491912087983,2.978294915762438e-09,True,9.433405864997059e-18
335.51748158597024,1.679672535390543,3.437651062530994,0.9137375585747679,333.0901455544607,1.6789333290057258,0.0007391930093134417,1.3375503978256614e-08,True,4.3008258998704486e-17
339.2307457566281,1.1539591828006102,7.7641521499823165,0.4380076864594057,331.96512938795905,1.1529003905912498,0.0010587524923919864,3.9716968378685184e-08,True,4.499619754397115e-18
339.37470906943963,1.6028039105331642,5.012388491831696,1.788191670585748,335.81915920085277,1.6015596949000728,0.001244175321842384,4.031124888785934e-08,True,5.269179795484909e-17
328.3360190027543,1.419528127193848,5.57812821477858,0.8821782823424847,324.2272809227693,1.4189944296769303,0.0005336896647575838,7.852159977104596e-09,True,2.060372296206389e-17
330.26601636459014,1.917589549153531,7.566850100783188,0.10665406813439471,325.51015261603715,1.9165142599016207,0.001075265478604083,2.3773306324995897e-08,True,1.0289141984852847e-17
327.84798283757084,1.9721591220317072,7.529260208486488,1.0274308874924378,323.3657814553392,1.9712206661068008,0.0009384385339209601,1.7390985622198003e-08,True,2.7562805310458448e-17
301.46835259696365,1.7126666550532172,4.914007151384001,1.8181784870682707,301.4734572539675,1.7125747122507964,9.194263455159883e-05,1.6786938656102592e-10,True,2.485736063832187e-17
335.3324745469663,0.9325685020803526,2.428223751258379,1.8588230062517512,332.8025937812595,0.9322843832438864,0.0002841152835190115,3.552947216498072e-09,True,2.2327470713856815e-17
328.48111517027513,1.7122575308914258,7.256451563107307,0.38559596566088594,323.70028470403736,1.711452400939075,0.0008051151805461904,1.4771804680863437e-08,True,8.131099037983678e-18
316.5478242982122,1.0454239520652244,6.865875644899248,1.1284131616000783,313.2448728968349,1.0452161876542043,0.00020776289719370755,1.5138262761498416e-09,True,1.9330467424130366e-17
307.8639943276671,1.8716702963960181,2.984353978978582,1.8651773878229565,307.25513744569935,1.8715708888050944,9.940740449175669e-05,1.8643210298383643e-10,True,3.876595639730755e-17
318.2289236171669,1.9391823236723353,7.5680755195490566,0.9292397487741302,314.932680799411,1.9386967496429177,0.0004855695253124514,4.504105421555684e-09,True,3.351328223723495e-17
335.35434807843916,0.9510962831962576,2.14179155183645,0.7602302903590975,333.1306603122738,0.9508347104944065,0.0002615697439046026,2.9579464431133233e-09,True,3.517936086014621e-17
301.70790350883846,0.90816657387124,0.6693607206159953,0.6010658242202275,301.6819083593116,0.9081598124659377,6.761403587961757e-06,1.714338260449403e-12,True,2.9208455563229885e-17
335.40851726386376,1.810845739953637,3.750940215149763,0.5160671380519388,332.97818243064455,1.8099830444080087,0.0008626786572288988,1.6888399325188743e-08,True,3.40976768624169e-17
330.302572938333,1.880714103896205,1.5943970417244366,1.2093758968116552,329.2682745954555,1.8804216860473018,0.00029241601883004135,1.8300730377240191e-09,True,9.36404504495442e-17
352.3121697116984,1.148178801951877,2.6119187184177592,1.7099554756322761,350.89223239219393,1.1469166265618935,0.0012621128313215857,6.255866186011999e-08,True,2.9391087918081646e-17
300.27237220085266,1.084931190754715,4.11577968596726,1.932415524118974,300.3634828109991,1.084886865751842,4.432494173697598e-05,6.113603770195653e-11,True,1.8825898814649306e-17
307.39595169132156,1.3418428563392573,2.4150883062551523,0.5643514943172674,306.8582318072439,1.3417870496749744,5.5806582534939354e-05,8.174799209147605e-11,True,4.18984794671233e-17
340.10815442950354,1.6685841415794396,5.4348112240496596,1.3344693070242695,336.5291789778844,1.667109154498606,0.00147493245106299,5.4629770389209905e-08,True,2.0457411034869103e-17
345.8674898956917,0.8473713330368289,3.456151249141695,0.09719525576524128,341.87095813990413,0.846686470924698,0.0006848382654260455,2.3846704904138966e-08,True,2.049253095652851e-17
322.9349067061728,0.9040978712058663,2.168726081205596,1.990877939304012,321.2617483224692,0.9039920610069861,0.00010580972262649833,4.762536987789359e-10,True,3.839209171692089e-17
316.63201811000454,1.5256285585447111,5.504065263596147,1.9158813985448484,314.1066715877534,1.5253682629682805,0.000260293939663899,1.6367667782172652e-09,True,1.942066581164391e-17
305.9875207775389,1.0376793300784737,7.900828847205738,1.9266474644247702,304.7427106229088,1.037561041474579,0.0001182881353500527,4.685446159789547e-10,True,1.0259779408629739e-17
345.6377205882592,1.5236301629786726,4.907740195168972,0.30966255341871934,342.9474331476113,1.5217521960085159,0.0018778666549778406,1.0031517899079297e-07,True,3.4362588603781526e-17
331.12750515524425,1.7043148747799195,7.946380131405046,0.5529682428154021,325.6721013626991,1.7032992215588187,0.0010156293347738233,2.3886327122625894e-08,True,2.4975660044057752e-17
321.4995604664212,0.8312076387727492,4.681852133710724,0.7314644795992163,318.2888095879991,0.8310403446343485,0.0001672928657995114,1.2726010324755152e-09,True,2.7444533778872037e-17
328.79399499232926,1.289051751351916,3.2865055961035443,0.921432219624639,326.1451242418922,1.2887226725287422,0.0003290754999559924,3.323217769258344e-09,True,1.4916439531823167e-17
333.0872520048132,1.9980156254918044,2.8789284133749846,0.3132673376293647,331.39244426058565,1.9973625891934603,0.0006530276044369876,8.69390722366546e-09,True,3.337208206998226e-17
309.8666440552531,1.3245571455219918,3.6169072403705025,0.23520910154116537,308.7967570669991,1.3244603382475666,9.68070221302319e-05,2.5229482415802914e-10,True,3.731064259670203e-17
332.8029613045942,1.9973704075744223,3.2639639653439376,1.4599722212406425,330.85975372844706,1.9966578783960207,0.000712518854841293,1.03235601855726e-08,True,3.6348843279557185e-17
331.1946406625109,0.9379449783529702,4.120754758229126,1.358994149285508,327.3513420248195,0.9376170573597636,0.0003279164267376019,4.566469010922426e-09,True,1.88155015084955e-17
342.2415224992176,0.82935685683486,7.802765659983319,0.14872835361685022,333.63609974882615,0.8284964770534646,0.000860342953720899,3.682767453564314e-08,True,4.043695366076103e-18
357.1614921560884,0.8353919802752025,6.608328945209172,0.6399576309434981,350.34074621224414,0.8331521652758858,0.0022395445553841267,2.7044393269714184e-07,True,3.241640903037438e-17
328.8788171935599,1.3004168110234633,6.557513504177229,1.8392130445483057,323.90663853379885,1.2998556420534184,0.0005611595104340459,9.459610873357614e-09,True,1.1397051920419574e-17
353.04112264140497,1.2227329094836155,6.812113288875854,0.793552477303994,349.4029071657692,1.219549708672451,0.003182829355863204,3.7145530124979687e-07,True,1.0617382746421187e-17
351.7921746118483,1.4695790790999275,2.7215133570259677,0.4990600462213777,351.8907255088778,1.4677861697148404,0.0017928102691804298,9.911590645977899e-08,True,1.522874199725113e-16
356.14538944408855,1.3896666549402656,2.915780461430509,0.1974196788009165,358.10703619839313,1.3869972794040994,0.002669136037874935,2.3949829119752225e-07,True,3.2304546319987774e-17
347.00466303614184,1.6343001999211868,7.668101278507579,0.7379811915763174,343.99848214971786,1.6309286055599133,0.0033712910549705153,3.0330630331028867e-07,True,3.6801550252333437e-17
321.03266574967415,1.4159666030487936,4.575431226225482,0.20668922560148112,318.30215913232666,1.4156878062110747,0.0002787947628264824,2.0748925548570094e-09,True,2.844168324839371e-17
359.9466816444,0.9828141833733227,4.165164721452393,1.4402235045394776,359.2451998085622,0.9799271988919287,0.0028865858757246184,3.986056692921417e-07,True,2.7817576114542346e-17
339.265375753028,1.5398602780722248,2.421281206598586,0.7707479724697534,337.53816162956457,1.539209935151883,0.0006503313556970759,1.1564644503689967e-08,True,6.058936430318327e-17
319.06050441143884,1.9653095450467692,5.4443327292259225,0.12385854340139078,316.4924465161511,1.9649094340348237,0.00040010796605793387,3.0458877173791683e-09,True,1.658664326789395e-17
335.91155034146345,1.2809009865103425,6.560185756833077,1.53634106391356,330.2189013098065,1.2800240422056046,0.0008769199985974126,2.4306140444346944e-08,True,3.836451418164505e-18
326.3905499982344,1.2097627169708662,4.879016640019,1.0753722821398122,322.72693495778185,1.2094070480704489,0.0003556648438825197,4.056534731270987e-09,True,3.0716552096283275e-17
315.4378858474196,1.872732930244912,2.0614972468569492,1.5983552896423492,314.54576419367737,1.8726090140267708,0.00012391591517130318,3.0296994278453627e-10,True,1.9347016433605195e-17
318.0530128390851,1.540700082876558,6.398142844447876,0.1046330653920502,314.96098114418106,1.5403731875373186,0.00032689276958825636,2.569651140657858e-09,True,1.1445161144697217e-17
339.1508175276587,1.886796558017773,2.6557796266713107,1.7624802104789494,337.8588344218229,1.8859031326344513,0.0008934075399885168,1.784333294560745e-08,True,9.431071955561607e-17
317.0865270892677,1.5566889133936683,1.3499939796404576,0.15572607745781536,316.38071709614115,1.5566109991952353,7.791405273292915e-05,1.4570001592975937e-10,True,9.154624449080576e-17
316.0459041531477,0.8582427546867963,4.6919520646508674,1.2515483955383129,313.6308356477203,0.8581225528246769,0.00012020124347664473,6.186427817901929e-10,True,1.1844671524704337e-17
335.28495302953405,1.353552226765283,7.288270619915884,0.9797162263845275,329.2262468131972,1.3525936484389023,0.0009585509930310738,2.7333349785500126e-08,True,9.435235595715847e-18
335.8925852424063,1.6924118655234484,4.217763236751299,1.6851944950374786,332.9322034432544,1.6915082348085706,0.0009036108929274009,1.9821950453284945e-08,True,2.309350672077078e-17
332.93937817813213,1.771876678077302,7.419488195143646,1.2170442862558692,327.86652885125244,1.7707189973449267,0.0011576505089309047,3.022344450479519e-08,True,1.710703224685235e-17
355.56162511157635,1.093651864995985,3.5917354271108377,1.3692214116031889,354.11879340094134,1.0916280353008752,0.002023658054567128,1.7164054284343324e-07,True,8.357953012878283e-17
358.3392691560184,1.2273823345969403,1.989841580049873,0.971739905991951,359.2291071683852,1.2256589460771852,0.0017232749549094678,1.1356484560616262e-07,True,3.32258468412684e-16
329.32266132330295,1.319114324949425,5.828251578300345,0.8627807867514183,324.8188506229745,1.3185728969370767,0.0005414192861866546,8.726161630535159e-09,True,1.2533580930289469e-17
300.5039728457497,1.7578097391572993,2.4370205700733356,1.3599841017899204,300.59389024434347,1.7577663583818204,4.338073928091819e-05,3.619798752288448e-11,True,2.008851115298133e-17
346.6183943934601,1.9297661648035327,2.0794682379863385,0.055404791315869686,346.94143875231697,1.928455172714213,0.001310952724994647,3.936432522745946e-08,True,6.995474738472936e-17
325.14343913676544,1.8191561901082873,1.8389993286196284,0.9276732109679455,323.9709837518064,1.8189349111861082,0.00022127787067861151,1.0515004053017776e-09,True,7.869123264480404e-17
336.9967259387696,1.2753733905319857,7.77582040254531,1.3543193841552945,330.23174738778926,1.2743376083192188,0.0010357481506978918,3.4062069140104824e-08,True,2.231202705416032e-17
316.29953679650936,1.58597970057167,3.1202401996295044,1.9207762824502386,314.82131610987136,1.5858173747717799,0.00016232518494181685,6.14948117073451e-10,True,7.736466083246952e-17
359.24384817121677,1.258320155163506,2.276186353370126,1.2662825238846436,361.1062929546602,1.2560578706571592,0.002262091885543901,1.9262080287341314e-07,True,1.1089795259262432e-16
346.92650661637487,1.3875537915225298,3.4827611470004687,1.2985455564446942,344.88500574606456,1.3861739617471693,0.001379769733952574,6.004140783991045e-08,True,3.369761709253139e-17
329.1565640861317,0.8880395965483318,7.503788457652264,1.6234076203131282,322.95347684113307,0.8876312448750902,0.00040834437804656746,7.295194917158825e-09,True,1.650403193515738e-17
345.328926865154,1.2088074410668672,7.019700923861898,0.8431579832482852,338.96910176585027,1.2071768189275478,0.0016305287428537288,9.339646553803681e-08,True,2.2511009032921335e-17
330.0255367881189,1.0012654381868251,7.1589771491705765,1.7481750712709496,324.0655362769541,1.0007881371993348,0.0004772920910101859,8.896480193614586e-09,True,9.875018874874871e-18
345.5100661573109,1.8517734586486474,2.9372291933144052,1.2119967870197734,345.2627494311071,1.8501812231255383,0.0015921755096024426,6.0013506663964e-08,True,3.106721307010029e-16
349.67656216409245,1.4482456588950625,7.1825666148185645,1.5706212248781573,346.60029889510236,1.4449272380613496,0.003318084819792206,3.3601392053625056e-07,True,2.4828232398430503e-17
302.99141236960156,1.5677736252419106,6.083327308611432,1.1592672802488613,302.6780720656725,1.567658107559593,0.00011551739052176985,2.917956378304586e-10,True,2.261357627118693e-17
317.5510458039149,1.3421194395482474,6.872347843541986,1.9528489476306126,314.2309634604952,1.3418307127874978,0.0002887244697108758,2.291038903381005e-09,True,2.1483735491474767e-17
348.24905344375566,0.8524972990955487,1.9425433881191583,1.1486327593885888,346.08989632047127,0.8519854268886212,0.0005118586814551055,1.3525472295527585e-08,True,5.550327888756102e-17
303.389924227747,1.5039322187281572,2.331029347570917,1.7641577057236368,303.21490351130575,1.503887767908123,4.4450774837640856e-05,4.5196597555238585e-11,True,4.849702874133658e-17
313.36135171872706,0.8416698758482024,7.572027578484093,0.5942368256881729,310.38702073326186,0.8415232720345734,0.00014660289384120905,9.19787722831953e-10,True,4.416904751470898e-18
316.7623969010503,0.8373275932133493,2.5857856198976794,1.4569248945139368,315.26919586631044,0.8372540203455814,7.35726278439505e-05,2.399238842812568e-10,True,1.7392484237304902e-17
302.1272604755575,1.7802822477123108,2.404777974783036,1.7999119853119157,302.08012895334286,1.7802329753842108,4.927228153555613e-05,4.6564524649666845e-11,True,3.354473734368289e-17
309.50113711385217,1.1912572710658493,7.106665216115548,0.37883920540164984,307.6407965058911,1.191101735116611,0.0001555352303438838,7.188942757598686e-10,True,1.0375931254902832e-17
323.75439723224736,1.357262865849676,4.045860463730916,0.9990216487413331,321.0100767180308,1.3569721598036562,0.0002907036546534871,2.3913663081291678e-09,True,9.855367289951388e-18
337.49314637963124,1.7485794111518833,0.6930249044459045,1.7209979052372242,337.0795144694175,1.7483745330454699,0.0002048770984270294,1.0079864070450655e-09,True,7.487783843025428e-17
315.1207182005068,1.6977630409310034,6.144980256091701,1.550833650370842,312.6834334681684,1.697474285504698,0.00028875363198378143,1.794321645566827e-09,True,1.321161016432754e-17
309.902355679672,1.6037418873888956,1.0855923187023404,0.33679038959937796,309.5737359721003,1.6037043970272948,3.749033019783312e-05,3.1402907268126764e-11,True,6.296092549875512e-17
325.271590804475,0.8908805555015431,2.5301561688879683,1.4025380887799497,323.1657262599823,0.8907401692348416,0.00014038540643052224,8.602709782740688e-10,True,2.1069878825436374e-17
339.5247172720092,1.3118768831969538,1.3866962674923653,0.13813170934682634,338.354169063015,1.3115412828145194,0.00033559675267845474,3.6297557751276158e-09,True,1.338854256774149e-16
346.66272560960186,1.266791177573076,6.516415184482975,1.8442079690277802,341.30415327579937,1.2649339261776977,0.001857134354581252,1.170407970246323e-07,True,1.328013748403721e-16
354.53779169083435,1.130883098561193,2.315145243505257,1.2699908923663,353.68536542551203,1.129569278039301,0.0013137507603987548,6.976149331052512e-08,True,2.3399896992018744e-17
340.03694103724337,1.9460103611100217,7.8145053608980355,0.933298689210793,336.01271742505133,1.9436244960314455,0.0023857428149407843,1.2226363561379318e-07,True,2.732357371541407e-17
321.7809561492721,1.5032429509160763,6.260860686318167,0.5345415698972631,318.1531323760558,1.5028426014621064,0.0004003454271065121,4.026863504622569e-09,True,1.619141775579665e-17
328.4016153460739,1.2181377919699554,4.603354008351713,0.13395160438326872,324.7363917795299,1.217745260217955,0.00039252678794723706,4.9640531321988526e-09,True,2.5527901510928248e-18
334.28693508645415,1.155398529245185,6.544025696255254,0.22907296296968566,328.47910207124596,1.1547023951955726,0.000696117233789769,1.6815822462068357e-08,True,1.8032437055363942e-17
308.4295504270183,0.8430556672475528,2.3038797039775494,0.22107878324363867,307.76284970131155,0.8430196184692131,3.604872373443693e-05,5.4605171826912345e-11,True,2.8151849128299084e-17
321.87166973262646,1.231189776093346,3.226792451695566,0.3143993677883404,319.7212934538269,1.2309991137551184,0.00019066121283948772,1.1253880908588062e-09,True,2.295589780146243e-17
354.06412835976334,1.5358202827766112,3.4867992236424126,0.36992304182550295,356.8898297369087,1.5325462547402764,0.003273703832354673,3.242039799947306e-07,True,4.145083761456376e-17
331.55961566390886,0.9475302996629076,2.3354326129515104,0.8718920763770208,329.2879315441679,0.9473142124283549,0.00021608525062351752,1.983929201954542e-09,True,1.729536675350618e-17
330.5045270045084,0.9176647295940952,6.005145091278529,0.39055877401045286,325.1983548084521,0.9172655984393294,0.00039912432320344447,6.831562343151136e-09,True,8.282148094087716e-18
319.04401530513405,0.8073164935407121,1.3369824359983087,1.391644393526879,318.1297110171654,0.8072706528804109,4.584056202966592e-05,9.82714781958764e-11,True,5.822699692130536e-17
343.7319159623939,1.510444955789018,3.643487215738338,1.3847576138347484,341.47132409922006,1.509192027774303,0.0012528833301043787,4.468461063248499e-08,True,2.862891264123531e-17
302.69680952132205,1.331234268950285,3.3111083452315944,1.390296039936427,302.5140368769041,1.3311816207039617,5.264817502219418e-05,7.130111606851463e-11,True,3.275281458352306e-17
301.39963430917857,1.6304889469579928,6.579595159116555,1.3658608200168416,301.40343328739795,1.630372453421778,0.00011649325327062024,2.82944232805404e-10,True,1.107453309336411e-17
351.76637836076134,1.2010882537628207,0.6335767154789714,1.2373938318151072,351.5006955716201,1.2007551096594749,0.0003331399279826713,4.1753632730001285e-09,True,1.7264049599785953e-16
333.34998734285693,1.53601599069682,7.17401492804954,1.6642345520894959,327.91215364317014,1.5350423723373663,0.0009735936942724032,2.466518121527234e-08,True,1.9239313935124777e-17
321.82142586810227,1.3675348755795294,1.096123785991804,1.5943313126017646,321.07822610467554,1.36745509633459,7.977906614625207e-05,1.7879319188051264e-10,True,4.2375164520724894e-17
343.5276500213636,1.7814537267186452,7.712580909817051,1.9516299840322537,339.8233175439126,1.7786564537738179,0.002797085572727996,1.8737209910895343e-07,True,3.1516110625625545e-17
323.8972762472492,1.9320664000156287,7.332947833271443,0.7898983412472973,319.86666450596744,1.9313790013858911,0.000687389298312609,9.331425121052358e-09,True,2.5704644691354777e-17
314.3850237639623,1.5830941139129242,6.133394866248944,1.6743252870837164,312.015419998096,1.5828393746490128,0.00025473777245691684,1.491454290337442e-09,True,3.275138792097575e-17
340.93606219712217,0.8440270882209788,6.978151911757292,0.46390006284835694,333.32506050402463,0.8432608622505308,0.0007661973215305736,2.864891746946216e-08,True,1.1339242439600089e-17
349.43777233820964,1.5040204322220525,5.66221953083485,0.36833290446876926,347.8938875346928,1.501065022167983,0.002955151837371909,2.5821669759802837e-07,True,1.765805748273854e-17
346.1931619338838,0.8765982780482129,7.468135160540196,1.1149917979336486,337.7778764892004,0.8754384970418168,0.0011597162616884015,6.47447078105686e-08,True,1.661856921289363e-17
352.42512816985175,1.0225353456527237,0.6859785924425025,1.1565277282103124,351.96514295257083,1.022219132621403,0.00031620860258422986,4.428736564148606e-09,True,8.270124945204824e-18
340.28401671275844,1.0357159234420796,7.680520562698237,0.05055536153511571,332.6474577412115,1.034729366194249,0.0009865186842486192,3.856358215061947e-08,True,9.69877558080494e-18
338.3664465253458,0.9029051912350698,1.039250083918758,1.111531524736902,337.21683130394626,0.9027450514730637,0.00016013856844211867,1.1935639827243265e-09,True,2.6586904153571758e-17
327.09390576793396,1.6403024671522495,3.925332257961299,1.6748394371052242,324.40022307551664,1.6398628315866313,0.0004396309504357681,4.615182325412813e-09,True,3.101805201291222e-17
317.15168995075135,1.1102528308679853,0.6802548454436044,0.6997040967701129,316.7477992873069,1.1102240154928846,2.8815347097693162e-05,2.8002804307748834e-11,True,2.8225236071351554e-16
316.00611382133405,1.5536823844381424,2.0959302410481317,1.144636598576089,314.9943758239779,1.553574096387941,0.00010828777055959697,2.7964171958268085e-10,True,2.596455273546651e-16
329.9439498494149,1.99623991734893,6.727622970391855,1.7897090263583737,325.8435031159037,1.9952198666191594,0.0010200301412323202,2.0588538278289603e-08,True,6.585098154141921e-18
347.9595484535411,1.0934959946881389,2.8609456760324066,0.3248480703134891,345.4796539130151,1.0925670557598892,0.0009289042984482287,3.462980141411765e-08,True,1.6670360129092682e-17
322.50831863910213,1.314255360791077,3.596164036299854,0.9684487813488823,320.12360972945595,1.3140214638448362,0.00023389535585280105,1.590388148878831e-09,True,5.4545555881418626e-17
336.44303157290665,1.35105522980489,2.729649603914305,0.5489153546929466,334.1083710442818,1.3505480602125104,0.000507161721933289,7.870446171871686e-09,True,2.2684103847560354e-17
306.7302764541302,1.7537450389158016,6.7586885938991195,1.9590217096716567,305.68153380642735,1.7535600018256825,0.00018503640761048925,6.82508562845314e-10,True,1.0813465133477846e-17
324.46256975355845,0.9986173964272853,7.457307530568668,0.682597661646256,319.2967918382474,0.9982714984943627,0.00034589337687502354,4.556047686705986e-09,True,1.6690617648901252e-17
321.60927322727224,1.0399797622348403,6.704252605589455,0.18780786878718447,317.4159377871481,1.039699629376797,0.0002801300206763644,2.837366924215043e-09,True,4.795746575837557e-18
353.28675615021746,1.565032426333833,4.351944092242649,0.9458656139147649,357.6052484400606,1.560684587604086,0.004347275416870691,5.633128764723313e-07,True,4.18645547974564e-17
342.89479419380586,1.2355350519584616,7.102113712749415,1.809725978868543,336.4346993397875,1.2341174625111766,0.0014175213172384227,6.813004657406055e-08,True,4.906802177620291e-18
322.10714379491424,1.7791720775602515,3.5622123929615945,0.43568799953622017,320.04233791508125,1.7788603674717633,0.00031170800299309764,2.0854952559606354e-09,True,5.09231232407545e-17
350.9812780706534,1.8625595798741859,2.069509674950893,0.18020829649406533,352.5559947024443,1.8607571860294996,0.0018023145754572573,7.92692292243763e-08,True,9.80555483474935e-17
314.9331383663291,1.8659802849014457,6.184244153261619,1.4365113696837322,312.5983416770367,1.8656630576866113,0.00031722524548199554,1.969352618901639e-09,True,3.427504618251386e-17
318.3117772135965,1.1924541338647876,6.461228351641193,1.1260639643071764,314.93051931627303,1.1921992454781352,0.00025488636850121935,2.01815110260875e-09,True,1.8773741453297442e-17
357.8398956735787,1.4205451583706843,1.269730465387424,1.648038813530457,358.9692665334452,1.4192916232565354,0.00125348328991271,5.182423603854671e-08,True,1.5222846853268417e-16
352.1147936628868,0.9166430468136684,1.601157306610833,1.8108405983255087,350.67587788796067,0.9160335049098061,0.0006095236554555643,1.8248406738511274e-08,True,3.301372854245231e-17
332.4535715705007,1.291848245631627,3.4357880477038942,1.965388966530856,329.5129623916734,1.2914077929606427,0.00044044661706278405,6.053921498883279e-09,True,1.809463713794664e-17
347.9707946131173,1.290542054573259,7.254194194854179,0.47058329782267283,342.3459774384511,1.2882843381560232,0.002257545685559596,1.707316762880988e-07,True,9.905958912985699e-18
350.32040654730116,1.180752130572925,1.4966404502889978,1.2185648181546258,349.4440278620422,1.1800736260112916,0.0006784871153904536,1.7446242756905688e-08,True,7.406945037021186e-17
326.71454890253807,1.7550885513702985,0.9250196796091482,1.8167496097069062,326.0886051010095,1.7549629424169022,0.00012560859796465623,3.5543156893188747e-10,True,8.766216591726497e-17
312.3784820231802,1.5549373797392017,3.353857805981288,0.37715227083682057,311.16817180288547,1.5548095740215564,0.00012780533745561238,3.8018976252979906e-10,True,3.6775120192350476e-17
321.9280607858892,1.3044442990399672,3.6523325292142776,1.0566227613571624,319.55632029750575,1.3042185248586549,0.00022577269330038727,1.4880118185084397e-09,True,2.885233365565478e-17
324.66029011748446,0.8879270858604038,0.6196816664012333,1.7180761681960994,324.1267282323926,0.887890264045914,3.682175478827027e-05,5.970164864459196e-11,True,1.4653174227500094e-16
317.9444512967996,1.3713310905809302,7.998059510428099,0.2009990809781394,314.13211235200373,1.3709904448036823,0.00034064265788690787,3.119360867514274e-09,True,1.6302720632939945e-17
345.9372845863542,1.6889567112410087,4.248057808293601,1.344887414205889,344.68954743067985,1.6869346694376532,0.002021935959340434,1.0584401498672601e-07,True,1.4675374275605264e-17
349.7950752951463,1.2967490276956246,2.7730472738910437,1.7638832435757268,348.42280696378833,1.2954565370360864,0.0012924332824301703,5.7377107975017286e-08,True,2.6963646924393405e-17
308.5993614104336,1.9504699145745403,4.561235022165473,1.1866376884639214,307.6328202835009,1.950306566039731,0.0001633480505716406,4.842377312059216e-10,True,1.466658069303705e-17
302.0597714178954,1.475985869022117,3.213018441823599,0.5794316911747729,301.9706142802038,1.4759317992674819,5.406968704950859e-05,6.75856753434515e-11,True,6.909606966908546e-18
315.4570055590141,0.8126565977491005,4.969586737131157,1.9492266269904328,312.99437623711646,0.8125420041919365,0.00011459296567315669,5.914908739604269e-10,True,1.048206489030735e-16
308.0544738435865,0.958180196581015,0.5544749834804694,1.222376613797165,307.8953525242028,0.9581702272615942,9.969315743343427e-06,3.677430051683776e-12,True,2.0143676630316797e-15
334.79044138232086,1.719831988104327,0.5146784305021967,1.9427747373369018,334.44579800499145,1.7197073129691673,0.0001246747609609368,3.741986994482608e-10,True,1.324435194901026e-16
301.77929082546103,0.8490599283927889,1.7232029948036565,0.202664684055826,301.70657386642114,0.8490436203805523,1.630800156750582e-05,1.0669093383191138e-11,True,3.7211135976650314e-17
319.5242603976727,0.8873137302762745,0.607490141272786,0.1286326138825618,319.0963570921276,0.8872890674921343,2.4662758111459563e-05,2.602864298719164e-11,True,1.290548569627792e-16
315.0560993356892,1.3623775516355798,6.7761716422368234,1.582674242280052,312.24540827851865,1.3621308473622158,0.0002467026455461585,1.6278177171091748e-09,True,2.720131659496068e-17
349.7239470832401,1.2758028151724217,3.8656801140833186,0.6416620433418918,347.4995468131235,1.274133274748136,0.0016694435322355005,9.689205005266236e-08,True,2.3809252464077057e-16
320.8298647212066,1.6408298548494986,1.7625243980653618,0.23306651045409055,319.7763019041142,1.640690467047763,0.00013938735030114024,4.514345472284609e-10,True,2.609918032120378e-17
317.63748271719504,1.6858547047285408,3.249441615257464,1.5804048463164098,316.02540433924406,1.68565718222247,0.00019752164320929695,8.628616223502036e-10,True,2.9314577574571617e-17
332.3724322479749,1.1486078202342853,3.17309203105981,1.8847718863665477,329.49709125303826,1.1482465510093804,0.00036126464463832186,4.580266637424303e-09,True,3.2319163964481073e-16
339.8492505055072,1.3486659355002686,0.6580375978396984,1.527034301188935,339.32107819655363,1.3484910503368126,0.0001748841999058598,9.63550023089527e-10,True,1.6076833139366232e-16
306.27982990538976,0.8945359794635579,2.3820745949798336,0.667679092036368,305.78653538390466,0.894502419094121,3.35603253938498e-05,4.404306439217573e-11,True,2.160226416888321e-17
329.5486532266631,0.8718394069289108,4.483264833926982,1.5418432143641854,325.49731949540654,0.8715499569334539,0.0002894462077347095,3.787722240480271e-09,True,1.2149095320721383e-16
331.36442512572273,1.746981848289371,6.530693264199351,1.9691809555396447,326.8867145510935,1.746046358246725,0.0009354701380722769,1.9904573841444662e-08,True,5.017194758380369e-18
338.334600225253,1.2039335673124072,6.2565186624827565,0.3267745284125577,332.5814700476148,1.2030035750806745,0.0009299627672572694,2.9464475597540204e-08,True,2.3389541759842216e-17
319.8880892137815,1.337559353822841,5.404325202117434,0.7112674115801348,316.83204775227784,1.3372817938540742,0.00027755781067126986,2.1580953225104035e-09,True,3.524597366166362e-17
319.47202909753736,1.4966314149032587,2.320505186867604,1.8667600674903606,318.12683545326985,1.4964839583309644,0.00014745602377364776,5.485206996542724e-10,True,2.613051195311802e-17
300.3486986443349,1.6451683731314146,1.7797427425644408,1.5404704745306808,300.4193708540551,1.645139166932639,2.9206181265121675e-05,1.7510305813438362e-11,True,1.3437642660150304e-16
345.046415301745,1.6700990123526664,2.038310590605786,1.1386332485588981,344.3690344738357,1.6691590696081509,0.0009399196666196296,2.3077896022329817e-08,True,3.4173669294767997e-17
315.0710327567835,1.9288807678249522,2.785334092592645,0.6868457319154149,313.93051638755765,1.9287165241621553,0.00016424314795779197,5.148391455897643e-10,True,2.7494329726586472e-17
327.30808076418333,1.3283371592389046,1.1876043078171956,1.6150360672121549,326.3594465384108,1.3282126555582257,0.00012450321857048518,4.6210837778838197e-10,True,7.823953932775492e-17
319.22546729742794,1.925107554822309,1.9759598651428036,1.3768714782004354,318.20446441290716,1.9249450711340095,0.00016248317028928029,5.180104687494343e-10,True,6.897818698156039e-17
340.6934314379309,1.6252724664538296,1.8177865727543816,0.2704442045453349,339.6034334927906,1.6246791529191813,0.0005933043163042003,9.218344094612109e-09,True,1.7068254485263575e-17
359.9333840356107,1.145702263896395,3.9286012731128266,0.3005147915890802,363.1892869804315,1.1416839784835275,0.004017610471076063,6.749417914186057e-07,True,1.6665940822302743e-17
312.0504514982948,1.0929598955408124,3.5246608646049102,0.4000842492984737,310.69777622252946,1.0928690102517922,9.088501629495999e-05,2.727252380711523e-10,True,1.3930191173689715e-17
354.1164465647602,1.1010879577876114,2.412180463660195,0.13501187785660568,352.96895392328895,1.0998136070274016,0.0012742835838033457,6.717640645028569e-08,True,1.8438266321767997e-17
306.86436141488423,1.1321800654151288,5.617440892203719,1.2077874590855286,305.77774009638074,1.1320799764745668,0.00010008863105178531,3.095104498041176e-10,True,3.9158505334286374e-17
337.08181063208144,0.891647828289687,7.270442457792817,0.4816050593121794,329.7884603391423,0.8909919065912203,0.0006559022095751655,1.9488891672471377e-08,True,1.4551742832137957e-17
345.06827196088926,1.3500149649485942,6.3001278894187465,1.1625963948251727,340.1176269112871,1.3482480806974402,0.0017667854769418396,9.877421216120005e-08,True,3.186849867091295e-17
342.9027313248789,1.6984830109337765,1.8880605030564972,1.8193674174986603,342.07618232473317,1.697722459127376,0.0007605371238770418,1.4682523496559e-08,True,5.4291882007792454e-17
316.4523161998016,1.816639978013645,3.1683998692269912,1.4314204270504207,315.01920211411823,1.8164482064377228,0.0001917708257116496,7.50210418017828e-10,True,7.972037466614648e-17
326.16240525794683,1.0332496618717364,6.613196650939034,1.1888280196944159,321.230104833922,1.032881889414666,0.0003677674223936436,5.0346766181989524e-09,True,1.0199756827999721e-17
323.07642742762107,0.956419864061128,5.514839521294916,0.6105888457772254,319.22981990976297,0.9561761070611626,0.00024375463868688327,2.361278480842555e-09,True,1.2364312196027826e-17
317.75819606085986,1.5889727996099208,6.714024725718861,1.5104969538695237,314.62006423667884,1.5886284078455637,0.0003443890046229022,2.7597339672819243e-09,True,3.242258647643926e-17
329.4270376638995,1.6469075208001507,5.77706453646595,0.5019486161324493,325.39287379132816,1.6462084347741026,0.0006990743353460385,1.1690702131479723e-08,True,2.0307788144717392e-17
302.396419049017,1.051945041420274,0.9171315918336882,1.8754605989951796,302.34135506407057,1.0519336865354723,1.1354880609309038e-05,4.192279569789114e-12,True,1.7890305018643212e-16
322.54442418383746,1.6045612425194105,2.462976621367454,0.9706655397283042,320.98957666398024,1.6043523337099825,0.00020890776501535454,1.0444126225922554e-09,True,2.4994130629200924e-17
308.224053575053,0.8684093909995467,6.67902260048008,0.4607025375849975,306.6098173137993,0.868311556248442,9.78343634825117e-05,3.876221488001905e-10,True,1.0248931722942745e-17
342.0972920637659,0.9425610089613374,0.5386322423353617,0.5269802470039477,341.51593031572156,0.9424449946802401,0.00011601366743400909,6.136634093550707e-10,True,2.0209911576622243e-16
329.23572156295387,1.1274450313881235,3.3953669320617523,0.16791262560353826,326.33383001325495,1.127143528085887,0.0003015001093301896,3.1929064270468088e-09,True,5.514445806185544e-17
340.05192959715396,1.636940658933716,4.553626365082593,1.8746314093914795,337.01936267940505,1.6356864443282055,0.001254174241755316,4.036375512760406e-08,True,2.622024883043078e-17
330.0796744963467,0.9928904004711622,2.1999433541476106,1.7697022116114907,328.0313790222681,0.9926956416438186,0.00019475730012058742,1.5272229684003642e-09,True,1.6775114283998676e-17
329.98240673723643,1.691723834331329,3.3295700083040844,0.6392309900463272,327.62791317822416,1.6912361764615396,0.0004876522623014593,5.607488223667429e-09,True,7.411088216681747e-17
308.48556191638045,1.4432250626714642,1.6684141970019544,1.3577839609825686,308.05127121123314,1.443179296281007,4.576633895094086e-05,5.150603632676979e-11,True,1.158390723822939e-16
311.3900059628061,1.1043388153443316,1.1748805511238127,0.9102109680874569,310.9301752153896,1.1043076221374104,3.1193175081821895e-05,3.183943943799443e-11,True,4.7909543654715045e-17
301.2044615619498,1.4911855757778014,1.8105410268225863,0.47854084787812257,301.20964313278,1.4911567421187049,2.883364016848205e-05,1.892794615769084e-11,True,8.083707437117074e-17
315.9049602622366,1.3615021086509138,5.429016011361266,1.8712221619623153,313.43550976221985,1.3612848725879605,0.0002172347907328476,1.2722206218992574e-09,True,2.7889363772991295e-17
348.3952221809953,1.205078884131409,1.904201408401158,1.804886224072737,347.1026035411859,1.20432128837381,0.0007575746909515611,2.1066647503558367e-08,True,5.3404707279423206e-17
336.3962257640386,1.3836394118400832,5.040540265962961,0.42807608949273057,332.1637664593844,1.3828032720255568,0.0008361191407475184,2.0673778825049904e-08,True,2.308432480974559e-17
341.06104712921035,0.8079044309148831,7.071482948866374,1.2578212085475675,333.2409139775599,0.807165582271403,0.0007388208267049921,2.7816775104575165e-08,True,7.743212485647534e-18
350.2511422725959,1.3567061498708368,1.9515786613309463,1.1143745313029565,349.5991174772168,1.3556796006948097,0.0010265143875073034,3.478851977132855e-08,True,1.659385316735265e-17
316.4275871123268,1.1678377574001675,2.8914217391722,0.5158784366516791,314.90829664101193,1.1677262309785177,0.00011152602722862788,3.9442124812996575e-10,True,2.7408589741038328e-17
327.7492930540316,0.8935122175064922,4.64533118445473,1.2292642114043268,323.79927776989854,0.8932412176215371,0.0002709966765781741,3.20837687170327e-09,True,2.683376315363547e-17
352.9317944202317,1.344501108861187,2.129982510145477,1.0943260820052825,352.759805446327,1.343144809159018,0.0013562374562857882,6.224588308828391e-08,True,1.5154720203230286e-16
327.9571729933237,1.1368153836518031,3.997976175107978,0.4296269752905343,324.6968000339339,1.1364981509248384,0.00031722925373756463,3.473227137612304e-09,True,1.3380476139483703e-17
317.3156433424263,1.8959928763140121,1.0814068460606547,1.1868931541740553,316.7877842831835,1.8959144064549742,7.846973740403143e-05,1.216338443919737e-10,True,4.270312979385331e-17
333.85723349322257,1.9331531257908663,5.284827618039386,0.4661527383006942,330.5646715099214,1.9320600648966315,0.0010930358280872672,2.5066147698358738e-08,True,3.6942818186818943e-17
346.38428146932335,1.6349218495777347,1.557366770387194,1.6524298625817202,345.9804348637397,1.634140338740343,0.0007814944085949985,1.6428796488822415e-08,True,9.921746754524422e-17
318.2110274238308,1.5979368422312255,7.496762184973789,1.6382742545540436,314.69738090022855,1.5975477733272383,0.00038906539980450056,3.504182712555015e-09,True,1.1407749138090717e-17
314.5334069705546,1.5780121003093033,4.031313145645732,0.3195081021683361,312.86377044500324,1.5778334625506139,0.00017863701906578152,7.396238754055569e-10,True,5.760553732065641e-17
342.2351246205046,1.193849906543365,5.645734127773164,0.730837698956343,336.97680317264565,1.192719328181963,0.0011305333927554549,4.496864637806063e-08,True,2.2570597230282228e-17
304.5726268971169,1.0095330358592651,7.783736294531881,1.1547924120847204,303.67091448303916,1.0094294748719634,0.00010356062072016223,3.6658137790287715e-10,True,1.937964867169005e-17
344.20174144383185,1.3949862613438844,6.532835090014574,0.7341963823314858,339.1373780553043,1.3932147097899343,0.001771455951733698,9.560221638867876e-08,True,3.7230783304365286e-17
332.7234512567242,1.0023773852391311,2.89425470243608,0.6745991856435211,329.928371661259,1.0020807499052866,0.000296631786988804,3.546855584588314e-09,True,3.822579776518503e-17
311.7993669963857,0.9212324551018708,4.175707828139,0.9647936784580955,310.21403962888996,0.921145193081576,8.726172291072064e-05,2.9738404448863647e-10,True,6.611137945256255e-18
315.1493501438118,1.4229721783855132,6.1234032740465345,0.8600127231334189,312.57677618732583,1.422733057505095,0.00023911941328407614,1.4671340169015527e-09,True,2.2912543626246306e-17
328.0680622288841,1.7749005676947556,2.734297554870426,0.6324151048704194,326.2293077291935,1.774521235654193,0.0003793288321987349,3.208363865875038e-09,True,3.99109127658485e-17
324.3793620558313,1.924645369361889,2.612794876121241,1.966732660074254,322.8146943200755,1.9243403071147134,0.0003050603706552947,1.876520262093416e-09,True,3.0330938849335265e-17
344.9371732381413,1.4710538276932401,3.496429513248708,1.87134329386057,342.84229940478747,1.469770608809591,0.0012831704151167805,4.846853235982363e-08,True,5.1950050246153595e-17
301.9032776093058,1.720214364144924,5.942567562247795,1.9137825190372963,301.8294889802187,1.720099219120551,0.00011514476162196124,2.6275085893013246e-10,True,5.117710512798688e-19
303.86252682536036,1.2263015772078052,2.85377758981425,1.3051306838113181,303.5720923396223,1.2262558374876953,4.5739661282438385e-05,5.882757267425112e-11,True,3.70895164184234e-17
338.4998223961347,1.894117818711624,0.844704265943836,0.210193924645878,338.10099104097384,1.8938276905665457,0.0002901262688851272,1.8761933513954356e-09,True,4.715564515943307e-17
323.2260798503558,0.9171871061655081,2.046378146502136,0.1171553012409592,321.6291870059025,0.9170829639246258,0.00010414178513725516,4.5574505563424187e-10,True,2.4540291214130766e-17
302.3022053802429,1.8474803079597595,2.632564458675789,1.0706010480252213,302.241714864795,1.8474235527259337,5.675517422764871e-05,5.959823602411965e-11,True,5.352601066972878e-17
313.24698729855834,1.0122432297971016,1.7332222240595012,1.5971194743751043,312.45697579229164,1.0121955367536237,4.769296150207076e-05,8.197575198295248e-11,True,3.06616611535637e-17
323.9139340025023,1.857202867974037,6.907728451575614,1.703934424063777,320.0084410536726,1.8565736330023623,0.0006292268307506981,8.140924309046041e-09,True,3.380114964916043e-17
311.4855434016845,0.8033903964421525,1.5030976736195074,0.4108624615674793,310.8625398143401,0.803361523000149,2.8873404520173475e-05,3.7483370746598884e-11,True,3.962166408818158e-17
307.81953554889685,1.0187683471881197,3.019158831460308,0.750753551138789,307.06330725238877,1.0187144708909965,5.387619663850001e-05,1.0048467703998152e-10,True,1.733374252315219e-17
320.6720345283371,1.928444995113919,2.2413439152184207,1.0046622456017973,319.456653192861,1.928241708585573,0.00020328571287227484,8.154738535263759e-10,True,2.6283596010214833e-17
310.0019870963387,1.1817757316924324,5.789098789262425,1.6535211354476418,308.33145113144997,1.1816426754113187,0.000133055748467519,5.326462629615295e-10,True,1.76241888186457e-17
318.977781337351,1.4635442758689434,1.9715879092739734,1.0103052335787661,317.8405622236621,1.46342444106235,0.00011983443677095788,3.698224633349466e-10,True,2.944606976386033e-17
333.91384819771156,1.861973788946494,7.756837978156707,0.26943435692691525,328.823865432463,1.8606106009946437,0.0013631478568886964,4.009496153519683e-08,True,4.565606698421445e-17
323.2401546014265,1.6794428052380996,5.552277011453132,1.524472275370592,319.9376894345235,1.6789878824099551,0.0004549181247788783,4.703365496603522e-09,True,2.7734177464145864e-17
303.18160719854745,0.8664853217204553,5.5404094542270315,1.9707966493325335,302.7194470123907,0.8664269687496569,5.835283604344643e-05,1.3475510563996448e-10,True,1.800622113603807e-17
346.4872691299323,1.3888020309077387,0.7274167960753009,1.8863573542105068,346.1086496059579,1.3884892673958902,0.0003127604130081186,3.0988403661375875e-09,True,5.112590216174026e-17
331.96285978660956,1.2760333198436953,7.24630457635591,1.7732879586496466,326.1015161879218,1.2753175904392546,0.0007157135231633813,1.5881277285518912e-08,True,4.6441209860864815e-18
318.1160983920176,1.3645587479099288,3.2191033871190915,1.5166624871270697,316.3541073260002,1.3643962389109305,0.00016250827597826944,7.230198787551433e-10,True,4.119756054223403e-17
348.8064887898568,1.9270611725333016,4.859459404251743,1.0052909028592414,355.44302385883304,1.9218273501084615,0.0052331662789113316,6.561459287015036e-07,True,8.977844689443436e-18
310.06672085509786,1.531329250306531,5.825646707659939,0.9963177512044278,308.492894376392,1.5311534320154885,0.0001758175725753812,7.18467212746909e-10,True,1.529018631403368e-16
304.7236296521949,1.7237247408793834,2.3299237373082735,1.7352318613978672,304.46274299882094,1.723668142163405,5.659865152441132e-05,6.445422910125696e-11,True,1.0060533936231658e-16
346.3306657748819,1.7570557530038453,6.6672064577794785,1.9582652249150718,344.9397011638179,1.7537018938149398,0.003353578739760195,2.804491452245652e-07,True,1.634545616993363e-17
326.9995087721018,1.615562769135459,2.4668342497056885,0.10861701932733678,325.2613004742748,1.6152726987415231,0.00029006834416835824,2.0497676466593096e-09,True,3.66103946914322e-17
320.5773697214649,1.4815109506544704,0.5844436940975235,0.4428600308668019,320.20585501006985,1.4814678243962291,4.312621026126707e-05,4.797995664041258e-11,True,9.85260249484667e-17
343.3507675126762,1.1746449659749756,5.526108402067796,0.46731942473924126,338.1778561981557,1.1734626978577005,0.0011822178180939885,5.0299180965346745e-08,True,2.5346721664845316e-17
335.26539419464035,1.5861083717114348,2.8644962010501533,0.7400080894613653,333.1214950924026,1.585525394981241,0.0005829679193702726,8.810823695751166e-09,True,1.8116979611158936e-17
329.72377650617943,1.0754473879317838,5.847539362206774,1.785262888617835,324.8445924358571,1.0750036671913576,0.00044371355058735147,7.1898387092225345e-09,True,2.4225130337972802e-17
334.21004666345317,0.950610189762079,6.6739158404938275,0.5291503396105923,327.9224168248171,0.9500491973286873,0.0005609792015357211,1.3231856068492667e-08,True,1.609108885409356e-17
347.77689449524905,1.0233729341174345,3.1584534960566115,0.9665967061497549,344.7478073452235,1.0224582183320765,0.0009146800379218211,3.5747436204117115e-08,True,2.2911598059483146e-17
344.8678159968015,1.370415991860885,2.230319580719348,0.4963233190335707,343.37834524263775,1.3696255756921827,0.000790396380218432,1.978848357318265e-08,True,1.0314168361670201e-16
348.1428018710942,1.6960166088743627,2.5143570070476886,1.1019533642756683,348.10777399197946,1.6945145033481843,0.0015020463719138339,5.9154264367799175e-08,True,6.072213472388524e-17
333.57436392175316,1.511340173088367,4.924765892988632,1.3014227777857852,329.7340889171386,1.5105898438748746,0.0007503141755762792,1.5037916321841545e-08,True,2.1989511560847662e-17
335.9716036034281,0.9921650771285294,2.1974353439936913,1.8012979630541135,333.71599240418516,0.9918733615146742,0.00029171207593165703,3.537923435333386e-09,True,5.676956772067252e-17
348.7100801729173,1.937349899596925,2.0067108300690597,0.4347052168872761,349.661700207429,1.9358365877872756,0.0015132588488075756,5.296084142695121e-08,True,1.626282393835394e-16
320.47129142116006,1.0512224083514856,1.3094305149333656,0.3641607046421771,319.5647908659605,1.0511571275711784,6.52806259473793e-05,1.5435998484822087e-10,True,1.1876863106719865e-16
312.9790031291193,1.1885127600858933,7.371903907032997,0.4800065139108509,310.31250669329546,1.1883124280154596,0.00020033085471950115,1.2157143773719188e-09,True,1.245092559420496e-17
324.45076884682874,1.87315698267965,7.889424617761811,0.5073351135105626,320.011589736836,1.8724320107319206,0.0007249612324432668,1.0715286045300092e-08,True,6.881409850386079e-18
313.9334926245406,1.9380536682849872,1.8633033859945085,1.566074099506253,313.21019379418226,1.9379494137498516,0.00010425432959522125,2.0554045650072605e-10,True,8.756462803945668e-17
350.7501754089753,1.7422410917526845,1.14846951890042,0.11946900534246115,351.1906062361257,1.741382349271839,0.0008587233798545601,1.9100991030921574e-08,True,1.1009689879501954e-16
320.75674933623566,0.8970787534586414,3.2795720384588476,1.5913598858326339,318.5155874443136,0.8969500407291916,0.0001287120305531932,6.988964971311664e-10,True,3.9217433895394034e-17
326.0395046335719,1.7479359290033334,4.487743479726253,0.9639015969536556,323.1564983566018,1.747447773188679,0.00048815051283824395,5.30181603976737e-09,True,2.1372742926133554e-17
307.77024819044345,1.6422018519707913,2.0505665030944065,0.19557647677454665,307.31754442449,1.6421416110699893,6.024082274122356e-05,7.806081155772505e-11,True,5.5263617896549936e-17
320.051459570362,1.965160068847274,3.748997684043359,1.6028605158032663,318.14204932279233,1.964846910631519,0.0003131563313511555,1.8844038522049366e-09,True,1.894917365466889e-17
300.9449273343839,1.847605981649726,5.430634878435823,1.1442047284533257,301.06429175015785,1.8475001633132213,0.00010581813094123487,2.055632383182031e-10,True,1.9987316916509246e-17
341.22491558334144,1.3901363633308117,6.583839834925245,0.3078598448828966,335.7802637443411,1.3887230725659154,0.0014132307953149004,5.996958157506961e-08,True,6.452260396503913e-17
332.4095964388133,1.2982966026104394,5.076283309133895,0.20655501198615128,328.16446205830374,1.2977034199307638,0.0005931718343126745,1.0845363017962793e-08,True,8.090204780028083e-18
313.1086920980206,1.6143018865236751,4.479265979740146,0.6587256317078415,311.4707388875338,1.614120305288825,0.0001815804942256669,7.406243317309534e-10,True,3.5648021591749085e-18
304.8767494749396,1.9904150480465457,3.0363826392115176,1.4797710185007427,304.5660408244628,1.9903291318624075,8.591605542986721e-05,1.287086607383695e-10,True,1.0078931889620364e-16
352.8373024786324,1.239156322101091,6.122484095069165,1.1694664289634984,349.9062590235187,1.2361615434867215,0.0029944534439319825,3.251704377036615e-07,True,1.6383851407186945e-17
338.40037209228194,1.8424028728988986,4.755539506864142,0.8838445805441075,335.6320164971003,1.8410633850849976,0.0013394472112755922,4.0602625446558224e-08,True,1.8283071263914986e-17
315.5204458108817,0.8622688746227992,6.634165950976269,0.46945323098061986,312.4116754163888,0.8621139531271668,0.000154920480377331,1.0152549922682761e-09,True,2.0714747426021913e-17
344.00436647017585,1.3146438745317734,6.87483519652746,0.13853476616774762,338.19219090781957,1.3129965516409592,0.0016472356096903275,8.728112382002584e-08,True,5.2726629905939337e-17
355.3880568382619,1.106036264524351,7.472210092749583,1.982901670008989,350.7801831542324,1.1025895902404708,0.0034461893426198337,4.849412605513418e-07,True,1.206798488772951e-17
310.69278687692554,1.4321266881165822,2.845530637092242,1.1524253367344202,309.77384004885977,1.4320374950451873,8.919287209498673e-05,1.992999337473379e-10,True,1.5555998967087295e-17
335.65409185683353,1.7150025454365743,5.639927597674797,0.4164355578792292,331.6974906899082,1.7138807175703337,0.0011217979168407894,2.994939979292019e-08,True,2.0225831220576194e-17
309.6275184406694,1.4288685537291532,0.9843957971675381,1.8977271306784809,309.325067195785,1.4288388736963709,2.9680010726601428e-05,2.205576926861245e-11,True,2.893278817528778e-17
344.14590152700623,1.1124888237604966,0.9279365078206634,1.7021639347077169,343.304850456638,1.1122230695429982,0.00026575146381053127,2.7536878640674495e-09,True,3.250999099316807e-17
332.2492146607751,1.79203999556059,2.884020123862271,0.06142057599135599,330.29504420368676,1.7914974670247819,0.0005425218860152076,6.649793035670394e-09,True,6.697250238606601e-17
301.400303541122,1.471954778941587,2.0807359950263455,0.9711473803174235,301.38988931115694,1.4719215580538931,3.322086220901411e-05,2.5484938967833218e-11,True,4.480580601702923e-17
329.8569841296673,1.9369142187055972,3.938825654444974,0.06829562092496148,327.3702523930097,1.9362660353333159,0.0006481747316662297,8.640615188244522e-09,True,1.957323980500632e-17
351.4818509536633,1.1956510060387382,6.349839037156053,0.8295080440700703,347.08266193564094,1.1931513599766725,0.002499414614375402,2.314476901562533e-07,True,4.697541099801313e-17
334.8015694485003,1.4557514606237316,2.770997809848804,0.6440707464981913,332.5605461662306,1.4552539386231635,0.0004975150302746765,6.970293316814053e-09,True,3.202629912116058e-17
304.5028793395559,0.8671814385756684,2.8692162259840384,0.7780481890075635,304.10085681437795,0.867147429384084,3.400914543453413e-05,4.614988693322746e-11,True,1.8773176655602288e-17
305.4302411102634,1.1087590748299667,6.367818659727575,1.9294356507983768,304.5092175835849,1.1086591894326232,9.988508514697702e-05,3.121964215457612e-10,True,2.1665296989712944e-17
316.7319098820167,0.8187681877190077,3.1989868983079583,0.2600369754545464,314.918651479674,0.8186816097661604,8.65776137904036e-05,3.390568320259165e-10,True,2.3370102099095648e-17
315.70593188135047,1.6331670177929958,2.5021002320006844,1.0305949994810402,314.5541029572127,1.6330357721653994,0.00013124523784628918,3.8975000341288385e-10,True,3.638017305201343e-17
319.3179724983463,1.2256263835232026,5.368369269888422,0.4795883650491525,316.2920218901129,1.2253841636018812,0.00024221813351674444,1.7878045706387134e-09,True,2.5821353210569862e-17
352.3442388507524,0.9574526376285712,1.344387823388617,1.6908795097877392,351.25373666010296,0.9568980410032543,0.0005545821227495225,1.4502567396571495e-08,True,5.402867496014272e-17
341.5197325573376,1.5018138409359585,0.6228904875172621,1.4416967625626094,341.12151632441805,1.5016056626628111,0.00020817703550911223,1.2376381923205916e-09,True,7.741922215869968e-17
329.5931489059117,0.922943025364734,7.974432941404078,0.18743586150385994,323.0411029423033,0.9224890481732327,0.0004539685113663159,8.68013495090233e-09,True,5.966263513728232e-18
344.66226165047186,1.7442652327002204,7.395558342777688,1.150387922315024,341.4611580341028,1.7413328470137717,0.0029321735711802595,2.1211526857922562e-07,True,1.1045880918094849e-16
305.64519278182587,1.159887016348155,2.1746608955783104,1.9638091757083627,305.2710220031635,1.159848968344414,3.804796022747784e-05,4.3513656978578204e-11,True,8.073379180081975e-17
343.8706038636436,1.7677879441593078,1.1561986755396552,0.11366135881163109,343.53282497876086,1.7672537922954408,0.0005341448544724664,7.0093948789235135e-09,True,2.3819500103782824e-16
314.75897239501813,1.4989595329984207,6.508440338394112,1.054869336538265,312.1617958054529,1.4987005611062199,0.0002589702627630314,1.6294375884493603e-09,True,2.920246255430193e-17
341.59892349195115,1.215598309629518,2.385409686459704,0.05766984931536045,339.46590652152634,1.2150214499390355,0.0005768480466794041,1.1643803226343967e-08,True,6.053781456020828e-17
332.7473949067168,0.9589691810085424,6.019000917308149,1.1473082293493446,327.19381082545084,0.9584851391708773,0.00048403211330196803,9.724363223412705e-09,True,7.250450488139922e-18
306.28603196808615,1.2379909034146244,2.6405582648166086,0.9700704507682988,305.7896743574584,1.2379394043928786,5.149894680600097e-05,7.493985690288768e-11,True,5.466508172036364e-17
314.02033922257004,1.1281405166053153,6.228485550718865,0.48090457776373685,311.47205181864734,1.1279640543259961,0.00017646127839017646,1.0009290598606837e-09,True,3.6699465843720315e-18
329.5144136243931,1.4054212103990693,4.423423435739226,0.34151670364002523,326.0947840458666,1.4049401326113733,0.0004810712749212205,6.512774976194974e-09,True,4.0884540976001294e-17
307.18473934133056,1.7822949729150128,2.378244607511794,1.6991692119195207,306.7301523462762,1.7822227512280508,7.22215839695362e-05,1.0299269965676489e-10,True,1.1538704913051828e-16
337.56469900048836,1.4732916613661646,6.6602787323568435,0.6271452839473878,332.2259632396057,1.4721102861635598,0.0011813364231678671,3.877943693674946e-08,True,2.820561117990879e-17
326.5860561685725,1.0192125287195535,4.758565873375313,1.9374587443972104,322.807838086398,1.0189184975247725,0.0002940279025811095,3.2921999187606182e-09,True,8.259927444178355e-18
337.9400249238845,1.5199301290828715,3.3066611057565627,0.9923881595775289,335.42760356108937,1.5191724209025501,0.0007576924523711824,1.5727950233297065e-08,True,1.991297222792136e-17
335.930709742625,1.6878324495961556,6.016271897758723,1.394246810789964,331.6408368914849,1.6866595028072018,0.001172913529873412,3.325908059633861e-08,True,2.7104430795548754e-17
332.7104335122833,1.1033941494695145,2.6452832947352043,0.07871845730389036,330.24030736471843,1.1030889477623278,0.0003051982904467053,3.416740013245057e-09,True,2.0092832827576887e-17
329.2152055593755,1.3995948296179086,3.200926251019495,1.0147008476145056,326.70525777504713,1.399232235719881,0.00036259017031437045,3.727713234078426e-09,True,2.005906690637194e-17
336.4889429977478,1.341515529231995,4.105646612273311,0.11391479946630267,332.9586367345816,1.3408169826372605,0.0006985316488264247,1.4945908059638423e-08,True,1.2309042546301824e-17
350.7286993492518,1.8896546655303916,1.3630393941176524,0.2588658311405752,351.64473531980184,1.8885171310345734,0.0011375035222916637,3.097352651375893e-08,True,4.595732689751054e-17
325.48670482661953,1.1241351189462807,7.548687088137708,0.9746484509309815,320.2092162881411,1.1237125040278568,0.00042260884399092645,6.074433100871614e-09,True,2.087675628759567e-17
324.26580799081,1.805755802207412,4.156275048594248,0.6713176701199579,321.742666250838,1.8053358323819604,0.00041996605807246564,3.767379310845402e-09,True,2.986927016299187e-17
337.2859614242269,1.451341600571769,4.164144378935067,0.7842683899419601,333.92423592522067,1.4505212825279719,0.0008202988920263708,1.91517708919438e-08,True,3.4880051929511554e-17
300.4750655523173,1.038015233897454,3.2203494965928283,1.9385353181308822,300.5202040623597,1.0379815982330007,3.363562761936132e-05,3.6833938577886027e-11,True,1.7833995081263095e-17
319.33196693706884,1.7773052698945213,6.063680679559686,0.6870156968279553,316.34370507113664,1.7769069334374301,0.00039833312173289846,3.3353583365700013e-09,True,1.2365217817344716e-17
349.61889754772153,1.2483862857063786,4.678578472455067,1.7684678685052524,346.5478556602059,1.2465278853909951,0.001858278186533328,1.2212885012796196e-07,True,7.068548982779738e-18
313.387913916729,1.309687430788581,1.4896547255970378,0.7198636046542769,312.7374591665176,1.3096331910456498,5.423966084432802e-05,8.208713588214417e-11,True,1.2825818332748178e-16
353.8482840148883,0.97861819317251,6.203070186432488,0.7763388755582681,348.1981870534429,0.9764702312193834,0.0021477519653156523,2.0998781093152675e-07,True,6.19791600201198e-17
348.99441154310057,1.1016982428321116,1.013705632467595,0.5120345947410191,348.2321042949133,1.1013014820639324,0.00039675441399630266,6.354182858535368e-09,True,5.0287103610013135e-17
326.04873855353713,1.9204206719760615,1.2257362093476558,1.9822557778150525,325.2816123801491,1.9202490693183978,0.00017160205415185065,6.035118707375373e-10,True,3.2767135946618374e-17
323.44578253649416,0.8350869574755991,2.286143277906147,1.241757712753538,321.6250572229664,0.8349810621181256,0.00010589483993431711,5.175392852390495e-10,True,4.343237145116991e-17
315.65505218242174,1.643060847520048,1.972644546363035,0.87078711095133,314.7384552894082,1.6429552189165095,0.00010562835232910285,2.5120952002420867e-10,True,4.023529563948319e-17
306.76397945912737,1.521333051767995,3.6186684271686858,0.5263606153348477,306.09945046817035,1.5212440520731716,8.899951232606247e-05,1.8249734685332e-10,True,2.3091903800882193e-17
339.95590858494586,1.777128408950564,4.918533014352565,0.14166730092213298,337.10464579112704,1.7756491101063026,0.0014792470958001041,5.174846131805062e-08,True,1.5639051679774254e-17
345.58245521474447,1.0295898992468282,7.789315683438844,0.45809778265169093,337.5562968114052,1.0281905932656907,0.001399225827823446,8.015331396171284e-08,True,1.0474678469447464e-17
340.88048644316206,1.1707057559061609,3.416996717037403,0.7320964310591715,337.66260302735407,1.1700021365958695,0.0007036014899488394,1.782034260589287e-08,True,1.5643114562592556e-17
343.3688762683285,1.3827096594064874,2.775824087838657,0.4015869453126584,341.34998433974806,1.3818427367417685,0.0008668993148612482,2.3349857600719814e-08,True,1.2493037629916836e-17
321.1596126186794,0.8827670340837175,5.974087829435061,1.3701662393868814,317.31065102764364,0.8825568640711051,0.00021016813233642854,1.8802758894373444e-09,True,1.3654651683449123e-17
338.6890550600238,0.9120981095587939,1.881696260619421,1.794782429607436,336.6257851438037,0.9118169244097727,0.00028118151717631157,3.631844910037302e-09,True,3.663169795154781e-17
300.4406763760376,1.3130568956438873,4.557502351413163,0.7639350335318295,300.5448633476697,1.3129965529285634,6.034262159039784e-05,9.37335385358125e-11,True,2.1153228413084518e-17
335.1250281717507,1.963499133104461,5.320892273077058,1.6772678459365495,331.9563192012866,1.9622649046342195,0.0012341967625850644,3.170765615540269e-08,True,2.466432706984807e-17
334.56087194709045,0.8700381299808843,5.254008318502688,1.1959845346615001,329.30629258635133,0.8695912935449527,0.00044682719356461297,9.24236688779686e-09,True,1.4423183069896915e-17
342.862303748945,1.3833638464598523,1.507294705228026,1.0424454863435713,341.78781125560147,1.382878721132775,0.0004851180040402333,7.323037056019623e-09,True,3.980063591120712e-17
349.57846251510654,0.8251568027541404,5.670057619064018,0.2201620912555095,342.93251962876656,0.8239831552051537,0.0011735751962346744,7.235275199724718e-08,True,7.619565099481416e-18
303.6461829083532,0.834545388696927,5.410922137837868,1.4948156424002628,303.10185498118494,0.834488682328462,5.67062360055773e-05,1.324594634395782e-10,True,8.659975877151791e-18
316.66841306811233,0.9569497846601661,1.9110739867083872,1.5221289943962708,315.57205710884733,0.9568861429759814,6.36415268175547e-05,1.5736706178932632e-10,True,5.0215158303907357e-17
322.6655387880585,1.5055707027352334,5.281021999970451,1.428366431433939,319.43157640230214,1.505197525015191,0.00037317420018001063,3.519862474450891e-09,True,1.8621899962166516e-17
346.13499426813735,1.4276770444043896,5.852060268583319,1.9161935618560666,342.27186515182615,1.425671421965184,0.0020055007345314386,1.2170467426270772e-07,True,2.6811014661616537e-17
349.9823086994336,0.9518557649811352,2.5167371176728537,1.2407106336557776,347.55846430154975,0.9510413424877511,0.000814391594315768,3.0899068443491317e-08,True,2.779374080656489e-17
312.12167344368135,1.7709489872564705,0.8074205410446416,0.876467850380535,311.82861397830914,1.7709120269284022,3.696030003791876e-05,2.8030471744519403e-11,True,8.980222731929425e-17
347.6582840210434,1.439370499726019,5.911227595704198,0.7636461500704234,344.33705017443805,1.4370286415861926,0.002341691777017753,1.66362808708649e-07,True,6.394371175199573e-18
307.00368278813767,1.1334950731291336,7.831146289089584,1.5075346247301904,305.5571134183815,1.1333579390974804,0.00013713345210920888,5.795439851414267e-10,True,3.9416289926125e-18
348.5407539093285,1.943402475322848,2.84020671056928,0.45731934272812397,350.05254129400015,1.9412003746098876,0.0022019886665853405,1.1204637535896383e-07,True,8.69695381633966e-17
347.042851255967,1.6131056695092196,1.7932313005939113,1.2777924022040594,346.6180112458643,1.6121802123703564,0.0009254337121778096,2.34266856277049e-08,True,9.297774420815376e-17
311.64027899286634,0.9772184254400551,1.5738944659037066,1.6623094421083064,311.0028664002671,0.9771812308884044,3.719450046896336e-05,5.118175233312392e-11,True,8.541950777891684e-16
317.56804450275365,1.4706899849761241,3.5308138214119875,0.2646959347347071,315.7481738731554,1.4705067758531793,0.0001832082734149757,8.495298379208036e-10,True,9.0991145119635e-18
358.3674165566258,1.703958764561356,1.384634748227168,0.8637866500958814,361.304994477723,1.7020715822088335,0.001887083342245381,9.901027708689839e-08,True,3.9809781350839034e-16
351.1127327183229,1.8661441669742311,3.0686961394506675,1.4607115495516885,354.3417273771208,1.863151699191159,0.00299224767989815,2.2010317394029057e-07,True,2.3490391698457722e-17
329.4464996227826,1.2579439305024023,4.669856656491445,1.7142435172087171,325.68396988305136,1.2575028908462043,0.0004410335548029389,6.101395035971142e-09,True,1.0501011212616499e-17
318.0069355139005,1.1853773185059433,3.66938559383419,1.0998730026089616,315.9590107748621,1.1852213008599346,0.00015601688067401538,7.653345651687976e-10,True,3.253591219194978e-17
313.8384862796901,1.8089470752842716,3.187198971160302,0.2185746089843184,312.61578636771264,1.8087883472493267,0.0001587275263365696,5.086081054056825e-10,True,6.598914672794477e-17
329.91164548424354,1.765712758777825,0.7998695194938077,1.7168891960574877,329.36089399224954,1.7655740969117037,0.00013866142762232014,4.3849884765563736e-10,True,6.192291684332615e-17
314.8571024420224,1.3625270473473559,0.9447001109217208,1.3792021708400812,314.3977823894146,1.3624862113132836,4.0835988891272774e-05,4.518092340200957e-11,True,7.808179177096e-17
326.1457375440363,1.5855745872261728,2.2269386729551712,0.18271392212186832,324.58171886751603,1.5853301938316229,0.0002443919177486082,1.4768013438588934e-09,True,9.437824362857745e-18
312.4438062338438,1.3632583496968878,5.744184750276028,1.8664067687813124,310.42484995718905,1.3630776534949973,0.00018069533902365502,8.628669782116662e-10,True,3.6379169197218104e-17
309.9645330529479,0.9823452057939956,6.973189022801961,0.7577866338728936,307.9576311711745,0.982216021571074,0.0001291836203097012,6.026118876618768e-10,True,1.2609675124687629e-17
321.98173498782745,0.8145450759269954,4.041266736718276,1.6889849259844665,319.08833987587525,0.8143945806816575,0.00015049418944473213,1.0558931757242824e-09,True,9.164330315536563e-18
316.3963727590431,0.8534616330510182,4.8181821908367075,1.8481983866464446,313.87087953657056,0.8533365232166155,0.0001251091594610353,6.749416403022399e-10,True,1.396775607015615e-17
308.209413875918,1.2807219016421818,3.2657740942201157,0.26424517796431013,307.4028394030494,1.280646550815867,7.535066962402195e-05,1.5669061422129957e-10,True,2.5192329874696852e-17
330.9803725617957,1.601053437545132,5.750142448288594,0.21919829851526196,326.7986381861831,1.6003033609670234,0.0007500626232633823,1.3954845318147279e-08,True,2.6264798460639397e-17
358.8073380873451,1.106706232679223,1.5423706108190305,0.5229154405051147,358.98528593628043,1.1055190149656364,0.001187158030036102,5.968355023653667e-08,True,1.3276570607450265e-16
356.0197965807601,0.8863715989956918,3.843511683110764,0.28222909330850254,352.73506779949537,0.8847619306576614,0.0016095352617619154,1.3307626852395964e-07,True,1.1278907108059767e-16
327.5766410333615,1.1389069998349306,2.7651256854335133,1.6166669355475278,325.28561706279953,1.1386773778282522,0.00022962018433745157,1.8223410163264513e-09,True,1.7346338583006245e-17
338.4643056956085,1.2321197149678926,1.381938156398863,0.2577654215375987,337.2115680024011,1.2318292485313338,0.00029046355889050357,2.8776681572243224e-09,True,1.3002875524717548e-16
339.9810146607446,0.9641355157684119,1.8430274381651648,1.286970348497751,338.00590189658254,0.9638154455966141,0.0003200656872954642,4.484502365530286e-09,True,1.44231817563199e-17
316.23537126158976,1.5846713253330695,5.060887995867914,1.6210341676420401,313.9678571052107,1.5844254427388265,0.0002458811893466197,1.4048964417341672e-09,True,8.784312199273545e-18
343.44857561845333,0.9912765246481943,5.805973891565439,1.5129579943654676,337.3325908731655,0.9902872759172205,0.0009892071865198009,4.154445380354353e-08,True,2.075188830989022e-17
347.4255179183333,0.927541587350128,1.4777630663268038,1.7373344052298236,345.8989363815401,0.9271230977202708,0.0004184813298258104,8.300031514607986e-09,True,5.983954497231606e-17
340.18273017732474,1.9942008762289056,5.85392838249128,1.235924569855626,337.68782255714615,1.992144863350293,0.00205592350530364,8.937330902707666e-08,True,7.110421106421682e-18
311.75599587393816,1.9782169257681763,3.5203757004602534,0.4206293790925577,310.6694757280609,1.9780530028881462,0.00016392238994570376,4.900844349960193e-10,True,1.542302996924988e-17
306.3367390293102,1.0969306316087484,2.2803579068375863,0.15736715106739776,305.8818174942211,1.096890920215363,3.971134306566299e-05,5.031974990902929e-11,True,1.923137863715692e-17
309.07148735113407,1.9819807628638615,5.447672076442566,1.5226426746746986,307.8825225789674,1.9817783922786565,0.00020236985261859512,7.325866420139331e-10,True,4.519004919218757e-17
354.69278046725486,1.1316961940222086,5.706840069461269,0.6565574138499414,351.7622973842622,1.1288281501503483,0.0028677143104646943,3.2956139548029497e-07,True,1.3147309579799943e-17
336.8784789687836,1.3909037155197135,1.6025855262738964,0.10330275028203179,335.55178711531676,1.3905646654422554,0.00033904663471553124,3.4427423659085273e-09,True,9.930904006642241e-17
308.4015239127987,1.1848516950378376,3.9168027994388557,1.4520716785642909,307.409158581083,1.1847680452805407,8.364954855508867e-05,2.0874186133398426e-10,True,1.1982561885539444e-17
332.22144206812374,1.20698625099719,1.5589948058640157,0.5458789762851872,330.8153409864439,1.2067812060302885,0.00020504355275355844,1.4141479533122215e-09,True,3.624317198288284e-17
322.1281873184435,1.8201197816205912,3.208990008542046,1.7800360807855902,320.27614868109185,1.8198273443532702,0.0002924354706001155,1.7967208230353634e-09,True,1.2278582494079017e-17
335.5285337721857,1.574388886361637,7.707605335259032,0.8259115612903872,329.69250607772534,1.5731695712643532,0.0012192769747201813,3.812256368274804e-08,True,1.8386869564924473e-17
339.21718218276465,1.6063978046415461,2.8178577711465356,0.9139389152057302,337.30799286227915,1.6056206682762504,0.0007771205539912042,1.5811304515333084e-08,True,2.5968953785391366e-17
332.67809386790964,1.5763391034788445,4.776380244421856,1.8204792922875068,329.0795309808822,1.575615023107865,0.0007240669933523354,1.3377627393393885e-08,True,2.9635510186111165e-17
300.71070107032614,1.197430097152922,7.432117102043664,1.2978568170345495,300.7789778897366,1.1973385262890621,9.157062678633237e-05,2.37073240327135e-10,True,3.228788300839587e-17
337.4387038460218,1.6319538857698805,3.125055262943953,1.47331813857241,335.24278030373284,1.631194804830127,0.000759066253300703,1.4686452861967536e-08,True,1.6030687554536698e-17
351.27385948921324,1.0919491574678273,1.028112089488758,1.1088993071733784,350.61269465840155,1.0914846727036005,0.00046447587375224243,8.89047473673036e-09,True,1.9519837257066226e-16
349.8442049892587,1.4549549536682265,3.6354669177109735,0.5053872503485937,348.9159941058417,1.452993195603105,0.0019616399279194295,1.1813720208686987e-07,True,1.1811226011966783e-16
319.2428100528984,1.3576805924601447,2.8374956883893594,1.7533329338123038,317.5830035231876,1.3575237673493508,0.00015682442906055628,6.817331615864284e-10,True,8.656646739300808e-17
339.2947076684784,1.623565506833453,1.0403845098931306,0.7955448327052043,338.6377957460773,1.6232477882335938,0.00031771596739435905,2.632464715330016e-09,True,3.7057719905694195e-18
308.0653967299589,1.9976047231516012,7.1862949505832345,1.055308693655538,306.7744941052257,1.9973592464015337,0.000245475688079362,1.0619878122703324e-09,True,4.186263670764119e-17
335.6278833409105,1.790078120868941,6.406899370015561,0.2662870440710502,331.3131504371751,1.7887839155337382,0.001294167224222186,3.811098083318833e-08,True,5.592403519001398e-17
337.20013333397077,1.0831295111339174,7.487307579579062,0.7867166590947277,330.1601252898397,1.082286806615722,0.0008426779809436486,2.6537251639016173e-08,True,1.0220952458096256e-17
301.1195146602316,0.8847278267074901,0.8109444770482739,0.2302713169395506,301.1066327000643,0.8847202320394929,7.594665785326218e-06,2.2117824681814718e-12,True,9.158073471901731e-17
311.86979149500706,1.3438465007815084,1.4260595060389454,0.36873179926052835,311.3213153784575,1.3437989488672983,4.755185325726444e-05,6.095262293042167e-11,True,9.51520975228564e-17
336.1039303590742,1.988482899668716,7.115837998086213,1.7127687488209016,331.9378069731606,1.9868138615612583,0.0016689808465329657,5.726092475360188e-08,True,1.3561702005946863e-17
346.6432394949281,0.8427467015967128,2.400108301396691,1.3669703675034932,343.8851491953638,0.8422058119386986,0.0005408745495060458,1.5108508179139265e-08,True,1.2557438518527091e-17
349.0335814564098,1.2531919262325573,7.538490060133104,1.4621650285750367,343.112813245601,1.2507947226358895,0.002397004569339158,1.9902732866153143e-07,True,8.092724039526637e-17
316.94500866674827,1.3013901600941966,6.387308773911872,0.8590909531768344,313.90025952395024,1.3011366815334144,0.00025347674342503815,1.8173572873467253e-09,True,2.5761010105502758e-17
315.54234952487747,1.902784924121714,6.168158325826504,0.9019602367198317,313.1383325913919,1.9024480640784607,0.00033685785829749897,2.18495604176856e-09,True,2.367677232226106e-17
330.49094720393913,1.4085875978272355,5.186874796606732,0.9868762257120515,326.45624467145444,1.4080070496680854,0.000580538676045105,9.483105102088097e-09,True,2.14052229718072e-17
328.82613115563805,1.8503659762081317,1.3915651823103714,0.07161615475421591,327.9091726181526,1.850138403724311,0.0002275713657632576,1.1180573421419432e-09,True,1.2730410964012633e-16
324.34556724880315,1.3721821586624379,0.6255558130503299,0.5991800308195241,323.8821399337163,1.372125752519407,5.64060525020588e-05,9.052856213382639e-11,True,3.1706968916630004e-16
325.8976357746431,1.7809370042798816,1.893266665330262,1.2571705575440413,324.65730924209083,1.7807023112563496,0.00023469181053516308,1.2129967951741004e-09,True,9.33134757021213e-18
332.21637926244455,1.9157932913362277,5.105847921757161,1.8679045952770112,328.9605395405106,1.9148606585623642,0.0009326145243092615,1.8249554475726904e-08,True,5.413349884674343e-17
334.5096614426881,1.0925446219902437,4.376963876221306,0.6042058837833375,330.39430730248813,1.0920391376347982,0.0005054748801853895,9.475260202820086e-09,True,2.281785316205745e-17
305.6756732237973,0.8696388228382286,3.086908002795175,0.6427214574931093,305.115905323282,0.8695988534946858,3.996927955995955e-05,6.398279149520824e-11,True,1.0741166529552199e-17
313.15929689376946,0.9743820186110355,3.5945210344125833,0.7009046644676504,311.61950408187795,0.9742930036628384,8.901465305645012e-05,2.951405602835415e-10,True,1.1190683999141683e-17
335.7996470025098,0.8434853024300972,6.827354582771692,0.5970376217993055,328.9634044977039,0.8429362135068477,0.0005490745530500712,1.4370199499243948e-08,True,5.109914100186862e-18
320.6390284652434,1.6633569832893516,2.2632789393362027,0.9985246305927316,319.31867973518087,1.6631817873836503,0.00017519520406953368,7.016317526284956e-10,True,1.7762729367635068e-17
310.47551313202706,1.8272525999352152,4.353274279581672,1.4448631773574552,309.2752736269941,1.8270854450797351,0.00016715430856643136,5.469137071339289e-10,True,2.6631921733518163e-17
348.791184665826,1.901292897402651,0.6617227651831994,1.0494519867969603,349.0216973307608,1.9008225849466758,0.0004703072627302727,5.193244967556944e-09,True,9.763520653378585e-17
330.60740792345405,1.0775778076479536,3.3300826623987305,0.48928658734310365,327.62330556138187,1.0772672404784955,0.0003105635990439136,3.5704140235721034e-09,True,4.8718974212614936e-17
301.3194665600071,0.9183978708071838,1.5115011140625014,1.117375235312441,301.28612759622877,0.9183829476057425,1.4923193204888709e-05,8.23659347487246e-12,True,8.011807065093242e-17
326.2036047584156,1.1784351816807002,0.9386655442016778,1.820958314947981,325.43253633114244,1.1783536367731289,8.154468529845414e-05,2.2227269939318437e-10,True,1.3992294117417987e-16
329.63228278047785,0.9291814327696836,4.065226196859237,0.990227485540015,325.9699632442618,0.9288917906289709,0.0002896385725430363,3.5681695760319094e-09,True,2.110618437162113e-17
324.430898651379,0.9261939330051944,3.7455146137047146,1.4207040937941113,321.52648120978165,0.9260029546739461,0.00019097681429703083,1.5169512476051455e-09,True,5.176277881846161e-18
328.3858019864201,1.7085156921036584,6.597876118044354,1.8439943556609986,324.003702212768,1.7077684990743258,0.0007471802573246278,1.2772008056481567e-08,True,1.7253661115061078e-17
301.4565920891353,1.4802115812591823,1.7703736490313464,1.6997226740399418,301.4444761001899,1.480183023114819,2.8558125628719812e-05,1.8734725016832285e-11,True,8.280706238094423e-17
343.8881026277064,0.9551151464098309,6.942038538260439,0.20298436142990894,336.45458288137735,0.954042497696292,0.0010725982488185095,5.046472033174958e-08,True,6.453627541893804e-18
320.3957986170588,1.0129787650304316,7.85041297017714,1.8144966172284995,315.86657752352,1.0126956208495481,0.0002831412324224711,2.9484610151769803e-09,True,7.278260359612744e-18
333.8124305562052,1.4795855438652437,5.324364788553939,0.48959617555124746,329.60432529870315,1.478798783286518,0.0007867437017686318,1.6876957325945656e-08,True,4.3462978422242926e-17
303.1527921750974,1.840336680433084,3.282235580665599,0.693438215304202,302.984456246828,1.8402615788858376,7.51014419717198e-05,1.0527481833127734e-10,True,1.8366538297882955e-16
318.78681733133766,1.6493549514084824,6.458703697485995,1.6681747878086965,315.6249776989873,1.6489827573828195,0.00037219090138500597,3.1242778781836743e-09,True,6.642810448999514e-18
355.15693726294626,0.860999758310096,4.609850155558499,1.8459981920019082,350.61888529365416,0.8593593725973019,0.0016402448809181899,1.408318758718876e-07,True,1.3420755636965152e-17
314.21883944891994,1.4074305879220423,2.537498572358992,0.9542890022147908,313.1044595763557,1.4073283506218799,0.0001022370281485424,2.7201399468900505e-10,True,3.342796751286277e-17
323.6766765962293,0.9940300335928713,3.6773900556303487,1.810966488232533,320.9388125549317,0.9938375566642379,0.00019247549786105333,1.4307723866566444e-09,True,1.7331884678825688e-17
311.1268672437437,1.0923001057124457,3.4644939509769235,1.590917509343305,309.9000186584039,1.0922164251152562,8.368036700117336e-05,2.3018828184031724e-10,True,3.2237351650230204e-17
342.0434319423365,1.436455217380666,1.539561786551189,0.5463702587742052,340.97195966449283,1.4359680884766637,0.0004871218232034824,7.0807986307017524e-09,True,1.0200091395273898e-16
331.21525017232193,1.9855509428609448,2.3258838765311776,1.6305751838348967,329.798342388513,1.9850831079615572,0.0004678304490193144,4.450368226702439e-09,True,3.423777811048075e-17
351.63549231910446,1.369253600890599,7.278129205172741,0.47654705525334734,348.96070497045486,1.3655519413412236,0.003701211925098032,4.4762427752999845e-07,True,1.2818750872784048e-17
343.67921608217637,1.9132339478203075,1.3035631540550643,1.262572528176955,343.46833346494225,1.912584969251152,0.0006489690116079263,9.557547687230664e-09,True,1.210790690048869e-16
307.71978829307943,1.9124409351158262,2.153640273823785,0.3010136502494786,307.2838429888668,1.9123674600872949,7.347492883593038e-05,9.969553255282482e-11,True,3.997092584178228e-17
304.60688978078525,1.6568813225545957,7.145767670628605,0.2652013734634817,303.92675212096543,1.6567218659397722,0.00015945608441125735,5.304122944148431e-10,True,1.0018999065388194e-17
312.85549031627323,1.2235191599581068,2.578218646095137,1.6337240933796207,311.79321207641397,1.2234378573693712,8.130239245066187e-05,1.9628484607901026e-10,True,4.4028931779594076e-17
350.3080167765933,1.7013165830123236,0.5786314295075,1.645237999259017,350.44373580887907,1.7009135611161834,0.0004030176045404861,4.291599864754347e-09,True,3.2320932100921067e-16
329.29362265288125,0.8080564038225602,1.664730809117686,1.7707878974149753,327.66213656692065,0.8079396346517294,0.00011676849769077807,6.731399862275084e-10,True,2.8924416362664095e-17
334.30219734984945,1.2346989223488394,7.021682913312691,1.1912014628439798,328.27467396720834,1.233912480907607,0.0007864213801154636,2.0061116946385244e-08,True,7.276580877080774e-18
307.6087147257645,1.8330348512737737,0.9997301017875126,0.7858706633058583,307.3973670600618,1.8330018506889516,3.300056382489751e-05,2.099723452860426e-11,True,2.908527778766016e-17
353.8359064674168,1.7993863679956048,2.0235129877601565,1.1926735113016291,356.48341431242295,1.7972131610668294,0.0021730853510284844,1.215777470365743e-07,True,4.6648609973669556e-17
306.8180857534469,1.0372113241158283,7.200838719149626,1.0750281826349197,305.4737044798534,1.0370967408910268,0.00011458278287231797,4.419290834599604e-10,True,1.5545907083012974e-17
318.80411601558694,0.966596582876289,1.032312001069804,1.9150575111362689,318.1232160841672,0.966554225866285,4.235693993071838e-05,7.007332766190801e-11,True,5.651046236535648e-17
315.61001296388264,0.8675180320795557,6.995305744319778,0.946810603092105,312.3514536755196,0.8673544752870708,0.00016355566815020456,1.1243348358599795e-09,True,2.0488750133044052e-17
341.7143088672909,1.7690908905672833,4.6580813605572775,1.7921910228642528,339.3482876439447,1.7674652876142114,0.0016255394285206934,6.352455109192555e-08,True,1.293544353908796e-16
340.5619370862906,1.1191082643121664,0.6655340885111429,0.4240275203752567,339.9246373215286,1.1189553654499342,0.00015289797184535716,8.903867736225868e-10,True,7.003827272589279e-17
349.13382640780696,1.333185818347037,5.345452631125372,0.3182933036085163,345.97805866546344,1.3310013270313363,0.002184333728891689,1.575868090946978e-07,True,1.0672189027085809e-17
328.7473651392757,1.8565804528255763,0.734988876153383,1.2986536766405392,328.26411445056084,1.8564566947079704,0.00012375778742380837,3.301821410502532e-10,True,9.564482615302524e-17
313.043713412884,1.1306054114917454,3.458299146574394,0.5872402137462159,311.61203271942827,1.1305060983886859,9.931278645813555e-05,3.166013396099491e-10,True,2.1872320558927953e-17
336.34510827457444,1.4415462685816727,5.096384122511915,0.7459319008349027,332.1914140469598,1.4406637640216784,0.0008824824515061458,2.210848793462277e-08,True,3.970365602191906e-17
339.65080689513013,1.585019810938856,2.689642265125552,0.2749152824290391,337.8256058196487,1.5842614433660387,0.000758352271271393,1.5301546155472637e-08,True,8.087331392367402e-17
340.0996901571442,1.142795970822073,4.856566396703665,0.8653467553729246,335.4271606192039,1.1419594594082025,0.0008364859125279701,2.550134252792933e-08,True,2.1322836394748665e-17
319.8164069354637,0.8753867223984384,0.7931930700800913,0.41913886060412386,319.25202807814594,0.8753545717950096,3.215055855145733e-05,4.487719168577904e-11,True,1.4832913606270908e-16
313.2803115518397,1.2298653197409044,5.488393961465532,1.9277780320921787,311.148150266362,1.2297001726968046,0.00016514624156377142,8.025361504183021e-10,True,3.0875476712435646e-17
351.38581027222557,1.148863817461175,6.787236787144173,0.8286181889496594,346.02303965532946,1.146467645978298,0.0023959513113012395,2.2017157561426e-07,True,8.188324181294464e-18
353.89437905171224,1.52919522567385,2.3600348717641566,0.8140110503512807,355.16911026699074,1.5272092837687241,0.001985823171658685,1.187334669995973e-07,True,3.5346378735649953e-16
325.8678482110007,1.1156164151321395,1.7479199268642016,0.7586207420948706,324.44393370529633,1.1154828160717198,0.000133598433711006,6.267086127085621e-10,True,2.521804848863826e-17
326.873209952602,1.7914660546426142,3.876770655100468,1.2009246477548454,324.35716419483254,1.790993356932598,0.0004726928260015374,4.884014672352933e-09,True,1.6722085916939497e-17
340.4526098247728,1.9779439985244078,1.0916101303432448,1.976959614427091,340.1018786700797,1.977495449704109,0.00044854448033960267,4.339959225644968e-09,True,5.67329665280862e-17
358.0138130532251,1.046733861212737,5.704066474004554,1.3951874099474093,356.18506101853325,1.0432425609907907,0.003490760482621974,5.397393242171928e-07,True,3.088501185056647e-17
324.8855854322667,1.0673155048954102,2.909493262422292,0.8267261739931406,322.6206087408603,1.0671298491697525,0.00018565447375470687,1.2519028846671325e-09,True,2.3869417177286504e-17
348.67392400956385,1.9339371454780565,4.651510528801961,0.9164634250225508,353.32951243531573,1.9295273208397798,0.004409365353176064,4.5928510056085656e-07,True,7.375195375322761e-18
332.3563785725819,1.7778724504226306,5.575687214209201,0.27001903119113974,328.5436266833737,1.7769554219390564,0.0009170095143658035,1.8969208566273305e-08,True,2.76401706157271e-17
303.3591214371285,1.8319353239927356,2.3451618761130666,1.9336329427547196,303.2174911512695,1.8318808383326364,5.448560435021009e-05,5.574888376180092e-11,True,6.874542058986611e-17
334.9672981442558,1.3556830697404636,7.534336402343188,0.8880286992979599,328.74974902563656,1.3547241473503615,0.0009588951523523266,2.7237749751089017e-08,True,6.138685874338716e-18
329.8966020964194,0.9470860998900665,0.7092204449227895,1.6178023172561335,329.20784835189295,0.9470208769762145,6.52227331293264e-05,1.8072268795703213e-10,True,1.7926935958939627e-17
332.91570855409566,1.7683483170141465,3.3801857714062966,0.6036947450490168,330.5987384816498,1.767707104163826,0.0006412034206044398,9.429716192053054e-09,True,1.7333379934652098e-17
349.4824144016074,0.9265398173489414,7.463557846254823,1.7908616298374949,341.3126130550397,0.9249834198149967,0.0015562851288969028,1.1240504788061471e-07,True,3.737808565807455e-17
340.765480020857,1.7167557895242327,3.460001334723983,1.7120877716778082,338.815729283349,1.7156253996476327,0.0011303583198209166,3.155677905585964e-08,True,3.685214287524699e-17
321.2020681607428,1.3513510843464231,7.1936930216716695,1.280751418920477,317.0916959880909,1.3509702243643475,0.00038085595361976593,4.02845582160874e-09,True,1.7928166343566853e-18
326.97970126111545,1.837400212199222,3.07094057608085,0.4369718409642963,324.999788585245,1.836997404427639,0.0004028043011472144,3.470435788101149e-09,True,1.2372805225091241e-17
317.03335721069897,1.7390114870598825,6.903409223483344,0.5508716014183211,314.0414595797686,1.7386412861765184,0.0003701979798798505,2.903484446935015e-09,True,2.1845286370720732e-17
337.70075729602036,0.8713178231560592,5.779996815634373,0.6076848683370366,331.64105111839996,0.8707360627209262,0.0005817445867900659,1.584834293808814e-08,True,1.0799041226864443e-17
342.47972346171895,1.4294447670599544,0.6031598397392314,1.2317183769733047,342.0791127644159,1.4292401843786686,0.00020458141929985714,1.2619860500130278e-09,True,2.6333934801183186e-16
348.08232692241296,0.8330063701552252,4.382967956792009,1.940154285202386,342.97768792785087,0.8320874599584238,0.0009188662647512565,4.393205021190913e-08,True,2.8021035521694586e-17
323.6285545530483,0.8088302806347942,7.039009037131272,0.356175934590719,318.68111087672685,0.8085780450503819,0.0002522326041668903,2.9802453491069552e-09,True,1.686846468000037e-17
339.89558629806544,1.2611577464761865,1.3211880941597958,1.2928602895332122,338.74293011637207,1.2608420998124268,0.00031564331686401474,3.3468956698649206e-09,True,2.5461049204010615e-17
308.3537744156251,1.6216799358722405,4.667077006835299,0.0670653792425994,307.31734314064806,1.6215445499187524,0.00013538555420783549,3.9928023241175673e-10,True,6.396944802474097e-18
307.04885946117224,1.537529993209842,7.868204781876406,0.17043605852625332,305.72172188519556,1.5373405052718245,0.0001894871214046496,8.166129677316202e-10,True,9.820825377965236e-18
332.5496912954171,1.207909812944943,2.0421692652693872,1.7712277842185011,330.710859257155,1.2076430265878255,0.0002667839662059614,2.3909114313124336e-09,True,7.025316022322001e-17
313.98688374923483,1.5456763034065706,7.505757573677374,0.39266084211762503,311.25121197625356,1.545390101663276,0.00028619982415833414,1.9191362035133633e-09,True,1.0415010917762825e-17
319.29700086101343,1.7305464069622996,1.3053282354893656,0.9160207294836878,318.57248633303135,1.7304471369497911,9.926979695065885e-05,2.155578315993184e-10,True,5.427875429510128e-17
325.79927590373086,1.6780118268331639,7.002151232747734,0.08364883454819089,321.4149734632098,1.6773705329365884,0.0006412844599599848,9.43661536902877e-09,True,1.0498904582517071e-17
324.8605006543619,1.1916915868013387,0.8251585582990537,1.9643756971996749,324.208091918765,1.1916253829382906,6.6203719180138e-05,1.4386798148950313e-10,True,2.6379371551372888e-17
337.68696531049994,0.8842861788004548,5.016682796395751,0.5823842738025212,332.3870115445806,0.883745858895053,0.0005403063807845957,1.3524617255915221e-08,True,7.218011198903443e-18
310.2227874876769,1.2478562038206231,6.854066831455948,0.8473564986463207,308.2875006901221,1.2476904652743477,0.00016573776379512196,7.824802944528086e-10,True,5.536547703939198e-18
346.9134773971475,0.9724557330134845,2.3724737328585253,1.0266665657962788,344.5059757050507,0.9718129910459398,0.0006427234202162374,1.8547328529012038e-08,True,1.6399959417421057e-17
358.98114320642946,0.8021829454579269,7.11387388552464,0.17394695962694526,351.57458367173274,0.7996801172332956,0.002502474283998505,3.539406327829757e-07,True,1.8965102930727832e-17
346.01852174740276,0.945110205408789,7.919773853975158,0.317067645370685,337.44657555318554,0.9438140163113853,0.0012961142169895814,7.488041407371516e-08,True,5.629168138575888e-18
311.01672966911747,1.5734791882271664,7.092472458300011,1.4858824064743643,308.9959540515241,1.5732499878093484,0.00022919922572914184,1.1920885488761346e-09,True,1.6720171910304607e-16
304.41752361814645,1.7426467404510562,4.9153011811007135,0.8715307308193759,303.9631887544619,1.7425310190011423,0.00011572118425256476,2.6566159885686254e-10,True,5.441574875207394e-17
336.54528980937175,1.872127463574853,7.131594535233633,0.3892699081449721,332.029341201236,1.8705423618504926,0.0015850468402612253,5.488409939693021e-08,True,2.666418435735688e-17
340.86962897547676,1.14683166668171,5.492478797838694,0.19101350669856032,335.5954201454448,1.1458712244338742,0.0009604087153952707,3.3532440532300114e-08,True,1.1298691914288197e-17
307.6916591013483,1.667329613637298,7.858809748853083,0.6331165935149975,306.26657184465915,1.6671148227076664,0.0002147899586537143,9.709778083910914e-10,True,8.663736283515277e-18
348.3391183088892,0.8286639436521426,6.7316216302765275,0.4527789173031089,340.45061118199646,0.827478913055491,0.0011849580782609653,7.251839048875402e-08,True,1.2683952018525274e-17
319.49024628175755,1.3068837691819222,4.159205293458992,1.7395160859156893,317.08846715342827,1.3066708400001104,0.0002129278799903511,1.3018214392968627e-09,True,1.4775758030391954e-17
351.0570706905744,1.3753757100577464,6.589062279935836,0.7106995129785079,348.45993962603154,1.372115092267305,0.0032602729889356125,3.4480150563392345e-07,True,9.102355374067745e-18
328.09784500499256,1.2872186148612956,6.317734464707995,1.170062842402211,323.36474947129494,1.2867046504362,0.0005139564337916206,7.991303870035206e-09,True,9.085179811664666e-18
344.96214434353226,1.4771413248519274,3.366240695567451,0.5405433590468083,342.9841286260897,1.475888989738611,0.001252289107701595,4.6005614749087475e-08,True,3.626725496942183e-17
324.7022522811739,1.2795242249270002,3.7669501366121447,1.5946036356033695,321.99707441238013,1.2792492843833514,0.00027493826159837064,2.282050426124026e-09,True,1.7518219129546466e-16
321.11822200681826,1.1461070531292332,7.259329681779215,1.3229203920125763,316.82503150591094,1.1457877848243787,0.000319264972371659,3.332482736190367e-09,True,1.8424608933681702e-17
318.7425392442728,1.080156155450706,1.5169682906667847,1.9863180424083995,317.78440888351906,1.0800883999304614,6.775536011087945e-05,1.6013372611517207e-10,True,1.9879394971460673e-17
327.3791077205661,1.7235644752471944,1.7735504552188257,1.9737736583948735,326.16230268382293,1.7233267005890143,0.00023777336062384273,1.297555993655748e-09,True,1.4726060046985573e-16
326.1151378604521,1.2339122773768811,6.787628546170242,0.17927276922567015,321.30067598595843,1.2334590861277177,0.00045318484473302455,6.404430471878418e-09,True,1.3181368166786803e-17
323.29390371178454,1.7990114090951923,6.749998876184814,1.8018013804281408,319.4833113990384,1.7984392392531388,0.0005721629146072435,6.927446435520745e-09,True,1.9531128473358576e-17
342.8580180281848,1.5297270117597255,3.613427836307094,1.8473741084941817,340.55218192345956,1.528543902741178,0.0011830698661291132,3.915241836736999e-08,True,1.2733453182136175e-17
343.42697224538875,1.8216922450331137,2.4189468784780286,1.9619823420785414,342.7112547201928,1.8206021085491195,0.0010901082632467046,2.8220747469830197e-08,True,2.416670656851237e-17
354.5459667579567,1.1869726293115779,4.048721153624333,1.6040163870360644,353.3287430222681,1.1846162185692382,0.002356197133501709,2.136088380174306e-07,True,3.863698655658089e-18
341.1148378347839,1.6818566011035763,6.68997678903644,1.430328713757773,336.8016474673328,1.679992223854734,0.0018642905125129754,8.673632910417454e-08,True,5.273491817109035e-17
324.7799446304847,1.9909739938256314,0.7607399280775691,0.4519846033894501,324.3232487360735,1.9908711438707316,0.00010284974693580835,2.079641144535039e-10,True,1.194078279447632e-16
315.5061296005359,1.4391999947325775,4.31985139506679,1.5718459994134308,313.55899400172945,1.4390154667820891,0.00018452708145787756,8.690306968622271e-10,True,4.168610043831584e-17
313.6439419970409,1.0497129193716443,1.0083424693936163,0.9081902012685225,313.1623095405536,1.0496824770779778,3.044226132065765e-05,3.234592121223995e-11,True,2.389355005344891e-17
331.7787345689701,1.3166555520227083,1.608681008213628,0.34070429761495086,330.4018220570644,1.3164314744032057,0.00022407607483243756,1.544670115778418e-09,True,4.5884961439170577e-17
336.89330584362415,1.2830899531693465,5.658046379229704,0.42358793104655484,331.9083200937688,1.2822352634215606,0.0008546664847986907,2.3262987210480203e-08,True,1.3251708097958438e-17
341.9035831724637,1.303529146580112,5.999101316192818,1.8274893008538728,336.6937786886714,1.3022428228176262,0.0012862705267675783,5.323571831921276e-08,True,2.6574461299378706e-17
307.3140097910538,1.3175986572344454,4.974411226855447,1.085230525186729,306.3035866130813,1.3174908810850934,0.00010777583993474422,3.094171780505654e-10,True,1.636218819332969e-17
331.2537275021095,1.127685777801409,6.927381580593659,0.3981471833452241,325.4650911562363,1.127108760458872,0.0005770057052247234,1.1637312330202454e-08,True,6.457939963942765e-18
311.45924969088844,1.7268277409735484,0.8305244764074222,0.6967615949604954,311.17188493931957,1.7267925807807374,3.516016690194672e-05,2.5908983097590612e-11,True,1.3826343513503344e-16
321.5217967893661,1.0434736748911537,7.098271041469173,0.8122507398431391,317.1482299945025,1.0431822080397737,0.0002914637949198259,3.0564601053737102e-09,True,1.8423548495558965e-17
341.7822357762414,1.827835698852013,6.781560281145239,1.8369058553162483,338.34192899797654,1.8255531493124015,0.002282428921023694,1.2061858794916526e-07,True,2.446724868827071e-17
326.9432651942476,1.1944134345786543,4.754833779786064,1.0222418297292748,323.29062944090924,1.1940564531034563,0.0003569773226618449,4.1525361022353086e-09,True,1.6756836385063165e-17
330.9339828450427,1.802630259175618,6.356317174885129,1.1632605429217566,326.68696045758514,1.8017043635644252,0.0009258767363791395,1.8874813595220552e-08,True,1.7324478234016536e-17
321.6841909915371,1.725110702342206,6.363258706716753,0.8105963505948651,318.20287726441,1.7246419552213172,0.00046874230907901766,4.8118098006418765e-09,True,8.297293452713277e-18
331.6079260352168,1.7930583364296429,4.519530271894508,1.5189126749736375,328.54024709729185,1.7923087741705035,0.0007495496943211249,1.2564818276952196e-08,True,9.687192738439019e-18
313.745116505217,1.8990123472009666,1.8173842011220815,1.3851105043204872,313.0412649218564,1.8989140432381242,9.830377653234919e-05,1.8631019514905773e-10,True,8.870267730997293e-17
322.96657393634024,1.0056623269794291,2.1264045283217072,1.3591289648964748,321.36120786035445,1.0055460544622248,0.00011627199989318741,5.173110298594151e-10,True,7.091074089273378e-17
338.6560094995815,0.9367259455508246,0.8477741631630742,0.3224203839083963,337.73354629986807,0.9365855199205546,0.000140424743229702,8.870401229027569e-10,True,1.44755925197086e-16
341.09001961029,1.4115496854578584,2.0767369588544917,0.1717098009802776,339.52379788542635,1.410964186419594,0.0005854887057243736,1.0332539832434583e-08,True,6.573806407213e-17
341.34308016183996,1.447060938100902,0.9923469157954579,0.2829172776569777,340.65094130089284,1.4467513563281282,0.00030957893892573065,2.8338482489002567e-09,True,1.3875005693703896e-16
349.6551000280128,1.4473708089224804,3.8209725989660934,1.4211430803225842,348.5270085327896,1.4453704224659065,0.0020002632108209366,1.2324575275347958e-07,True,4.3760385605850346e-17
328.52261740884114,1.542157996987231,6.388730274944022,1.2654200402326703,324.02644908146505,1.5415038211817422,0.0006541649581369844,1.0847351681777032e-08,True,1.635558492074885e-17
349.62593581601413,1.0759471570554022,3.769933575266589,0.8868824547440088,346.39766284900145,1.0746687077328885,0.0012783823320227606,6.699049102331793e-08,True,1.0992586633051817e-17
319.94855109455705,1.4312003783754506,6.035719183013862,0.15084841629185208,316.6456095895933,1.4308734799557556,0.00032689562510173026,2.7945931701839764e-09,True,1.012511262712454e-17
315.93307223921937,1.424196434126968,4.825064327523346,0.4436286974411071,313.7246506747784,1.423989774489189,0.00020665853517320217,1.1026058149194914e-09,True,4.8711381076934474e-18
317.48385419150395,1.3981896043529023,5.6794400953711754,0.641122727885813,314.6919843706642,1.3979317909948157,0.00025781159976175755,1.7583248782331193e-09,True,1.1928778728854565e-17
311.6156387594326,0.9027987892040498,4.021910259961317,0.5854744565089692,310.1003514064603,0.9027171801341051,8.160880472137472e-05,2.6522336031211124e-10,True,1.9343177845423586e-17
340.612581576456,1.7192445612384764,5.511530367316003,0.7664006280421309,337.2460526426525,1.717625411226623,0.0016190858744571871,6.413739632099435e-08,True,1.7172116753372286e-16
349.58888773959734,0.832796954118311,2.5820281582177422,0.6935446692706149,346.6877595323874,0.8321060515336905,0.0006908772792060844,2.5305414382006364e-08,True,1.4175017636413717e-17
302.767916531076,1.3596281812565711,6.80422469994924,1.4112842344541163,302.42457549921613,1.3595185291925451,0.00010965176136364461,3.0266228303361e-10,True,1.662652049382662e-17
332.32455949680207,1.6588097201589056,5.2399545587920775,1.26358104581017,328.53644846025,1.658006016934351,0.0008036876093171843,1.5615237329991983e-08,True,3.605032740759718e-17
300.7721681956479,1.085664803037702,6.028638217704447,0.8374329777970283,300.79816152169786,1.0855973446830203,6.745821276190096e-05,1.4191986104527297e-10,True,8.372767661639059e-18
352.8928124422363,1.0040686109638488,7.149339966072906,1.5017800430989838,346.13349088335315,1.0018470325461966,0.002221361723323086,2.1669432932429498e-07,True,8.668751888757849e-17
343.4087965100247,1.086502991562629,1.1063209116573962,1.6687078161157545,342.3591399136413,1.0862124249676177,0.0002905632405651031,3.354446057392821e-09,True,9.119055461131426e-17
322.770294118073,1.6509362717452167,6.3083146413094795,0.414838862985656,319.1082840659439,1.6504594526436218,0.00047681387087872865,5.230716363478351e-09,True,2.807195366585603e-17
305.8435340041228,1.2681837109756162,7.4070168045903255,0.9361582334529477,304.7593219641583,1.2680479912683311,0.0001357192025358588,5.047493340756135e-10,True,1.2869396557623175e-17
329.47845763833016,1.9687124179910156,1.4480196061783381,1.8404672044061856,328.57965118610196,1.9684479096837493,0.00026450688228694843,1.4249794516259337e-09,True,5.5188786033115956e-17
341.370039116647,1.8512050412326067,3.171912068785378,0.4126872907128016,340.0432914963875,1.8499905420054295,0.0012144652281561468,3.399902108396083e-08,True,1.9986650425250544e-17
317.71777254780966,1.6587021992561355,4.03818519993901,0.61564571567921,315.73330737850995,1.658466155910147,0.00023604209576068096,1.2502278008258104e-09,True,7.826821275343588e-19
307.9686902209197,1.3658979814405208,1.616195645263683,0.31584027758864286,307.56840399925176,1.3658576617021325,4.0319696278433305e-05,4.21098806310792e-11,True,3.936686744614589e-17
332.00636398114517,0.9997542809778364,5.182445508651546,0.13266894243813868,327.2779178237487,0.9993170831352548,0.0004371902298631161,7.612718437552831e-09,True,1.415584317248787e-17
357.7247314692968,1.3234767105017728,3.9309115583734195,0.7119590295737478,363.2485639041329,1.3188159159616366,0.004660008248899885,7.862912363984344e-07,True,3.4847194492648905e-17
339.67713639441547,0.9731226962795543,1.5757919846594297,0.20929319142992447,337.99755093372676,0.9728466292167208,0.00027606375773556543,3.3050979751034706e-09,True,1.8308256770706456e-16
346.208474313586,0.9865728747417762,7.32338329576324,0.12576362410488423,338.4587787605355,0.9852319297782133,0.0013408677815346804,7.718202820519544e-08,True,1.0462551234949991e-17
328.01891655913,1.0178413984613102,0.8327493694747052,1.3611767845797456,327.26398550106944,1.0177699221370262,7.147612451206547e-05,1.9977182701425162e-10,True,7.529862151860694e-17
311.0614515286285,1.044338867365947,7.936235105607404,0.8159699266993716,308.61068406411977,1.0441739412467328,0.0001649251914747681,9.277395299401721e-10,True,5.491685146873078e-18
309.2158014898001,1.9795196119042924,5.710544917668393,1.6004632962539163,307.9547013274803,1.9793064759449712,0.00021313514533218992,8.139888636771054e-10,True,1.7776862579434574e-17
343.6470562492637,1.7230932050168069,2.123733076439382,1.1140350045302319,342.85167106029274,1.7221793539461412,0.0009138300905599203,2.098010573690222e-08,True,3.279674182850268e-17
328.197401078948,1.7865926996548955,1.4317258193109204,0.8092223146580173,327.2296995806473,1.786377548175328,0.00021515044849237396,1.0310752628958875e-09,True,5.894006709121245e-18
307.09057030553464,1.2731665743374572,2.607455394131862,0.8464285823819991,306.53147567533506,1.2731109381227748,5.5636129228817237e-05,8.545355225257701e-11,True,1.63660333269699e-17
304.71656986523897,1.372724875052398,4.306440481943399,0.9175783606170503,304.20206601239784,1.372643380046853,8.149483802733213e-05,1.6751769085261875e-10,True,7.967685882270534e-18
335.6876684584051,0.9534057229971106,3.7747213734963068,1.592589918448859,331.84521735288536,0.9529838328062313,0.0004218825668621144,7.624017209328891e-09,True,2.6682218361274285e-17
342.3314828229117,0.8737556662721644,1.7049901441686681,0.8484428399782663,340.3927111000384,0.8734400847935095,0.00031557660757506136,4.8710797440333486e-09,True,3.472851759524286e-17
348.0743430028594,1.8398022517027162,4.674255698490447,0.10980243051598254,349.6311096845429,1.8364647584684222,0.00333722175329767,2.7148099601997474e-07,True,6.905560487327691e-17
304.4553831537058,1.4080348561594045,6.965205083420425,1.6617263495755927,303.7556459893102,1.4079046719918598,0.00013018375198136956,4.1556328986640587e-10,True,1.2822195698090633e-17
315.89391993768953,1.2294475857812406,1.3700266522815205,1.3411477824522307,315.1720570258018,1.229390783267022,5.6802416879773895e-05,9.733877134067181e-11,True,1.118880055244014e-16
357.6091043952436,1.5355856328474642,2.2553803924240077,1.3980455264537253,361.3096416599891,1.5328165772210196,0.002768818926316181,2.367001282862969e-07,True,5.59982258166268e-17
312.4190605526593,0.8790900567655529,7.438810528487356,1.678318062175997,309.7138854453049,0.8789476409686114,0.00014241496940354165,8.275378381364142e-10,True,7.845537723372632e-18
307.24419842401835,1.5975209471421978,5.264069801178932,0.5701428438279977,306.2679649759628,1.5973830755483012,0.00013787117636653216,4.175302861056959e-10,True,3.017515896189074e-17
322.2494581510506,1.5811302032231904,1.3765098619933043,1.1214431417270687,321.36333234878174,1.5810118408900058,0.00011836199222923596,3.409553596508675e-10,True,3.2331137610119526e-17
317.50053548650385,1.1405352751780575,7.927459512094422,0.26079174462018884,313.6517260482138,1.1402649607797064,0.0002703120435548793,2.3547964452660043e-09,True,2.620009340447956e-17
320.17498270385084,1.9820551364343144,2.0640402752294347,1.9550202502254594,319.08896315166754,1.9818680750766657,0.0001870606872922582,6.703564790078234e-10,True,3.5066592285013493e-17
327.6306410562698,1.193497920810274,6.471910446278755,0.29532737982949725,322.7452369136374,1.1930318818164123,0.00046603193275749103,7.061104484206376e-09,True,3.143851525552466e-17
308.144653074583,1.2468660182503362,7.864005825323824,0.510156577553662,306.4658278668009,1.2467025970543324,0.00016342044342632355,7.525775781338304e-10,True,1.867434732180002e-17
315.3503205000307,1.9734264874091887,7.212007552629367,0.3913175058142563,312.6850848091362,1.9730325255093124,0.00039395902630899436,2.8735670532557514e-09,True,3.347275378291337e-17
336.2605170349396,1.263579301124787,4.140510634050356,0.18868028423733801,332.5625555078495,1.2629340428448363,0.0006452447700080941,1.3509942358334811e-08,True,2.5439498290403305e-17
349.2947712748367,1.812145937552687,2.1021783920207913,0.2436548857696066,350.0142351254229,1.81062939551272,0.0015164850763849601,5.696358216304697e-08,True,7.359374846015459e-17
337.160130218499,0.9185454520566165,6.946866943438668,0.2837074779286625,330.2003526345872,0.9178804312277142,0.0006650013381155898,1.949078673033147e-08,True,6.834106096039195e-18
327.46099823635404,1.4626245099726454,4.342748888669995,0.822285274021314,324.3013031133072,1.4621939972328242,0.0004305077792493021,4.960571781799897e-09,True,2.64440454755594e-17
323.61311687367817,1.4033215963983692,0.8933487537405436,0.787248712284097,322.9746218341148,1.40324461887896,7.697735540501131e-05,1.6400421934811934e-10,True,7.872466809842481e-17
324.21268141671464,1.1071791054006008,7.759572401897219,1.373649240103012,319.0379831057927,1.1067879106329006,0.00039118951963764667,5.248062426055918e-09,True,1.9918477911826242e-17
323.26449799626204,1.7908975805461858,5.163540796037212,1.5598949072052852,320.259159577721,1.79043522293765,0.00046235304398686155,4.5645490516321275e-09,True,1.7965020026487532e-17
314.45876946192374,1.7497386130464871,2.4310136591484457,1.8719811801711925,313.4505639374089,1.7496134397885765,0.00012517292923313133,3.286775431533684e-10,True,2.5512900702161785e-17
334.2418706315789,1.7829002278439119,3.8174521069053045,1.098787748470536,331.6704632289086,1.7821121908766535,0.0007880227566061361,1.4210652083380028e-08,True,4.221275636993182e-17
337.8620779612693,1.7502265395647543,1.4550946357009675,0.18607588281258142,336.99129574670735,1.7497986274061255,0.00042790776711687696,4.3915119176658586e-09,True,1.1497884571029185e-17
315.83781085744914,1.6145962911699254,5.483260957160888,0.6629075101680443,313.4809756355093,1.6143351558969792,0.0002611337223246498,1.550621480205775e-09,True,2.0917779834951593e-17
338.7331070093586,1.5189131675747785,6.5696073215942326,1.4342735790661243,333.62976003877935,1.5175868407709339,0.001326279026701201,4.77771435275566e-08,True,2.778744436608197e-17
355.00620179355064,1.6456897836392543,1.2812037205154363,1.9811780426069951,356.20668845551694,1.6444520263211218,0.001237714271287748,4.3046844877902135e-08,True,7.001377528034863e-17
313.201493382824,1.256610625178437,1.7370993139747217,0.5818475944834754,312.45109823853977,1.256551313961753,5.931111456230306e-05,1.0212156566518119e-10,True,8.18830124404417e-17
339.09513720849213,1.5544628714760003,2.018532139147112,0.5892438395458416,337.6799281912607,1.553910178396171,0.0005526848001497133,8.279679499230458e-09,True,1.1704541551423216e-17
344.60887233282835,1.5913868764926167,7.71518816788525,0.29101066401765496,339.8481417300572,1.5888830091392332,0.0025036992741349047,1.6807924863393225e-07,True,1.035847012912275e-17
344.24143683094894,1.7511874635834161,0.7630769917961673,0.7494522157150374,344.03159178369157,1.750826491249946,0.0003609690941140663,3.239356283998288e-09,True,3.2937427115914175e-16
351.81211895618026,1.698370773125202,3.2354883311712657,1.7238521378438003,354.0797923354981,1.6955459697089448,0.0028245881697944323,2.1524646259013286e-07,True,1.293959927784431e-16
311.97327485224025,1.6249925626857258,6.752976327329975,1.1834751720647874,309.87128321426667,1.624750492031583,0.00024206935946790605,1.2946748144104385e-09,True,1.7989666897467096e-17
349.9074204848722,0.8454277477361937,3.0745639606193644,1.859709563865287,346.485651384346,0.8446036080185593,0.0008241042799739607,3.543766049709373e-08,True,2.0212029950527113e-17
324.133506383356,0.975626229553738,2.0435776653254507,1.8982655685121,322.50939123068395,0.9755080162418444,0.0001182127570191534,5.548746076947706e-10,True,5.618813309901133e-17
345.3915338811156,1.6562397316440576,1.5429550843129072,0.689159624447834,344.9121507745145,1.6555083508455677,0.000731366671701827,1.412678781239662e-08,True,1.6196335145510735e-16
326.64452619737756,0.8974315663361556,2.0293464069382434,0.7038435376079568,324.859869010801,0.8973028856400816,0.00012867997157160234,7.245023115605599e-10,True,2.832057546153862e-17
300.8644668802003,1.8454338894277929,3.301226941019758,1.1540449268971218,300.9511449549932,1.845370261958143,6.36273952988515e-05,7.435120972539568e-11,True,4.2129044290945607e-17
325.5713772428726,0.9061264401691729,4.985978164710604,1.4787181650308812,321.6641529718578,0.9058751365898225,0.0002513008922041659,2.687146190133212e-09,True,1.0536818948989474e-17
304.937221921847,1.497770592274707,3.5673418995914945,1.3416748530278397,304.49323896629676,1.4976951010845825,7.549105813286223e-05,1.3199172424467955e-10,True,1.073120427428158e-16
302.42767377333496,1.3594286484736031,1.6054944108633902,0.2843542483044805,302.35130628740365,1.3594029392277118,2.5709229259839514e-05,1.6631519050890884e-11,True,4.183465534982273e-17
342.4354442780937,0.9350109996955559,4.134822920508407,0.8736163902787345,337.92734595281865,0.9343186328357075,0.0006923452222951267,2.163755333560147e-08,True,1.588842933446281e-17
337.8853808325053,1.934495873685514,5.172813766739954,0.5304854778172703,335.0511566793181,1.933026620192609,0.0014692071107080154,4.63821970222423e-08,True,7.948203586334449e-18
306.35136294819495,1.60555254543939,6.289066588050048,1.6750428449356531,305.39140625596616,1.6053986972330423,0.00015384769194694327,5.144007006019504e-10,True,8.639610630433757e-18
311.8810181901754,1.5268928516537905,6.724488923542321,0.3833236075919983,309.76173997442487,1.5266683656359104,0.0002244848337513102,1.1841287758142184e-09,True,1.3126033961478104e-17
304.7624045697824,0.8087432336307956,4.268539656306669,1.5980541364065188,304.1445247001444,0.8086958740656346,4.7359469171382244e-05,9.598959783309732e-11,True,4.587131873120733e-18
318.47395977984075,1.3253290471897292,1.3151010773083702,1.2272945380701439,317.6942251223759,1.3252574764897909,7.157055439578966e-05,1.4554250423841953e-10,True,4.2915437933897637e-17
348.73027674813795,1.0286237153967193,1.6652308395291942,0.11592423038599206,347.264321366126,1.0280522008203683,0.0005715005206021423,1.4055748939313234e-08,True,7.191809922775686e-17
312.6700672195387,1.8361268656521874,4.5369071154571765,0.7220585719330764,311.14700050406526,1.8359230674560696,0.00020379737752929532,8.18588587638829e-10,True,1.8752076031310502e-17
338.04289777119027,1.4577570953197203,5.297087807246937,1.7495562688477746,333.77883644722885,1.4567197671364662,0.0010372977126183185,3.047063575332121e-08,True,3.098957188592365e-17
346.0602013297482,1.9573462305470146,6.088409719647582,1.3987030936189142,347.6213334288445,1.9532832156769464,0.00406264033781857,3.745322495312773e-07,True,2.20807161020558e-17
323.0860388954323,0.8920666502422113,5.225534696475442,0.4939649192081689,319.3629194515749,0.891849009007887,0.00021763921454886342,2.019775456487327e-09,True,1.1933833914812967e-17
345.68726289202664,1.3546715098273765,3.781255180967329,1.320869393840832,343.06072445735344,1.3533749692655745,0.0012964867663637187,5.379543807259382e-08,True,4.2580793148063925e-17
323.0546931482557,0.8943074366980225,3.620687913549184,1.073461122172765,320.35864993183156,0.8941442957347917,0.0001631398246248792,1.1386059175655827e-09,True,8.406214135532574e-18
303.4636685920962,1.0663425265655364,6.479160758842126,0.4872757350607164,302.92519695940393,1.066257061621746,8.546470858284682e-05,2.352075036333127e-10,True,1.881580779390159e-17
312.9260426370387,1.5660962683146695,4.413859993260283,1.6798892809053407,311.3157502565298,1.565924836839654,0.0001714307952098385,6.798055976149834e-10,True,1.6801350086233267e-17
323.5173593623442,1.5281192687624747,4.4600192059160015,0.8678443508034593,320.6702087974306,1.527767663081766,0.00035160257971587346,3.100992908790604e-09,True,2.1102166136986432e-17
317.43553775353627,1.8177507509041624,4.386762607973339,1.5430303852406047,315.405690782556,1.817476882660866,0.0002738667105605146,1.5327358502805986e-09,True,7.506945563878522e-18
316.1764035428869,1.2639589625710945,1.2145101686160795,0.5187828571260582,315.5275367129173,1.2639057270391372,5.323544861537494e-05,8.334180501314233e-11,True,1.4374873175069137e-16
346.2541433573194,1.056497184019622,5.927627843612893,1.666176722475206,340.32175509501934,1.0551780665563288,0.001319047042636664,7.042065636007592e-08,True,4.5542220233431945e-17
349.8702918211598,1.107299949129764,6.254757274650267,1.0370716621431348,344.31978654484664,1.1053960171004542,0.00190378909196769,1.4293734196513763e-07,True,1.6401926865251674e-16
322.99002350810133,1.9584675794758406,5.017964455849421,1.0517486275160974,320.2222361401375,1.9579775924110003,0.0004899823781301476,4.68671003654306e-09,True,2.2823268045967678e-17
320.94604254144264,0.9537877776771261,6.777930301696641,1.0081823664300842,316.77204399775434,0.953540719749921,0.00024705553013211804,2.397072943432678e-09,True,4.9980562655866895e-18
313.45039030814684,1.1708057352368446,6.535312954687552,1.724718194717476,310.92972316890587,1.1706218091352285,0.00018392505737138177,1.044244767255744e-09,True,1.1287355706860773e-17
338.29861424809303,1.5579102031796512,6.383059003551559,1.141927749732951,333.4499788044479,1.556605000841374,0.0013051572744082118,4.5063869052310975e-08,True,2.07051287807633e-17
356.8506039986736,0.9845580591231582,4.302804132929074,0.5089993759891193,354.31803302361556,0.9823490170888679,0.0022088145792143656,2.2745507596814273e-07,True,1.2967257961074451e-17
355.0647144415788,1.1726369223029556,6.542144376864144,1.0525147279487874,352.4682933881678,1.1690768453255864,0.0035595849996727397,4.919776963807026e-07,True,5.0696065764608566e-18
335.08984750502225,1.192093377122596,4.137456075238295,0.6066834549077201,331.3113298471926,1.1915367275032636,0.0005566390351277466,1.0584204788104612e-08,True,8.144272741382323e-18
347.41653109965375,1.8034882466640867,5.964913216799783,0.49968984920587917,348.1398218190465,1.7996957142221643,0.003792177354332423,3.55087589711562e-07,True,3.842403974305342e-17
342.34026741213427,0.9068005908955203,5.593200380200276,0.5137022930443987,336.20826846421403,0.9059937368596171,0.0008068240069037131,3.0028999524222484e-08,True,8.784719920229475e-18
308.18445986093803,0.834041378291126,4.563701737351087,0.16762706540037847,307.0003795733634,0.8339750554561923,6.632264900127216e-05,1.8593244643781545e-10,True,3.13307235494635e-17
314.6058120835884,1.482406158999171,5.46435486761007,1.88074874738245,312.37767630804234,1.482187372871877,0.00021878494978997572,1.1775040646259069e-09,True,1.1216674005721194e-17
337.772774511979,1.386643813002308,4.813196500015311,0.7478540371466585,333.7345320466946,1.3857499498846373,0.0008938393394329938,2.3778237623764025e-08,True,2.2395098268986657e-17
321.9611783174908,1.6732841366184947,0.7299308824372808,0.7202679432266781,321.5022898940749,1.6732170092474,6.712726738862874e-05,1.0370614031146336e-10,True,4.2185078275088957e-16
336.90454285155124,1.9901934025086476,4.093757956508134,0.2795569075127465,334.7474223759119,1.9890220198862971,0.0011713540168570473,2.8605493514521848e-08,True,5.597541610826218e-17
334.9315042942167,1.0891362150626827,2.1767177529178774,1.7931276184378178,332.8154434634597,1.0888384851974666,0.00029772652442515765,3.340790999708587e-09,True,5.666204357512712e-17
346.50637881940696,1.4999284506599837,7.435888068908917,0.3376471214842785,341.9599966569056,1.4973071458833545,0.002621107147863808,1.976287653851023e-07,True,4.883992786517123e-17
354.2032067814118,1.126606000502713,6.812675490163576,0.6363646950668743,349.83571410663177,1.1235906978715082,0.0030149400920362,3.625391685976808e-07,True,1.0592205651766416e-17
341.4762942484179,1.2585255334590593,5.3194634381271975,0.8073648522009502,336.7179276764037,1.2574223585522804,0.0011031343503489135,4.0556429974671406e-08,True,2.1922965206792238e-17
352.7872855369093,1.2562823529222875,4.671877190929041,1.4465707745242204,351.05203171939513,1.253789200361944,0.0024929291133617827,2.2344698155556048e-07,True,4.747429150814175e-17
326.5239855405708,1.3860815353563842,2.157416559436113,0.10440351330994391,324.8903184149962,1.3858697703744345,0.00021176371133729347,1.2706124221110018e-09,True,1.9021710204386902e-17
346.5822880595886,1.9730093809946345,3.1106396419348914,1.6298348939707774,347.35633101568345,1.9709503968059368,0.0020588889891930543,9.519950475083101e-08,True,1.282667305055979e-17
348.470700348472,1.9493512297899667,3.956851588719526,1.358287628635451,351.27054201300774,1.9460280922856859,0.0033228814588100535,2.5604547092097516e-07,True,5.811215902511061e-17
300.88021292290216,1.8280524031962724,0.7031556127588758,1.7977608560496139,300.8996209416085,1.8280390375245639,1.336566839784439e-05,3.3107787516100806e-12,True,4.477035744245149e-16
325.6393955057763,1.8695298349983211,3.7176556725887315,1.643269411649338,323.342038850318,1.8690912487725173,0.0004385822203113344,4.005492512001047e-09,True,1.7405980995983132e-17
317.68953847975024,1.2848124877634528,7.577133544742744,1.9248865522139962,314.0309434849518,1.2845125403837523,0.0002999447999470815,2.5797534802754355e-09,True,6.2635763514566675e-18
340.97633555747205,1.3586774285580783,0.562649662452592,1.0075356189642435,340.54430430641,1.358513784990371,0.00016364272492518079,8.427819067158332e-10,True,3.1234362936492777e-16
335.2579640242874,1.5347001824777755,5.098513731326045,0.9378601206882284,331.3024190551081,1.5338177473295906,0.0008824144862704766,2.0661914410370138e-08,True,1.633752303174251e-17
336.088998307053,1.2505662034256824,7.281772582046674,0.33450947006291865,329.72974905987775,1.2496486967666172,0.0009174794792542339,2.717981117805105e-08,True,2.977036443638282e-17
320.4954184146246,0.8264257294519216,5.216527822148252,1.6804695751089758,317.1268586404747,0.8262563536830774,0.00016937446587535085,1.3029688281419074e-09,True,1.1887788123655604e-17
344.0539685085149,1.664118934398234,5.332246396822353,0.6538034329969885,341.3854084770889,1.662111080078403,0.0020077501708416472,1.0414898978673746e-07,True,1.6722350796268309e-16
333.74511432478835,1.2021093328166739,2.736837496659648,1.134619219636729,331.2583801649222,1.2017393664384286,0.00036996174385219764,4.634393119994692e-09,True,1.82656149192389e-17
328.58085478997333,0.8139582678820019,6.6170421323336335,1.5044204750627674,322.9954179781398,0.8136271552906711,0.00033110735734355034,5.233987335451943e-09,True,1.2644194196189523e-16
328.4343580218789,1.7329403965805472,3.693273495692633,1.2853078477454714,325.91836255346425,1.732451479374912,0.0004889117559639625,5.449671541448832e-09,True,6.555062139607405e-17
304.2877760539719,0.9654266316671919,1.710599031865687,1.3558226359763998,304.05915108965485,0.9654041377029509,2.2493946111893192e-05,1.812909998265584e-11,True,3.4037515244557196e-17
321.4137421732669,1.422126227983442,2.1466758872303116,1.291448952067712,320.0357999740556,1.4219761450719912,0.00015008230666168262,6.047891812821072e-10,True,8.472602244554939e-17
309.95309973143065,1.0109154020912845,3.7896950378368666,0.3309789896132624,308.75307628537746,1.0108382652207981,7.713666066283142e-05,2.098234190288942e-10,True,3.702665344790087e-17
317.2844908856728,1.7673458797022308,0.8893894148786046,1.3098265580178232,316.8337422344138,1.7672855059163943,6.037370857242826e-05,7.726400734994844e-11,True,4.3199317957790606e-17
337.99571114996445,0.8692376716191315,2.758233385752145,0.9131644320476794,334.95440638117793,0.8688878878361395,0.0003497779376143503,5.84537763000509e-09,True,6.631721849280102e-18
312.70401425762674,1.239397426583856,7.6863683777592176,1.3633766677247459,310.0335142350288,1.2391844896196609,0.00021293564936415406,1.314830979223122e-09,True,1.3674824240930281e-17
315.0078673986712,1.588510168599687,7.865260058460688,0.3072225858715843,311.9817200546247,1.5881832825733266,0.0003268835792361427,2.447123998481221e-09,True,2.391849116834261e-17
302.2873844745418,1.8137254629554127,3.2733130071505325,1.132579549578941,302.21136153118846,1.8136563634949137,6.909937052958185e-05,8.996953046107408e-11,True,2.7789135304584316e-17
315.3921795490359,1.0164950484731732,7.876749975489898,1.330364765444441,311.95130341931537,1.0162860781951337,0.00020896871548432825,1.5625550439348294e-09,True,1.071631312007194e-17
350.0490834161248,1.1082929556569352,2.974916917093089,1.4890664757668017,347.77323088090253,1.1071565605720002,0.001136343353360258,5.173157477175534e-08,True,3.7593195823930304e-17
347.66609978947224,0.8644107416616033,4.733863279040935,1.9173544102683702,342.26592864979176,0.8634285618438324,0.0009821316256816964,4.8192089046711476e-08,True,1.8021366745818586e-17
350.4636383357894,1.6122954256412103,0.5900109338459902,1.5465838782922123,350.5309860827522,1.6119038143669961,0.00039160699660758884,4.2776064189866345e-09,True,2.7893373671004045e-16
319.59534734902877,1.6630015980921904,4.4316615468204255,0.8944933432099925,317.238523702145,1.6627095149052813,0.00029208126012354615,1.926785574316811e-09,True,5.100854573970193e-18
350.97788368228385,1.473657198913187,4.743081657764339,0.5336901135274641,350.54686552212456,1.4707817634483034,0.0028751827161973137,2.527486864445928e-07,True,3.7002587469224e-17
326.0821001250792,1.8883080888708228,3.9836974854819283,0.27759755055689184,323.6231406746895,1.8878233317793012,0.0004847522390314256,4.852490465614047e-09,True,6.70982698652518e-17
326.7324522405577,1.8675758369692819,6.664270914108654,1.5337927517975414,322.6725228895,1.8668290028513999,0.0007468225343392454,1.158354299829945e-08,True,3.487362061401048e-17
307.1225987476262,1.0182144614602364,7.178291139406385,0.6525746225527005,305.7081065602176,1.018100107090437,0.00011435392074353795,4.4905585838792576e-10,True,1.2300035535314535e-17
329.2540162429523,1.210095520176989,4.014943089696203,0.12143232448604752,325.94640818402195,1.2097236214278535,0.00037189423273385297,4.516401679159116e-09,True,1.949831133182967e-17
308.6350933730743,1.041173513872156,0.9458061922703994,1.1016846201202029,308.35221980465934,1.0411543273075707,1.9186552013544083e-05,1.2571645596788628e-11,True,1.5401339263347218e-16
343.32381058730283,1.9568283380699396,6.808224077715851,0.6924626256637714,341.61146345118374,1.95376883807802,0.0030592940342343516,2.0595768510482916e-07,True,1.6664985196169106e-17
313.12685962941345,1.097739111181353,6.967670737159834,1.979873201183724,310.50527169378614,1.0975614676383327,0.0001776425067957835,1.0362245037373912e-09,True,4.928726669823199e-18
326.57146576716184,0.8865531683295407,2.8329929823656648,1.3278993251978382,324.1308389532149,0.8863850643381413,0.00016810274494450753,1.2464549055170793e-09,True,3.0655509708019803e-17
357.34945968166346,1.575738849464073,1.8682069863756563,0.3767102868838924,360.17304794283336,1.573539627419808,0.0021990773627079364,1.4468155718672678e-07,True,5.033483614796966e-17
355.31408711158775,1.3075271429733728,3.978605461127368,1.5054024527690362,356.2272198844053,1.3044742479302653,0.0030525649091758447,3.3013393165370977e-07,True,1.2871015768052465e-17
311.4655003996351,1.0881978640675452,2.9815274243511527,0.6225695313625657,310.35773717738533,1.0881233991433124,7.446474074337023e-05,1.8348933041577204e-10,True,3.336299883190843e-17
336.68429722821816,1.4105530142225673,1.8590577958006549,1.7231527878155566,335.1592566073304,1.4101648966005227,0.00038811318276296984,4.439281436470322e-09,True,1.0658684742587498e-16
325.0468065458718,1.8628283044532625,3.408813968849151,0.7049044984143585,322.9532390062835,1.8624390811709233,0.00038922012355498256,3.1587844116007055e-09,True,4.122608862833271e-17
314.0412552141937,1.4372160834287027,2.800098081702803,1.7875677166939603,312.8440220475077,1.4371032489810833,0.00011283412367615661,3.239431929198816e-10,True,1.9210487868375428e-17
330.5927289140984,1.2444973130292705,5.382692489122273,0.6974192450941271,326.1838427997411,1.2439755740660736,0.0005217303074343512,8.655762411315752e-09,True,1.6438682490657217e-17
353.7610465170625,1.430177976960911,1.2462702998133728,0.6883080336693008,354.0176248428697,1.4292643273173329,0.0009136229377025481,2.6705875628330325e-08,True,3.818510902167677e-17
355.77563641590837,1.780724987895326,1.0750920442556353,0.9498020233658143,357.3148763324389,1.7795218704104359,0.0012030797033363411,3.778155378968036e-08,True,5.04926539504119e-17
336.369273919804,1.5655471800828635,7.883716899377459,1.912936256250211,330.35733203530424,1.5642464639358387,0.001300672356632715,4.379039197886234e-08,True,2.984845316895173e-17
325.407942173533,1.1566381485510242,2.568622242496337,0.5863240056934386,323.4057428292151,1.1564497616173315,0.0001883857388477901,1.1948449675784333e-09,True,1.5091541358821472e-17
330.0417430267773,1.2554399647337389,3.825979847493914,1.3537185183017562,326.8715344504211,1.2550464652042614,0.0003934946302717511,4.899205683968677e-09,True,4.771550866924341e-18
312.0309782940768,1.8995120469452869,6.548671319345336,0.7750241439122729,310.0878900666168,1.8992327631620611,0.00027928230695781957,1.4762677652149609e-09,True,2.4010399807393465e-17
348.9732432652774,1.5586911526797447,6.179622435983422,1.065209296616966,347.52475268400974,1.5554277052705934,0.0032631441234837566,3.032856674856463e-07,True,1.799961205710067e-17
340.66577077768574,1.4447113447985709,4.1947050574472335,0.6909007334016533,337.4162687487858,1.4436634135923265,0.001047899212885523,3.199335889842196e-08,True,1.7701816187938888e-17
313.4948016699622,1.0256415806738288,0.7209770351156202,0.40703520439157553,313.14900081463577,1.025620335581205,2.1245076501850147e-05,1.6121967834314612e-11,True,6.723206131983533e-17
300.24878162177004,0.8371276755219761,1.4328823710713685,1.0615118177017837,300.2733790541419,0.8371158609979994,1.1814518351003436e-05,5.625621939265715e-12,True,4.8064609505924755e-17
329.4039435125739,1.772383601692079,1.1228018100695218,1.1504704318283139,328.6341752003799,1.7721982183163527,0.00018538259801999235,7.777062164718442e-10,True,1.5458649614040696e-16
316.4851568759475,0.8751520345876612,2.2179815602754074,1.3183791321222946,315.21854887963525,0.8750863374639943,6.569694068647529e-05,1.8298026961081781e-10,True,6.546465122158701e-17
311.19322347364954,1.244846387779523,1.1510860832788672,1.0855455968448375,310.76342058995414,1.2448123995700675,3.398817595633373e-05,3.349942622437167e-11,True,1.8876612541371245e-16
327.0065977250283,1.125884593558518,7.265062453260348,0.8192288463938393,321.6348338920025,1.1254306771856843,0.00045390931747486986,7.055358875616126e-09,True,1.5829774986567887e-17
333.72966489516347,1.8690385961486986,5.359659139492305,1.0694039616279765,330.24980866189065,1.8679907152602784,0.0010478571027477102,2.378567242532627e-08,True,2.702038218340132e-17
304.9113840160399,1.4724261549958577,7.030087257078453,0.09825103344402253,304.12626056209604,1.4722843716741911,0.00014178284916810117,4.72498506231526e-10,True,1.057355587789024e-17
344.49515010472595,1.7033136081276783,5.047448945622588,0.9315128396731746,342.38122830943746,1.7012342673224852,0.002079231116272941,1.0968892026672387e-07,True,6.775630420028112e-17
300.1701276286582,0.917225304140046,1.444055599896685,0.5919289371570855,300.20319071194297,0.9172123374189406,1.2966714923658084e-05,6.1817401257733964e-12,True,2.184247498268406e-17
326.9200988732249,0.9417877288513952,3.470342043643974,1.7199078128433865,323.98962750413006,0.941571272720154,0.00021645418732462363,1.9439166856857402e-09,True,2.993596799780818e-17
323.96963062574434,0.8026177144297924,5.556117785113069,1.4709989693231273,319.838464887094,0.8024017958607244,0.00021591635334382295,2.2157241828837918e-09,True,2.4672844340366254e-18
338.420706795368,1.722668671156252,0.9681534240447003,1.1333645065897617,337.849003826425,1.7223714187051131,0.00029725028849080486,2.162648238080392e-09,True,1.8399597102685658e-16
321.88778093917335,1.1452780841647128,1.4902837841883467,0.16280833448021848,320.82525870377805,1.1451889744260402,8.910947271286744e-05,2.659595973461814e-10,True,9.149437143726777e-17
326.8926048863487,1.0050986193551956,7.692166457073954,1.4869128035803816,321.13577132355834,1.0046854853004399,0.00041312752681890827,6.527936895644815e-09,True,9.09911311646453e-18
335.9825604439051,1.4478324761935157,1.804206767085472,1.4177695640410188,334.5293739253695,1.4474624612138125,0.0003700110621019043,3.917601242644859e-09,True,5.529328576987041e-17
315.31568831056745,1.891897485279005,6.095160228379155,0.2670469666997988,312.9642785117634,1.8915710788960203,0.0003264043219403751,2.0610443512627382e-09,True,1.3432317337197061e-17
325.25170737639513,1.908169299523042,1.3194243482109633,1.2107173418852475,324.43177180705857,1.9079969584267653,0.00017234048661040894,6.096661570174728e-10,True,4.149398757447564e-17
355.095563092705,1.3354619257711757,5.627753735612304,1.2541694682247284,358.27502093040016,1.3304688905358886,0.004992161080968349,8.741543186863305e-07,True,4.1630200487215384e-17
325.2916434196695,0.8018453676479302,7.4075897106826565,1.4552237553664569,319.79395307312456,0.8015587774488738,0.000286586292448897,3.906607420570832e-09,True,1.365105336193555e-17
313.7025624915812,1.0678691355729089,6.717608721020737,0.8570951022899417,311.0280237782952,1.0676953259944506,0.00017380855540631077,1.023051865142913e-09,True,1.39328910176297e-17
305.33834251273487,1.931391983246259,6.109430336051726,1.7070105566199423,304.67158876454494,1.931222748797757,0.0001692339334820216,5.150202401702017e-10,True,3.8240206631547966e-17
333.28685388763347,1.645325412336831,5.874516276278473,0.4382393903278246,329.0010099341528,1.64440123529177,0.0009241561729194606,2.0872141590962776e-08,True,1.242231807363162e-17
322.8537733794604,1.444000530388776,0.5856705808423149,0.8783662325201844,322.4469513643089,1.4439506176425951,4.9912679376044664e-05,6.680487401527947e-11,True,1.6294882496854474e-16
318.6226576444157,1.0957642753201122,6.09111812533306,0.6302957448581766,315.29085725403746,1.0955371152688949,0.00022715830303328985,1.7481841051006148e-09,True,7.780335926312367e-18
320.3064377600935,1.7386501422287002,3.94239229343047,1.3754695598323594,318.16169128289044,1.738358347165633,0.00029179321361873147,1.8494483081857063e-09,True,4.139467902753514e-17
318.138962536667,1.6513310799508638,6.597108197771288,0.722468829814229,315.02462034244365,1.6509680028366869,0.00036307415542091785,2.9587559811189253e-09,True,5.494079611543742e-18
306.1628181668291,0.8639622321803544,3.7633321233036185,1.317101797817384,305.4311434879219,0.8639125257992236,4.970628132269852e-05,9.980813753450675e-11,True,1.7237081711057182e-17
324.5426494050729,1.6667309060514706,5.868000531238411,0.6672074212221182,320.9155138342531,1.6662168894161955,0.0005140105498569617,6.085417996280702e-09,True,1.975508708177632e-17
332.1914271217501,1.292655286259664,6.6815360646345106,1.8163620262428237,326.74173406083304,1.2919545754861899,0.0007006956933114616,1.5080162648507816e-08,True,2.0049498337226295e-17
342.39786400354154,0.9258299736520509,2.715870046962351,1.8859261749702652,339.4125935857793,0.9253315959836622,0.000498366259688988,1.1408699633905885e-08,True,1.8480942928626e-17
325.016683410623,1.0106547793192835,7.198892595813935,0.2816152313704886,319.9065366986959,1.0103006988871102,0.00035407569790107214,4.73427210754265e-09,True,2.1099409707416287e-17
324.9819846735493,1.9669798497949649,7.8858090796797065,0.5673498267434645,320.5926850473078,1.9661844747741388,0.0007953626964170609,1.2324408898677153e-08,True,1.1559775033808907e-17
304.66091065941305,1.5326739165238576,5.214114270625781,1.451905152192583,304.09927173066615,1.5325647017841548,0.0001092144704193486,2.692834719993485e-10,True,1.3423617771612986e-18
339.4783065985647,1.7056839812839433,7.414398774795735,0.7056662529720256,334.4560774263601,1.7039031523020074,0.0017807519265228275,7.70554131504115e-08,True,1.347121524397785e-17
319.9163640744679,0.9792100458878805,0.6155474130068019,0.06564556522751255,319.4843346732938,0.9791816350329603,2.8410823548950512e-05,3.1371245537474134e-11,True,3.9560000625081475e-16
310.88276553265894,1.449637481280182,7.373802414870377,1.7996891480657176,308.7738565028744,1.449421904248763,0.00021557588833655,1.1430824732111664e-09,True,1.1001105861813343e-17
319.39346239331286,1.7114830193932073,3.793207165405997,0.3002333127539002,317.38762951396126,1.7112227249958658,0.0002602929091909107,1.4881507026678977e-09,True,2.113852389448143e-17
338.93715915570164,1.354126845951898,7.672191394115499,0.9489186102969992,332.39132940558346,1.3528614909254748,0.0012653065727904838,4.845363271095232e-08,True,8.848630752038303e-18
300.6978156967078,0.8641237303387828,0.9346516868514883,1.1796049021652613,300.6981583867911,0.8641154772727732,8.253063342598714e-06,2.6669281629219667e-12,True,8.194464541599189e-17
326.35539399606483,1.2124996357183213,2.2669991177193483,1.6931770059921292,324.55638253715483,1.212309742346127,0.00018989220644251826,1.1657516613227445e-09,True,2.0095749128329765e-17
324.32188273288847,1.9912494726302836,5.482037952497759,0.5334275273166472,321.2377393827946,1.990661566787814,0.0005878991666852056,6.6757843414195956e-09,True,1.0144446873837341e-17
337.5562288485711,1.4921121861844155,6.214374977789527,1.080944557657704,332.62860420820266,1.4909635280529685,0.001148621854320586,3.62771265443589e-08,True,1.4294293434471687e-17
347.46344717951234,1.3021646395489723,3.0624776544382155,1.6347756148858292,345.4839120405112,1.3009802509612909,0.0011843413107074314,4.727697413483039e-08,True,4.189063569921071e-17
314.48544476706934,1.9752848370413836,4.63732043698857,1.665439435889358,312.76227943003664,1.9750296934555958,0.0002551423811677818,1.2046200685304096e-09,True,6.6069409945455506e-18
316.6039082105275,1.5592173458575371,7.746048823818044,0.7536197727962005,313.27879028466003,1.5588668104682928,0.0003505324993336147,2.88991079194785e-09,True,1.1014723954754884e-17
344.69149206420036,1.1881194849276142,2.9551979467382132,0.8101101592183345,342.1287116627884,1.187284052392243,0.0008354071963187188,2.5339052374968062e-08,True,4.193491057261726e-17
345.7754543271698,1.8947929704198763,2.5734522172043315,1.0296380113727874,345.7931216724162,1.8933149593495693,0.0014779604012393587,5.0669067691190016e-08,True,1.9361606141726336e-16
313.6386804944485,1.4166409715164154,5.100149882684798,0.6242739099526932,311.6520548569751,1.4164568703007114,0.00018410034716476726,8.685393191060882e-10,True,1.7514507994992085e-17
301.89558683540423,1.5102585374352924,5.528979651084513,1.796473761815629,301.7891918643091,1.5101648061019879,9.37311350435551e-05,1.9826089510061194e-10,True,1.065801023139542e-17
356.926784155123,1.598963134268363,2.9608806928053357,1.140302985480358,365.8066724765014,1.5940306471692098,0.004931750010949693,7.370882033932365e-07,True,2.9533470662882617e-17
302.2396665586342,1.0495302148601735,0.9720860699951354,1.1789863315339064,302.18730147100973,1.0495183644783612,1.185037724019622e-05,4.57201215793653e-12,True,8.11362271336872e-17
333.48529048453605,1.8351519451142086,7.608329514816375,0.1616840462987251,328.4259253407837,1.8338714958353932,0.001280413466871968,3.58119433208923e-08,True,2.197947286054904e-17
300.91763379643504,1.9283349879805536,3.708728991358655,1.0863304363685924,301.01707543809806,1.9282598693787052,7.511850262764352e-05,9.922056547750577e-11,True,4.981681428058246e-17
301.00376150279885,1.0631485751178142,5.698459533131536,0.5044970042603827,300.9808836265801,1.0630851405460717,6.343444343520327e-05,1.2830737114413496e-10,True,1.4978380026425418e-16
349.9537518965698,0.9599681137682531,3.8796101350923338,1.0684904868790857,346.09817727056384,0.9588170027706046,0.0011510502167961325,6.078085240467487e-08,True,1.3759305589218537e-17
343.76225576137955,0.941449319332656,7.638691628487161,0.8620003527013272,335.57663390464296,0.9403545785959738,0.0010946876555818395,5.308110020486573e-08,True,1.3983619288418978e-17
335.8525700315576,1.637340358938149,4.139808300366955,1.2814374113290805,332.84155263714945,1.6364877496010877,0.0008525911059759434,1.82310853620554e-08,True,6.684826444167727e-18
309.1580696206766,1.204300686343728,2.3642666479310117,0.3953335705274735,308.4674421429302,1.2042446842531962,5.6001997865251266e-05,9.266644367569104e-11,True,4.703483544460012e-17
322.8865179162742,1.8485011679644276,1.0198456123819066,1.6548539557620874,322.26749303991573,1.848391401336561,0.00010976637573206869,2.521347989998303e-10,True,2.096910602007601e-16
346.9789115994258,1.3276697008834244,6.145649327666299,0.8855153548361804,342.4268175854941,1.3256908186758218,0.001978754690142164,1.275174605275936e-07,True,4.207698566838974e-17
351.1312228566971,1.622497147058692,3.785650355491828,0.6765108340819317,352.4368452347284,1.6196487667191364,0.002848153037139464,2.273024161993869e-07,True,2.3900283711459836e-17
311.98414735054075,1.839568577201026,2.333748634644679,1.9774806968127314,311.1976864633363,1.839463112171016,0.00010546481114153573,2.1886833469487377e-10,True,2.964700161624247e-17
318.6435662228525,1.2302147559127627,3.5869078548060873,1.6603810712499532,316.59003731510427,1.2300484748592349,0.00016628021268632337,8.408416630947691e-10,True,2.5596261890599272e-17
334.77499583779127,1.6941885098474176,3.043843729542234,1.3143926720855623,332.6333192864091,1.6935492297435728,0.0006392702110045027,9.89284019382592e-09,True,4.9180881237226216e-17
347.49519819773116,1.2999200059263238,6.218814536651082,0.7331171721626261,342.8149825235383,1.297908187303201,0.0020116837367114703,1.348864113200605e-07,True,8.986668469241584e-18
317.7954131874313,1.786258518034325,4.506280925718598,1.1574248661377036,315.6616224943593,1.785976452025678,0.00028206435154225245,1.657104548510848e-09,True,2.1508859874491107e-17
302.48878727010583,1.453248634133422,0.683640681346606,1.3355135543108714,302.45614493790924,1.45323682578433,1.1808345807719366e-05,3.284301409174965e-12,True,6.914698603098215e-16
307.2390066411289,1.2255257800681147,1.1767022968233087,0.12909214747922768,306.9638871584873,1.2255007271609675,2.5052889096771216e-05,1.8050304420983714e-11,True,9.16341605549811e-16
327.5008318597164,1.759518491760823,1.2098436991263022,0.484620540360947,326.67780828554663,1.759346517912904,0.00017197318111156283,6.668073117275987e-10,True,2.0742845157305097e-16
345.4373111605794,0.8959493672139457,5.313981373347207,0.14665084575948753,339.4820568865037,0.8950017280379825,0.0009475965154207859,4.266054249756794e-08,True,1.788942463920135e-17
342.5981654644769,1.317758278628229,1.801245750584949,1.2738998852151815,341.18684612609667,1.317227873668844,0.0005303957977129713,9.161671675515319e-09,True,1.070054484631056e-16
355.9427451105197,1.128686114776715,6.290096548037631,0.37504449988883837,353.46864709334574,1.1251782919451851,0.003507324154841522,4.986766882931471e-07,True,2.3214697581328984e-17
316.0367289861066,1.5633793569136722,5.093776493893247,1.5834474883787708,313.77338843803057,1.563138940434334,0.000240415119535252,1.3598026400248625e-09,True,5.1528451763815544e-17
343.1854143724032,1.9920495442052655,2.648163242719032,1.5809825862755789,342.81916538369387,1.9907351781392346,0.0013143285272885722,3.7538742547666874e-08,True,1.3914424698405988e-16
353.1899964569545,1.9528049786842012,0.6551020879399996,1.5060982455620018,353.9406324481905,1.9521521620339275,0.0006528066715649665,9.978708766728357e-09,True,2.1322007995020938e-17
345.0844936157243,1.3685689761799527,7.824350616598685,0.6162309646323928,338.8279206407215,1.3665311930860735,0.0020376543379024854,1.287559765455638e-07,True,4.459553001302132e-17
340.9997836773024,1.8419090240132825,2.851490668887289,0.7418689978490979,339.7489834288186,1.8408440330663058,0.0010649647137098129,2.623326687199046e-08,True,4.517087074703832e-17
312.06878241359277,1.100329673669446,4.752238004500466,1.1561554861970698,310.31530791301986,1.1002100787450562,0.00011959445641800924,4.6797175887992e-10,True,7.589433834503755e-18
309.29302582422207,0.893994378524832,5.933268860448626,0.28123897716677065,307.62771839184995,0.8938970302214686,9.734792814350188e-05,3.7521987510242893e-10,True,1.1944659189735302e-17
346.41297191126904,1.7446660393237665,7.331220425497804,1.3929911301806386,344.62501493969523,1.741079696323975,0.003586020513619834,3.224861717189601e-07,True,4.610626120406549e-18
320.5570122009299,1.2954637091547077,7.325769927980671,0.39967124958136774,316.4570145689353,1.2951098324188577,0.0003538731217569441,3.6140929400151636e-09,True,1.1912561420043065e-17
319.42340042729677,1.9056152699438011,1.153480906993545,1.3103782695588302,318.8089103358604,1.9055168989394653,9.837081184245258e-05,1.9249323890016428e-10,True,1.4065654064472168e-16
336.83173876341135,1.011833987307738,6.739734377726466,0.8202269594922502,330.3006930978996,1.0111181264995652,0.0007158402946222423,2.0513550433207126e-08,True,1.672499456514003e-17
349.8151099136373,1.1362087485371595,5.793730794022843,1.681358576001868,344.94766344619114,1.1343226374326616,0.0018859739719944745,1.371325034034431e-07,True,1.8222183766129397e-18
314.34774388650675,1.2131275176500647,5.329184472149327,1.2939727888151271,312.0907534654536,1.2129568736660001,0.0001706431103008386,8.737636931743237e-10,True,1.3079504269593117e-17
306.0191920356229,1.3795413386716118,5.078843683871067,0.07459761629150537,305.2158619018208,1.379436143640474,0.00010519475156367789,2.79574040824919e-10,True,1.4097608511526007e-17
301.2696248915007,1.4860309073268918,1.9394989811045065,0.8247303287686871,301.27015190908065,1.4859999658904393,3.0941414571794985e-05,2.188081768452142e-11,True,4.1419244673268115e-17
314.58349446876036,1.1294158920610347,6.28029347225289,1.5649510198584675,311.91423941252464,1.1292313093681885,0.00018458159590713273,1.0969390115626996e-09,True,8.03364999627397e-18
341.52744935989625,1.9428306745782793,7.61707076050138,0.3322295264364515,338.1854339748432,1.9401349706243878,0.0026955457850282557,1.581688634205695e-07,True,2.42234504832957e-17
335.2273696650031,1.1624748213021492,5.537073266637616,0.3649678437942809,330.1822137168277,1.1618047690271238,0.0006700366439683533,1.563105696433036e-08,True,1.3510691504327203e-17
308.31742325543047,1.6148159671568059,2.4623432706925996,0.5719074357913037,307.73289967904554,1.614742351333216,7.36157047268993e-05,1.188630398917983e-10,True,2.6469857504533257e-17
327.0220368761564,1.7606796951407448,0.9610074499178821,0.07646314090621026,326.3709130026056,1.7605460409833114,0.00013365375564918013,4.017843865782185e-10,True,9.678448242490654e-17
346.88702483248744,1.392723012252292,1.9213528263548711,0.9252032300863928,345.8689619437842,1.3919077274281986,0.0008152638449374856,2.0979155937327234e-08,True,4.0282189955216075e-17
332.4766343456801,1.7670831494435246,1.7916577280884587,1.4894546615819633,331.25351363055336,1.7667272093426665,0.0003559371830731792,2.9177849503744e-09,True,2.853778476759569e-17
309.085948626009,0.8806288219461386,7.447822265946411,1.252708139329697,307.13503164533097,0.8805132621538223,0.00011555925722004019,5.350962095009766e-10,True,4.50116203005618e-18
336.6432302656774,1.8849134584154676,1.1946284205004072,0.3873643472537884,335.9877357510118,1.884560418669257,0.0003530369855300389,2.7606802803962394e-09,True,2.334911950697013e-16
318.44426827468465,1.4653709112925464,4.334586922648155,0.9793877575784237,316.15465973123094,1.4651395675074022,0.0002313424222845407,1.3628596608125835e-09,True,5.774546341168807e-18
305.6077133765028,1.9790335211467993,3.660810351248712,1.999757921978815,305.15391359115165,1.9789253087382344,0.00010821220242655936,2.0613860073231098e-10,True,5.621104523318224e-17
302.5897430965709,1.8655248167848144,0.8971119971392655,0.550450830903596,302.55905919952886,1.865504749602537,2.006717488376394e-05,7.393858853097652e-12,True,2.1732229527862085e-16
352.28360721390203,1.0805778454993682,2.020132147400233,1.7726628339171167,350.9938078604149,1.0796529504623291,0.0009248593343627564,3.570267638615851e-08,True,3.3450719786098905e-17
339.064624736795,1.5173963766263212,2.910461365158686,1.6438376587605459,336.9134072396463,1.5166584797717362,0.0007378817950062462,1.5059578673708187e-08,True,4.0899976994062635e-17
324.9055651949533,1.4111577644236453,4.8608724503518665,1.5748217184120432,321.590308501337,1.4107783366201074,0.0003794238718819084,3.9316559139603565e-09,True,3.789109404375965e-18
343.07845555155166,1.1053228398379538,3.3629130364201902,1.386946753031026,339.819413796889,1.1045655965929222,0.0007572211337360359,2.211129553990266e-08,True,1.1096746843469696e-17
316.97851702784067,1.888445390842323,3.582169476657523,1.6710771940390667,315.3565575564368,1.8882139453368492,0.0002314444521291215,1.0533449023706787e-09,True,2.419480917906959e-17
320.0055789126247,1.0524609137783618,5.89871381664634,0.5585990485913391,316.50480454489247,1.0522285440255852,0.00023236783421194906,1.918564808154267e-09,True,2.317459524677467e-17
357.59326278974544,1.0303046147204535,1.285611919824561,0.5271979651347213,357.2725482310079,1.0294744606218396,0.0008301230115506705,3.1087063294431944e-08,True,6.084979524796827e-17
328.7135751048367,1.7574904723260496,6.796830520701137,1.1614671129782854,324.2549612554698,1.7566837575800636,0.0008067002518204644,1.4494165775732318e-08,True,3.010395819320138e-17
307.0743784995032,1.2703897396332124,7.96052898094383,1.0768336475611298,305.6387074858255,1.2702324339369329,0.00015730501551512627,6.807644295011257e-10,True,8.411377217099299e-18
327.72619689621297,1.4509827246457838,4.075406340925057,0.4335257538270879,324.71883341713664,1.4505693079602322,0.0004134120634665242,4.622085212953654e-09,True,3.127559610010216e-17
326.8155407333103,1.5871786997326107,5.407754629070951,1.835546556896894,323.149709420433,1.5866448706728256,0.000533822077160715,6.982624265674432e-09,True,3.533786238079738e-17
315.4701451566997,1.8466304003491365,0.6633681383386296,1.9972116663424302,315.1697545080303,1.8465890960971856,4.130421768557383e-05,3.426527961753994e-11,True,1.4138268720423953e-16
322.3625260919906,1.5945062617033674,4.058919263935019,0.5515672829378169,319.89283174767854,1.594191572540033,0.00031468679364914684,2.3696851176879674e-09,True,2.2159818460196457e-17
335.66368223505003,1.0872971758805856,2.6515024998549395,0.20382810828930342,333.07695179566656,1.0869284024182166,0.0003687683207330752,5.141635834162859e-09,True,2.356334001095389e-17
316.71922224020676,1.345167317101824,4.702365203861115,1.1296341299338737,314.4201895915745,1.34496630839398,0.000201007598730977,1.1091128288474375e-09,True,2.1343314329221773e-17
359.4769425523572,1.9000571432729276,1.7605046017231103,1.5392503769989114,369.0053731727789,1.895859060243664,0.004197627635385903,4.5539387796471683e-07,True,1.5691277448715525e-16
331.1675239927715,1.3609503747595038,7.659690170633618,1.8786456725201324,325.264165805357,1.360191760705293,0.000758597405296558,1.6648914279142303e-08,True,1.7695417222085718e-18
337.2343994717826,1.0205922986680855,1.8226131934904979,0.332834099993693,335.3626967424575,1.020313060974745,0.00027923451395454337,3.179385921359274e-09,True,1.7242117589042575e-17
343.2953361298541,1.6381053397537197,0.544739773125102,0.15203261738426638,343.0564161192398,1.6378793552401743,0.0002259831631136197,1.3504318855695075e-09,True,3.5014614012935643e-17
304.6394365145044,1.5267319014063128,7.203262628994765,1.8827638511692524,303.912782673191,1.526583963155687,0.0001479377551996662,4.954260717794038e-10,True,4.002221702565221e-18
302.6196811512207,1.5508047909474492,4.16116655399192,0.8596439778601777,302.4406446088913,1.5507281959631347,7.65948548289727e-05,1.2948550141104131e-10,True,1.8115312524029315e-17
305.469623002099,1.4837920116360566,4.231324408557268,0.6853015832120979,304.8780492345988,1.483700384295839,9.162714344529175e-05,1.9677231371517407e-10,True,7.282363524894366e-18
310.7022874676026,1.0642793145231693,7.301282578442885,0.7467976314024721,308.4912866796392,1.0641261930390769,0.00015312069999166947,7.841006646302993e-10,True,1.3728471233862918e-16
310.4428037143736,1.9418776384444347,1.1843217577541791,0.4003516008400128,310.0951509515669,1.9418259669845475,5.167141046019889e-05,4.942704587757273e-11,True,2.154174260910631e-17
311.1683121412251,1.8611507827015434,6.276836187575266,0.8349704027176269,309.42298030830653,1.8609023268727176,0.00024845464137124794,1.1874544264788902e-09,True,2.4053082498873162e-17
304.64027879904256,1.060627751328834,7.081924665029268,1.8910796748711818,303.8000534299373,1.0605276688070817,0.00010008219560458245,3.2614762331881917e-10,True,1.5864248477352596e-17
325.07190480683886,1.0687780158447433,7.190347700968864,1.372739803107266,320.0162626922062,1.0684008703958499,0.00037714036655687734,5.082336495004576e-09,True,1.0388272742562967e-17
344.3620303272851,1.9192832565185591,5.104810441974643,1.7785296527994214,343.6087910343734,1.916712534730328,0.0025705720434781136,1.497447528328352e-07,True,3.9865886587788806e-17
323.5845811663572,1.9169590771706284,6.998555822999609,0.3353177034329388,319.73706958816086,1.9163145587071106,0.0006445102017791519,8.261738722271091e-09,True,1.6650643337530907e-17
340.91881007256353,1.3249090845400657,2.9247360870527026,1.4382428013345405,338.4798082488212,1.3241882752019134,0.0007207927427886635,1.6595363575065574e-08,True,3.3766431806403034e-17
328.1300232681235,1.457134334530555,6.320525401098625,0.7826752042845435,323.6060240227876,1.4565416854372444,0.0005926396938096538,9.399501018135417e-09,True,1.6170667401274042e-17
329.68315713577476,0.8859801727516902,0.913930317096916,0.30879950351273566,328.7850799478022,0.8859039126928682,7.62597953350656e-05,2.6348690728284463e-10,True,5.012988819315158e-17
339.2527356121939,1.1021216718486708,6.161026885239525,1.6104243143991404,333.27168358939286,1.1012415177196537,0.0008801251910663413,2.8937950721374688e-08,True,1.9003898733272686e-17
327.9144719034182,1.3113389027631603,0.9821659396574927,0.13199092036259297,327.1128708173337,1.3112314866030117,0.00010741581024358231,3.49905222344741e-10,True,1.6896894859101174e-16
316.8284711311784,1.6771553985979497,5.350741180887017,1.7774197768425763,314.41409164616533,1.6768703682476391,0.0002850285616674777,1.7886430256203804e-09,True,1.99728722435479e-17
353.33591837169274,1.11361557228283,1.720700880537464,0.8478145541448368,352.495635753185,1.112722810070665,0.0008927296992440933,3.2512920911825385e-08,True,3.7878110469840945e-17
303.9630226563788,1.6973824520840473,1.9488963234691679,0.22537685954109055,303.7912462468026,1.6973384049054456,4.404713913173434e-05,3.9469679265963385e-11,True,1.1302290434348358e-16
354.43693219149765,1.1422272122734514,4.821360063552431,1.4983733468716,352.19073265900585,1.1397137653767613,0.002513195681466649,2.512152233920497e-07,True,9.215982400819733e-18
321.13115829979927,1.512562736319774,3.322918703689809,0.38670433244791813,319.12594642807454,1.5123322785950382,0.00023045639108654705,1.3336491994026046e-09,True,2.992668794058568e-17
327.713549493697,1.2920392182145086,3.3029848728203657,0.6486057956512924,325.11889739153577,1.2917318745483097,0.0003073407910050653,2.875193834706956e-09,True,1.1384448894639738e-17
304.95331682138294,1.7467123828160662,5.375839039318943,0.9446890555614587,304.3750327923183,1.7465810320549922,0.00013135041868439173,3.423895682819054e-10,True,2.300314282857259e-17
339.5501029789482,1.569694574494477,2.97166672826047,1.7410512110078902,337.4812332841711,1.568884185631587,0.0008103712508723611,1.7612017616209757e-08,True,3.7232597151938653e-17
311.95774696735674,0.9523163179408937,4.378943096587442,1.3478961469319641,310.2930289470069,0.9522211127904393,9.520480785032276e-05,3.4260409757901714e-10,True,1.4474197843692272e-17
308.54197917703857,1.3325317108392931,3.2514581768880424,0.39497202237364,307.71221151835846,1.3324516339560692,8.007671280691595e-05,1.7041715156089208e-10,True,6.201895482197514e-17
309.3630233412042,0.8055489759875479,5.731843874795069,1.4195541665677478,307.70370888830234,0.8054637027096236,8.527295825101408e-05,3.1967319139027894e-10,True,1.5344921774800495e-17
352.4961958273191,1.5907595431248855,4.693403986745203,0.2733444660980967,356.70382306252594,1.586249918888407,0.004509030518158113,5.937183204053529e-07,True,3.683784481757564e-17
314.2981632913146,1.7971985030286604,2.757302096059046,1.8417102218737982,313.18963814832443,1.7970556783256797,0.00014282428703163324,4.159487539187094e-10,True,9.899743326561115e-17
354.4753821410974,1.4428889791462725,1.5253562284173205,0.29235585853848506,355.0126439125439,1.4416889852020256,0.0011999480550555937,4.588919144899709e-08,True,1.2178911329537097e-16
319.87325960258534,1.5379413703498126,7.521783268241045,1.4271945171278122,316.00354816234136,1.5375250395839999,0.00041632656365436164,4.202158214735025e-09,True,1.9368883858155587e-17
306.42426270198126,1.6622618081287943,1.2062610880031395,1.1006119681814426,306.207761245575,1.662229096919915,3.271118630134201e-05,2.2577878148905164e-11,True,1.3091840449572849e-16
311.143554867017,0.985079516363871,6.141976948330741,0.6772640053070588,309.1041029777161,0.9849541477524898,0.00012536804130489754,5.7007642842068e-10,True,1.5965236988492073e-17
336.75359704910704,0.8885315727603277,5.975805397398306,0.7126658808603603,330.6458429491099,0.8879602198608709,0.0005713379911795923,1.4908277209185658e-08,True,7.684382522880125e-18
315.4954310510903,1.4767434170316185,2.9462824596377137,1.1761178958011376,314.12599976346445,1.4766083301062523,0.00013508646991521823,4.554510230402736e-10,True,1.2711127937854974e-17
334.1045326648645,1.3649160666224192,7.297719896802911,1.474168940634773,328.1573152373885,1.3640201866789905,0.0008958564091633563,2.353426545185288e-08,True,2.0740355769011297e-17
330.42544297347604,1.5843693955004678,7.956487204226958,0.42920427845960357,324.8065152746514,1.583482574518218,0.0008868014895723729,1.9492677712467358e-08,True,2.6440852005675073e-17
332.948196098571,1.5319274224856678,1.4510426381763728,1.3224727076698772,331.8212371451178,1.5316672063958805,0.00026021428543076825,1.8043566355712844e-09,True,5.881475463723232e-17
302.07322146310315,1.3884663971978797,6.7839451671033295,0.5287071926298581,301.88414273545,1.3883598017867933,0.00010659513199982197,2.790864769163551e-10,True,1.1128899989804943e-17
328.8087425427793,1.2141748012880593,2.5619671962155417,0.9947103553139532,326.665106120317,1.21392376148669,0.00025103774222049336,2.0591486885457863e-09,True,5.3098839445369174e-17
327.2933075278211,0.9113379918821616,3.8071357560025856,1.7627538248634882,324.04511370370176,0.9111072604559771,0.0002307291428333958,2.283351097116034e-09,True,1.2099567882614354e-17
339.34455913417094,0.8362330994266063,2.4692466203728394,0.8966979286773683,336.5303876602197,0.8358970576918076,0.00033603607941363903,5.655385085707953e-09,True,2.4235908473305507e-17
324.1855758345445,0.8365378368801663,7.558244768719999,0.41017215052295647,318.859883863283,0.8362538452577791,0.0002839879656543702,3.656732800550976e-09,True,6.017322062886829e-18
358.2308740954738,1.705332191540621,2.2688962301126003,0.7853852362492222,366.3318205149561,1.7011729193473357,0.004158779918644588,4.922746405348962e-07,True,6.581025481384952e-17
317.83050352726076,0.9296893345490649,5.417486849691791,1.8991097878787366,314.8446968235627,0.9295238316296807,0.00016550182862782366,1.0907562877505796e-09,True,2.2013875684475876e-17
316.9340712474967,1.5488218421974995,4.2762323844675825,1.4758631712780013,314.88182998804484,1.548603558864386,0.00021828219397575764,1.139137792244872e-09,True,2.3435889862617835e-17
338.8119137576877,1.596619271086627,6.205330424024715,1.171274481687308,334.2569861521847,1.5952431823143576,0.0013760396806000504,4.909166942431172e-08,True,7.166406547960888e-17
309.22807901638885,1.0309375450346234,2.539493236566385,0.24776491678271473,308.45654337034284,1.0308860978199155,5.144712335730458e-05,9.135069125661563e-11,True,1.940913055377734e-17
308.4760007289416,0.8562947957413642,7.861733011155046,1.0504501055792814,306.57970884452516,0.8561815293011259,0.00011326591343258861,5.268058259465839e-10,True,8.729330038014556e-18
315.66535832206256,1.7345877258257103,3.9129506267546628,0.8268715966392316,313.9752902831777,1.7343795003910827,0.00020822451416919373,9.204585277151e-10,True,3.0285219808262266e-17
303.832203338081,0.8704874250850051,1.9969843930699958,1.7273229012475289,303.5941411705763,0.8704646620372103,2.2763027266882415e-05,2.0528033072621942e-11,True,5.766372060223109e-17
311.85763516539225,1.4486292822057636,6.686199085575582,1.7054980530673545,309.71967090603835,1.4484182397967549,0.00021104130621055455,1.1027981508387833e-09,True,1.1733876986822506e-17
309.4707477447654,1.708139331782816,5.618464779413138,0.7896646699728709,308.0993580136034,1.7079562111957411,0.00018311989010488903,6.969696614059825e-10,True,4.738238860962094e-17
328.6580932062818,1.312259457501618,4.11789328569271,0.4361846585654412,325.4205090988214,1.3118615448003246,0.000397907947700187,4.7535932346925175e-09,True,4.663789039365057e-18
347.8938077426059,1.1845124431659033,3.541056523519121,1.0835107755318063,345.1169219132898,1.183296463687435,0.0012159247913836322,5.4687084674747073e-08,True,1.7444382856178075e-17
326.6981071217542,1.0697808477031039,2.4385186558778216,0.6822500154288818,324.67056620830385,1.069599099044012,0.00018174744792414193,1.211167524965404e-09,True,6.245772969174767e-17
318.6790609350502,1.701179158185725,5.126365954864498,0.9179498920368615,316.1310322739172,1.7008621232166727,0.0003170327646163467,2.2044359262568623e-09,True,1.3588971939320422e-17
337.64599648428396,1.4811276120601113,1.1578550696474856,1.4667548444231198,336.7627589151899,1.4808439499997526,0.0002836597828446727,2.2775142272211673e-09,True,1.0227521212477235e-16
324.74071264196056,1.4807527361462296,3.7154088632534115,0.7988595802003905,322.2072893181162,1.4804338989528691,0.00031883453825986684,2.6551005228112042e-09,True,2.5966061038029146e-17
355.28354648947715,0.8112764635435201,2.9915967249614877,1.5861363269806315,352.2987370367625,0.8101602843719001,0.0011161094379014984,6.973371857638806e-08,True,2.798723096848679e-17
354.9284130686798,0.8898302083474275,6.982517220759865,1.7261612044332055,347.69268501735587,0.8877027389533764,0.002127243364733265,2.260293178865884e-07,True,1.41917226632905e-16
343.95173711955624,1.1184388555850648,6.794277479302259,1.8257007572576165,337.3217645337419,1.1171339031312453,0.0013048883742692579,6.407955041906065e-08,True,3.315946638867002e-17
305.1738000050066,1.0216962753291594,6.025350364975744,1.1042256107580455,304.32136195159376,1.0216105522209527,8.572285897521877e-05,2.4923157361923927e-10,True,8.669668021275792e-18
328.1675657463785,1.669373085237762,7.993328005536216,1.8949138133587675,322.92451165480645,1.6685571665564978,0.0008159031902290007,1.549103510516366e-08,True,9.665182018275472e-18
311.7608106505947,0.9358613883166294,6.83175058269566,0.9095722035642159,309.3914780103537,0.9357257607072501,0.0001356269058151817,7.035640731285478e-10,True,2.5325603472744625e-18
337.58129250126814,1.054372683419332,7.518524636018299,0.4596595262311383,330.40234963957175,1.0535345211680187,0.0008381352469014319,2.7004411990793338e-08,True,6.611562681409952e-18
322.91976272943117,1.2415109007408267,3.829057319922877,1.4686205686594056,320.31166853801375,1.2412722467595043,0.00023865222661132766,1.754710933642741e-09,True,3.3846449384831884e-17
300.0731680941049,1.8157404002967403,5.539434006206873,0.3223334360913211,300.3430678515841,1.8156407361069007,9.966400517948302e-05,1.846601767834161e-10,True,5.155927836557711e-18
328.51996857898365,1.05546179519522,3.839095843002015,0.29443340732369877,325.25850692196417,1.0551669608559593,0.0002948310975817551,3.241679082841337e-09,True,8.068189262227236e-18
322.09910438574957,1.685387973975946,2.0335554667143407,0.33619547124226645,320.85199490994097,1.6852086779618611,0.00017929528227664522,7.318084654032016e-10,True,7.918498375785575e-17
321.0872253079972,1.7519967442025104,4.270920355816477,0.9844904478391953,318.7165364150714,1.7516642917918435,0.00033245002031175356,2.390355276081397e-09,True,2.470789742245907e-17
300.00454262077307,1.8891246538455457,5.143209485870058,0.19324342803310213,300.28082217315415,1.8890288962534612,9.575742830780591e-05,1.6377685004921728e-10,True,1.5236905499529e-17
341.68695418229345,1.021129620925165,7.603327064996669,0.8665709640343827,333.96532307957006,1.0200732452981833,0.0010563304557743563,4.5171207330243956e-08,True,1.819691464404885e-18
349.15021179477526,0.9950638537268051,5.859583612876779,0.8421615256586781,343.1926685664401,0.9935758470324112,0.0014879101154061738,9.657898783720316e-08,True,4.441461233862135e-17
308.00472343275095,0.9338362397101816,1.333243216895017,1.245518940638751,307.63367804753614,0.933813376871172,2.28628191973194e-05,1.9812283156302078e-11,True,6.175946522874399e-17
340.52651659551753,1.3869305846305269,7.380972979489185,0.9817630257138361,334.3458223328972,1.3855001308892965,0.001430392634729566,6.110650089987795e-08,True,3.409584937399229e-17
334.7013352248823,1.1140008021849108,3.0962845102185352,1.2799791690070625,331.7599263944261,1.1135988557562626,0.0004019405092544661,5.919393715043709e-09,True,1.1841988604174866e-17
344.587124193235,1.1971050940735997,1.9423822763906142,1.5297553190477367,342.9580367433106,1.1965202725841655,0.0005848091157554971,1.237367859748359e-08,True,4.0753610864503e-17
319.4442559000521,1.1234699461349242,7.338038903197018,0.25432437890672405,315.42242077330707,1.1231864602123978,0.00028348326482456767,2.657701948781653e-09,True,8.023529645826346e-18
318.91506838943843,1.801164059982763,3.0046830664842594,0.5536131662384577,317.366220210849,1.800947424420031,0.00021663458340590567,9.793260058828113e-10,True,3.347922366436646e-17
340.9483953157725,0.879823515552181,3.741832651218586,0.22689027690951652,336.7697567074012,0.8792789398109381,0.0005445616039542996,1.4137288715625848e-08,True,3.428929576823435e-17
342.66949704617315,1.0304307562105457,4.935912587594307,0.17023973806225634,337.5875143671911,1.0295409795516974,0.0008897442869077036,3.237194062281313e-08,True,1.7216536072596168e-17
308.9217304861797,1.3660570146657276,1.4209118219430477,0.43120239718877496,308.52001059892024,1.3660186711154625,3.834351195602968e-05,3.8309044434112546e-11,True,3.191171885373503e-17
324.57094147853365,1.491807130061693,4.4855769483978944,0.5982664579584669,321.5835028779566,1.4914371690326358,0.0003699574934327914,3.535624534561224e-09,True,1.203502021694608e-17
320.45647950602597,1.6443767289731308,4.199684534309284,1.7528365632792557,318.1166046647525,1.6440837699448814,0.00029295705764763297,1.9706020923314307e-09,True,6.820321492971225e-17
310.9326453175712,1.8240430335951299,1.0944022819195007,1.5389422609372985,310.5837721566179,1.8239963678989413,4.6665653138890616e-05,4.3049699235553325e-11,True,2.708011265990624e-17
345.27553970920945,1.8437817032725177,4.015957283259263,1.790354117104267,344.73296992492254,1.8416888077346958,0.0020927916511615514,1.0388666022431696e-07,True,3.245338206175612e-17
312.28096286697564,1.7700018487929383,3.632906510025486,1.0127765575058214,311.0516002910006,1.7698457395078504,0.0001561087871393025,4.979485309987243e-10,True,2.921927905718497e-17
331.512678944465,0.8105680865975352,2.7541213189526275,1.9786901686999872,328.7397579726798,0.8103585624995612,0.00020952192412390511,2.173850120016612e-09,True,3.4557849111752333e-18
339.3165633772182,1.3519133313142824,7.922403264822824,0.2355041892123303,332.54603403280703,1.3505945471873182,0.0013187313624283253,5.2764535912358686e-08,True,8.318699410543535e-18
311.7062292348242,1.8551986550855073,4.108723035590014,1.1898550315499816,310.42759602388304,1.8550227198270288,0.00017593465740042372,6.010781835904663e-10,True,3.6719829861016663e-17
348.4841523843636,1.6247844437016004,1.9923785857779548,1.7012468640858283,348.31563884675415,1.623628577527104,0.0011558295804873888,3.6594008929855444e-08,True,4.380165659816239e-17
304.3681672229084,1.073267563990801,3.9210193327771066,0.16573290896141551,303.8910101042525,1.073211055434493,5.6508453501539397e-05,1.0280659457881948e-10,True,3.255332219453861e-17
312.2337123071553,1.743440831437438,5.310055813333743,1.0444301092418085,310.5169418042534,1.7432256045101204,0.0002152259695598333,9.577577730819608e-10,True,1.8058856468083778e-17
313.0040819029361,1.437195372514136,3.481283716876492,1.4682002884807104,311.65427984296474,1.4370678564684223,0.00012751563500056854,4.1071310231610094e-10,True,1.0953216788180558e-17
335.16802276592546,1.0720807320121168,3.6799173942441237,0.34694354772771535,331.61510703151146,1.0716257331907955,0.00045499094538623697,7.87593524458822e-09,True,2.983734992509726e-17
317.9731477923768,1.2474976804136577,7.304041950275484,0.7565812856051186,314.34077757340526,1.2472099658622227,0.0002877121022009235,2.449234210122303e-09,True,1.2436121697709522e-17
315.2379758774512,1.3974306871565338,5.783857271570981,1.9699177776663113,312.75847858135535,1.3972056315257284,0.0002250543059662263,1.3248392874022011e-09,True,1.8017778512439774e-17
321.35442986884624,1.6537140991353003,1.7859553903933727,1.9045716591871733,320.27101369182833,1.6535662712368946,0.00014782739313460154,5.05271337579627e-10,True,1.196099161851646e-16
315.6918985355504,1.0113573155892082,7.357766029648293,1.7400966364933843,312.36283731563947,1.0111565793415518,0.00020073479481363883,1.4528428068490226e-09,True,9.936753642924982e-18
353.56159953215,1.4066924099909888,6.257536447038669,1.5730693465549437,356.51997883980266,1.401440101032372,0.005251398203470898,9.107551459495762e-07,True,2.2454907132333756e-17
325.6841038438792,1.2281329685596165,3.04754183006657,0.9441129839017698,323.36094011980776,1.2278964416595537,0.00023652512659327093,1.773469470254111e-09,True,2.6416168868182687e-17
331.64516921390475,1.8489204754848045,5.920669777733882,0.23216154787078996,327.7422177893053,1.8479650389764124,0.0009554167965988871,1.9711793237069287e-08,True,1.0715799547066775e-17
338.03618488217757,1.827060379412119,6.119019365010436,0.941313800120913,334.23900056042095,1.8255095145217786,0.0015508104069891723,5.4483351204875606e-08,True,1.2100948706637185e-16
355.63720103027026,1.0081458178963072,2.8852823517909063,0.8932819366637967,354.00501074278225,1.006657200594984,0.0014885166541549694,1.0064716821975546e-07,True,3.9293274145971605e-17
304.2420874714284,0.9800003787927453,0.5291019944174412,1.3365298616986738,304.16938856588655,0.9799932499637038,7.128827246401699e-06,1.795057109839964e-12,True,1.0801775255380324e-16
339.76920082734796,1.4022180112797167,2.5344003323032687,0.08234015551260265,337.75341716107374,1.4015889309459608,0.00062906843697343,1.1896782605358543e-08,True,6.93919768030898e-17
326.2363005542648,0.8461474065974005,1.587144867258392,1.058519598794619,324.82182202650074,0.8460527811520745,9.462502991609275e-05,4.154098772119846e-10,True,3.517226939830202e-17
346.56953333521454,1.9558247062091245,2.3403626762163148,0.647061939916134,347.023317570349,1.9543214724943883,0.0015031826236503963,5.1091085745451874e-08,True,5.326089148766737e-17
310.04487352758383,0.9007487237200981,1.750585213014742,1.3882149631878873,309.4304714884932,0.9007151637779205,3.355989741445484e-05,4.47629824761351e-11,True,7.855281627747073e-17
327.8102204774085,1.3019288068842703,4.975615537589169,1.096990142977667,324.0265007066873,1.3014986493582397,0.00043015197092369857,5.555106910466802e-09,True,1.573357521340002e-17
341.6349358316302,1.7547563110602638,7.415698483857591,1.6325577009899925,337.26737091223,1.7525302329912427,0.0022259592396376192,1.1882938334704438e-07,True,1.636444227627352e-17
343.849634399736,0.8538671025770532,2.7830632468529446,1.0118527856232788,340.642362040525,0.8533552794756988,0.0005118099701931844,1.3131161243908278e-08,True,9.337453145284155e-18
340.4211833099991,1.907471464010044,3.0022403709467733,0.43919380159867033,339.16346416506326,1.90635549165244,0.001115944627386085,2.773021812890783e-08,True,3.201584026953273e-17
336.1585211814187,1.4962125045076031,4.904374371948191,0.06632407007111084,332.2762879966218,1.4953257112332756,0.000886771756525168,2.1517802199622922e-08,True,2.826575265358426e-17
305.5296574275956,1.0655066526205084,7.171371824175237,0.9696226037231087,304.4840191339109,1.0653987815687824,0.00010787067289232001,3.788335716108696e-10,True,6.5506320735539025e-18
336.2364254124815,1.2086797374119467,1.4672292463380776,1.713877379101008,334.8772321489007,1.208422351035465,0.00025738410163008725,2.2748515355113264e-09,True,2.7167600516406366e-17
303.5012390625401,0.990133278946121,3.1351972433413566,1.290683049488046,303.19566706652284,0.9900939830280143,3.929586446224436e-05,5.364450857382782e-11,True,2.0641024194076534e-17
320.842859733284,1.7130550908772584,4.239639512547194,1.8233269403849972,318.4866404464183,1.7127380705755266,0.0003170180817665713,2.2199648823056316e-09,True,7.037059859533051e-17
334.35880699736276,1.4462380588644261,3.502951713328721,0.9836488297984598,331.51510324288694,1.445657909098931,0.0005801402790770212,9.486418102945328e-09,True,6.4307366089250755e-18
